category_norm,category_title,occurrence_count,first_date,last_date,distinct_member_sets,fill_blank_occurrences,mean_expert_difficulty,mean_user_difficulty_calibrated,mean_failure_rate,mean_average_mistakes,merged_unique_items
ANAGRAMS,ANAGRAMS,5,2025-03-25,2026-05-26,5,0,1.9,2.0668753530313397,0.18081719999999998,1.3130028,20
FISH,FISH,5,2024-06-15,2025-12-24,5,0,2.56,2.8131452235427914,0.33858299999999997,2.0138624,10
HOMOPHONES,HOMOPHONES,4,2024-06-29,2026-05-18,4,0,2.875,2.6217743832766685,0.2981435,1.834119,16
THINGS THAT ARE RED,THINGS THAT ARE RED,4,2024-08-10,2026-01-09,4,0,3.425,2.922162804652832,0.36448424999999995,2.113392,14
STEAL,STEAL,4,2024-11-30,2026-03-11,4,0,2.825,2.278364594042634,0.20007725,1.537073,6
INDICATION,INDICATION,3,2025-02-05,2025-08-18,3,0,2.6999999999999997,2.598834318163328,0.2727986666666667,1.83307,11
TREES,TREES,3,2024-06-30,2025-08-04,3,0,3.0666666666666664,3.0867079372464716,0.407085,2.2601096666666667,11
BLACK-AND-WHITE THINGS,BLACK-AND-WHITE THINGS,3,2025-03-25,2025-09-22,3,0,2.4,1.8896312170202767,0.14261566666666667,1.147275,9
CAPTIVATE,CAPTIVATE,3,2025-03-23,2025-10-14,3,0,2.6,3.626043914407545,0.5217083333333333,2.7660226666666667,9
IMITATION,IMITATION,3,2025-12-10,2026-03-30,3,0,1.7999999999999998,2.6329439089909723,0.281032,1.8640816666666666,9
MAGAZINES,MAGAZINES,3,2024-07-05,2026-03-25,3,0,3.266666666666667,3.139618000980033,0.41370766666666664,2.3143629999999997,9
CRAM,CRAM,3,2024-08-07,2025-09-17,3,0,2.766666666666667,2.294991408031645,0.22783166666666665,1.5284486666666668,8
EAT VORACIOUSLY,EAT VORACIOUSLY,3,2024-11-28,2026-02-23,3,0,2.6,2.496369669364109,0.27858166666666667,1.7093956666666665,8
GLOBAL CURRENCIES,GLOBAL CURRENCIES,3,2024-09-03,2025-09-13,3,0,2.966666666666667,3.157071299321476,0.408464,2.339687666666667,8
OPPORTUNITY,OPPORTUNITY,3,2024-10-18,2026-04-02,3,0,2.6333333333333333,2.1957759125099727,0.19512333333333332,1.447004,8
PUNCH,PUNCH,3,2024-12-08,2026-03-10,3,0,2.8666666666666667,2.757111105451454,0.2972066666666667,1.9907683333333335,8
FISHING GEAR,FISHING GEAR,3,2024-06-20,2026-05-07,3,0,2.1666666666666665,3.321873626370946,0.4600676666666667,2.477698333333333,7
STEER,STEER,3,2024-12-04,2025-11-19,2,0,2.8666666666666667,3.091217350600464,0.4172633333333333,2.255119666666667,6
TOLERATE,TOLERATE,3,2024-08-03,2025-11-30,3,0,2.6999999999999997,2.4290210811639295,0.2701276666666667,1.6403613333333336,5
ANIMAL HOMOPHONES,ANIMAL HOMOPHONES,2,2024-06-24,2024-12-13,2,0,2.25,3.0286011114160747,0.36164399999999997,2.2386955,8
BASKETBALL SHOTS,BASKETBALL SHOTS,2,2024-06-15,2025-11-17,2,0,2.75,2.908502237282829,0.33696550000000003,2.1251935,8
DOOFUS,DOOFUS,2,2024-09-15,2025-11-12,2,0,2.8499999999999996,2.434534501712156,0.235345,1.6814875,8
FLOWERS,FLOWERS,2,2024-08-14,2026-06-15,2,0,2.2,1.7805925012038961,0.119085,1.0453505,8
FOREMOST,FOREMOST,2,2024-09-16,2025-07-28,2,0,2.6,3.021068667310895,0.3596625,2.2320105000000003,8
HETERONYMS,HETERONYMS,2,2025-08-31,2026-03-24,2,0,3.15,3.1686225244957145,0.4186375,2.3428044999999997,8
KINDS OF BEDS,KINDS OF BEDS,2,2024-12-21,2025-10-08,2,0,3.25,3.0090961965846676,0.32474899999999995,2.253149,8
KINDS OF CARDS,KINDS OF CARDS,2,2024-08-27,2025-12-22,2,0,2.7,2.486915256213611,0.238062,1.7390375,8
KINDS OF PARTIES,KINDS OF PARTIES,2,2024-09-19,2026-01-31,2,0,3.05,2.625076264676954,0.30203,1.8340315,8
MOVIES,MOVIES,2,2024-10-10,2026-04-01,2,0,2.7,2.9802623151804863,0.35835300000000003,2.18637,8
MUSIC GENRES,MUSIC GENRES,2,2024-08-19,2025-08-30,2,0,2.75,3.2209998024176483,0.44025600000000004,2.381449,8
MUSICAL INSTRUMENTS,MUSICAL INSTRUMENTS,2,2024-07-22,2025-03-22,2,0,3.0,3.190284656920043,0.384748,2.4016175,8
NAME HOMOPHONES,NAME HOMOPHONES,2,2024-09-17,2026-02-28,2,0,2.8,3.2536148986236038,0.432483,2.4267475,8
PALINDROMES,PALINDROMES,2,2024-12-22,2026-03-08,2,0,3.15,3.486629599026799,0.498266,2.629061,8
PLAYING CARDS,PLAYING CARDS,2,2025-05-25,2025-10-21,2,0,2.15,2.367164040032488,0.226504,1.6128149999999999,8
RED ___,RED ___,2,2024-06-24,2025-02-07,2,2,3.5,3.1492723174530024,0.39094,2.3482385,8
RHYMING COMPOUND WORDS,RHYMING COMPOUND WORDS,2,2025-08-14,2026-06-24,2,0,2.15,2.2352739118805593,0.19178800000000001,1.495784,8
SPANISH WORDS,SPANISH WORDS,2,2025-04-10,2025-11-12,2,0,2.65,2.3544923422500537,0.2276115,1.597128,8
THINGS THAT ARE YELLOW,THINGS THAT ARE YELLOW,2,2024-11-13,2026-05-31,2,0,2.6,2.778983136364377,0.3290105,1.9841294999999999,8
U.S. STATE ABBREVIATIONS,U.S. STATE ABBREVIATIONS,2,2024-08-16,2026-03-10,2,0,3.0999999999999996,2.210571076092477,0.18179099999999998,1.477359,8
___ TABLE,___ TABLE,2,2024-07-19,2026-06-06,2,2,2.75,2.417429730467716,0.25355249999999996,1.6436,8
___STONE,___STONE,2,2024-12-05,2025-07-01,2,2,3.2,2.714254005975962,0.3078865,1.930779,8
CAR RENTAL COMPANIES,CAR RENTAL COMPANIES,2,2024-08-24,2026-03-30,2,0,1.85,2.8895435800086946,0.3497035,2.0906425,7
CLAIRVOYANT,CLAIRVOYANT,2,2024-09-21,2026-05-02,2,0,1.75,1.6945215182795454,0.1038165,0.9615895000000001,7
CLASSIC BOARD GAMES,CLASSIC BOARD GAMES,2,2025-12-05,2026-05-27,2,0,2.0,2.524009055987788,0.2647375,1.7550405,7
CONNECT,CONNECT,2,2024-06-29,2025-05-28,2,0,3.15,2.6619858057365064,0.293325,1.885203,7
CRITICIZE,CRITICIZE,2,2024-09-05,2025-10-01,2,0,3.3,3.701208432801365,0.527163,2.847049,7
FAST-MOVING WATER,FAST-MOVING WATER,2,2024-10-01,2025-10-01,2,0,3.55,3.512684389676199,0.4928015,2.664503,7
FIGURES IN GREEK MYTH,FIGURES IN GREEK MYTH,2,2024-12-04,2026-06-17,2,0,2.9,3.406192413216598,0.48058,2.5541995,7
FORTITUDE,FORTITUDE,2,2024-07-08,2025-10-29,2,0,2.4,2.1197006751390717,0.1855465,1.369052,7
"HORROR MOVIES, WITH “THE”","HORROR MOVIES, WITH “THE”",2,2024-06-22,2025-04-18,2,0,2.35,2.7454410971435736,0.3190225,1.9555254999999998,7
KINDS OF HATS,KINDS OF HATS,2,2024-11-16,2026-01-16,2,0,2.3,3.1404617958013312,0.396258,2.3327835,7
KINDS OF TRUCKS,KINDS OF TRUCKS,2,2025-03-17,2026-03-24,2,0,2.5,2.4799412376940286,0.24964,1.7194355,7
LANDFORMS,LANDFORMS,2,2025-01-19,2025-04-07,2,0,3.4,3.131393572692649,0.378026,2.340582,7
MAKEUP,MAKEUP,2,2025-11-11,2026-01-29,2,0,2.3,2.3359000295429695,0.196944,1.606404,7
MALE ANIMALS,MALE ANIMALS,2,2025-09-05,2026-04-02,2,0,2.55,3.2963303274836067,0.418191,2.490186,7
MARTINI SPECIFICATIONS,MARTINI SPECIFICATIONS,2,2025-01-15,2025-07-20,2,0,3.25,3.3145854119771325,0.4329805,2.4964,7
MILD OATHS,MILD OATHS,2,2024-12-12,2025-12-02,2,0,2.8,3.3549832660137966,0.45119200000000004,2.5246684999999998,7
MLB PLAYER,MLB PLAYER,2,2025-12-02,2026-05-18,2,0,2.1,2.5354409185984648,0.2789205,1.7540105,7
MOVE QUICKLY,MOVE QUICKLY,2,2024-12-31,2025-09-10,2,0,3.05,2.681814911608268,0.2978055,1.903537,7
PARTS OF A SHIP,PARTS OF A SHIP,2,2024-11-25,2025-11-06,2,0,2.9,2.549250327029221,0.21944049999999998,1.8293789999999999,7
PASTA SHAPES,PASTA SHAPES,2,2024-11-19,2026-01-25,2,0,3.0,2.6368523086602327,0.29299200000000003,1.8566185,7
PERSPECTIVE,PERSPECTIVE,2,2025-06-13,2026-04-12,2,0,2.4,2.7314343928249882,0.3173675,1.941065,7
PILLAR,PILLAR,2,2025-05-02,2026-06-06,2,0,3.25,3.3755146409488455,0.44561649999999997,2.5538665,7
PREDICAMENT,PREDICAMENT,2,2024-06-17,2025-08-25,2,0,3.35,2.998833768410444,0.367186,2.1989045000000003,7
REMOTE CONTROL BUTTONS,REMOTE CONTROL BUTTONS,2,2024-06-18,2025-10-28,2,0,2.65,2.5142981002401195,0.271972,1.7366329999999999,7
SLANG FOR MONEY,SLANG FOR MONEY,2,2025-03-27,2025-12-24,2,0,3.1,3.619188534164125,0.53253,2.7473134999999997,7
STARTING WITH BIRD HOMOPHONES,STARTING WITH BIRD HOMOPHONES,2,2025-11-09,2026-06-25,2,0,1.65,1.8409559168585297,0.1251795,1.1087075,7
SUPER ___,SUPER ___,2,2024-12-23,2025-07-17,2,2,2.9,2.914521065578954,0.371083,2.098001,7
TECHNIQUE,TECHNIQUE,2,2025-11-16,2026-06-10,2,0,1.6,2.624493068462268,0.257695,1.8776955,7
THINGS THAT ARE PURPLE,THINGS THAT ARE PURPLE,2,2024-09-11,2025-11-07,2,0,2.65,2.0230083072049303,0.175583,1.2677654999999999,7
THINGS WITH SHELLS,THINGS WITH SHELLS,2,2024-11-05,2025-09-09,2,0,3.15,2.930490299037273,0.338125,2.1493325,7
U.S. CABINET DEPARTMENTS,U.S. CABINET DEPARTMENTS,2,2025-12-19,2026-05-02,2,0,1.65,1.8147494604275165,0.1381125,1.0656225,7
UNITS,UNITS,2,2024-10-27,2024-11-29,2,0,3.3,3.151854981464834,0.4066105,2.3355395,7
VEGETABLE UNITS,VEGETABLE UNITS,2,2024-11-12,2025-12-12,2,0,2.65,2.3468664650702413,0.2390335,1.576932,7
WORDS THAT SOUND LIKE PLURAL LETTERS,WORDS THAT SOUND LIKE PLURAL LETTERS,2,2024-12-24,2025-09-22,2,0,2.45,2.712598284978977,0.34410799999999997,1.8926524999999998,7
ZODIAC SYMBOLS,ZODIAC SYMBOLS,2,2024-08-20,2026-04-09,2,0,2.0,2.71419186211702,0.30698000000000003,1.931614,7
___ CONTROL,___ CONTROL,2,2024-09-28,2026-04-03,2,2,3.1,3.0564133130134543,0.379329,2.2530099999999997,7
ANIMAL GROUP NAMES,ANIMAL GROUP NAMES,2,2024-07-17,2026-03-16,2,0,2.35,2.773986857019933,0.3142785,1.9931130000000001,6
APTITUDE,APTITUDE,2,2024-12-05,2025-08-01,2,0,2.95,3.179611123217434,0.42675050000000003,2.3473344999999997,6
ATM OPTIONS,ATM OPTIONS,2,2025-03-31,2025-08-27,2,0,2.1,1.5708087397339838,0.092896,0.8301715,6
BASEBALL CALLS,BASEBALL CALLS,2,2025-07-25,2026-03-02,2,0,1.7999999999999998,2.2301407422174666,0.203494,1.4781719999999998,6
BOWLING RESULTS,BOWLING RESULTS,2,2025-02-17,2025-08-02,2,0,3.05,2.850734522813232,0.3237095,2.0719845,6
BURLESQUE WEAR,BURLESQUE WEAR,2,2024-08-23,2025-04-16,2,0,3.3,2.9043316455746764,0.3519315,2.105429,6
DEAL WITH,DEAL WITH,2,2024-10-17,2024-12-18,2,0,3.3,3.143241755700993,0.3943965,2.3378435,6
EVADE,EVADE,2,2025-03-02,2025-05-11,2,0,2.75,2.9873189024636986,0.392979,2.159863,6
EVALUATE,EVALUATE,2,2025-09-19,2025-11-14,2,0,2.1,3.4954983533854507,0.480892,2.656639,6
FAMILIAL NICKNAMES,FAMILIAL NICKNAMES,2,2024-12-03,2026-03-10,2,0,3.3,3.294396914697364,0.4090725,2.4970800000000004,6
FRUIT DESSERTS,FRUIT DESSERTS,2,2025-10-16,2026-01-22,2,0,2.15,2.5644008260102904,0.266666,1.799585,6
FUNNY PERSON,FUNNY PERSON,2,2025-01-28,2025-11-18,2,0,2.9,2.951341084715835,0.369498,2.1419495,6
GLIDE,GLIDE,2,2025-05-05,2025-10-18,2,0,3.0,2.8689982987555602,0.3299185,2.086789,6
GLIMMER,GLIMMER,2,2025-02-16,2026-05-05,2,0,2.75,3.318945911841632,0.44396199999999997,2.4904355000000002,6
INSULT,INSULT,2,2024-07-19,2025-07-13,2,0,2.7,1.980105577623222,0.1727885,1.221198,6
INTREPIDITY,INTREPIDITY,2,2024-12-17,2025-08-16,2,0,2.7,2.956787146535838,0.35133749999999997,2.166376,6
KINDS OF SHOES,KINDS OF SHOES,2,2024-09-17,2026-02-01,2,0,2.65,3.2190242361047106,0.415819,2.403613,6
KINDS OF UNDERWEAR,KINDS OF UNDERWEAR,2,2024-10-05,2025-09-29,2,0,2.75,2.714206637579985,0.3018285,1.9367825,6
MEANS,MEANS,2,2025-01-15,2025-07-30,2,0,3.5,2.8640984944928305,0.3459485,2.0651215,6
MESS OF HAIR,MESS OF HAIR,2,2024-07-09,2025-03-04,2,0,3.9,3.9047204448149833,0.603021,3.005343,6
MUSIC THEORY CONCEPTS,MUSIC THEORY CONCEPTS,2,2026-03-17,2026-05-20,2,0,2.5,2.376848921433748,0.2185665,1.6318955000000002,6
PUNCTUATION MARKS,PUNCTUATION MARKS,2,2025-11-15,2026-02-07,2,0,2.3,2.4710690067558563,0.23041650000000002,1.728451,6
REPLACEMENT,REPLACEMENT,2,2024-07-07,2025-11-29,2,0,3.25,3.091278625314525,0.37189550000000005,2.300558,6
RUDE THINGS TO DO,RUDE THINGS TO DO,2,2025-01-24,2025-09-11,2,0,2.4,1.7294424558529555,0.1208665,0.984718,6
RUSH OF WIND,RUSH OF WIND,2,2024-08-20,2025-10-04,2,0,2.0,2.1642465231170003,0.216011,1.38984,6
SLANG FOR HEAD,SLANG FOR HEAD,2,2024-12-22,2026-06-08,2,0,3.15,3.487837710410426,0.49773900000000004,2.630978,6
SPORTS,SPORTS,2,2025-08-03,2025-11-12,2,0,2.7,2.1257781707146175,0.1855435,1.3760475,6
SWINDLE,SWINDLE,2,2025-10-25,2026-05-17,2,0,1.9,2.940091307957583,0.32971300000000003,2.168791,6
TEASE,TEASE,2,2025-08-06,2026-04-16,2,0,2.15,2.7776250974888974,0.3207085,1.990869,6
TERMS OF ENDEARMENT,TERMS OF ENDEARMENT,2,2024-10-31,2025-10-30,2,0,3.3,2.944340122704963,0.322652,2.1807404999999997,6
THROW,THROW,2,2024-08-01,2026-01-17,2,0,2.55,2.263807938301034,0.1554575,1.5649445000000002,6
UTILITIES,UTILITIES,2,2025-04-06,2025-10-22,2,0,3.15,2.731994122127906,0.32682,1.9322564999999998,6
WHAT “POP” MIGHT MEAN,WHAT “POP” MIGHT MEAN,2,2024-07-20,2025-06-15,2,0,2.45,2.4955150102318076,0.2708575,1.7161365000000002,6
YEARN,YEARN,2,2024-07-05,2025-07-05,2,0,2.75,2.9466503097968184,0.382482,2.1235685,6
ALCOVE,ALCOVE,2,2025-05-31,2026-06-17,2,0,2.15,2.5528942169399076,0.2783155,1.7746965000000001,5
BITS OF HARDWARE,BITS OF HARDWARE,2,2024-06-20,2026-03-05,2,0,2.75,3.4455420785276116,0.495338,2.5847154999999997,5
BLUNDER,BLUNDER,2,2024-08-14,2025-08-21,2,0,2.45,2.375333132762493,0.2369815,1.6117365000000001,5
BREADTH,BREADTH,2,2024-08-15,2025-11-11,2,0,2.75,2.7978561828678012,0.2760585,2.058796,5
CELLPHONE MODES,CELLPHONE MODES,2,2025-03-02,2026-05-14,2,0,2.35,2.6737953117976767,0.3236255,1.86849,5
DANCE STYLES,DANCE STYLES,2,2024-11-30,2026-06-23,2,0,2.9,2.5193434862703015,0.2492665,1.7651435,5
DOG COMMANDS,DOG COMMANDS,2,2025-01-09,2025-10-02,2,0,2.25,1.9722532882020893,0.1567195,1.2282324999999998,5
DOPPELGÄNGER,DOPPELGÄNGER,2,2025-05-25,2026-01-07,2,0,2.05,2.3755147840424766,0.22273500000000002,1.626192,5
ENDORSE,ENDORSE,2,2025-07-12,2026-06-20,2,0,2.55,2.5886569213298944,0.288958,1.8052009999999998,5
ENORMOUS,ENORMOUS,2,2024-07-13,2025-12-15,2,0,1.75,2.224778118305973,0.20895000000000002,1.466546,5
ENTREATY,ENTREATY,2,2025-09-12,2026-04-28,2,0,2.75,2.539970901714624,0.2569225,1.7812204999999999,5
GYMNASTICS APPARATUS,GYMNASTICS APPARATUS,2,2025-07-15,2026-03-02,2,0,2.3,2.5984839079190847,0.302191,1.8032745000000001,5
KINDS OF BRAS,KINDS OF BRAS,2,2024-11-11,2026-03-31,2,0,2.8,2.8826156261677687,0.3363855,2.0959895,5
KINDS OF FICTION,KINDS OF FICTION,2,2025-08-10,2026-04-23,2,0,2.4,2.9452653274300493,0.37437549999999997,2.1300815,5
KINDS OF GOLF CLUBS,KINDS OF GOLF CLUBS,2,2024-06-22,2026-02-03,2,0,2.25,2.444002531465779,0.2301235,1.6976025,5
MULTITUDE,MULTITUDE,2,2024-06-19,2026-05-07,2,0,2.25,2.5069203639236344,0.259287,1.7408295,5
NONSENSE,NONSENSE,2,2024-08-03,2025-09-08,2,0,3.25,2.8612833342255164,0.3604645,2.0473665,5
PARTS OF A BOOK,PARTS OF A BOOK,2,2024-07-28,2025-10-19,2,0,2.7,2.699193463490004,0.31709149999999997,1.904246,5
PARTS OF A FLIGHT,PARTS OF A FLIGHT,2,2024-12-10,2025-12-30,2,0,3.05,2.021131823408348,0.1652585,1.275931,5
STATUS,STATUS,2,2024-08-25,2026-03-02,2,0,1.9500000000000002,1.893625662032687,0.132421,1.1620655,5
STOCKY,STOCKY,2,2025-06-21,2025-11-19,2,0,2.75,3.618652706345415,0.5428445,2.7363825000000004,5
STREET SUFFIXES,STREET SUFFIXES,2,2024-07-29,2025-10-11,2,0,2.55,2.6174908027340757,0.275552,1.851782,5
TINT,TINT,2,2025-02-01,2025-04-26,2,0,2.8499999999999996,2.2524673359027902,0.213034,1.49432,5
TRANSFER,TRANSFER,2,2024-07-11,2024-09-10,2,0,2.8499999999999996,2.85865938583187,0.3376265,2.0671855,5
UNMOVING,UNMOVING,2,2025-12-28,2026-01-15,2,0,1.1,1.9809686384893668,0.1464835,1.2484959999999998,5
VOCATION,VOCATION,2,2025-01-24,2025-12-27,2,0,2.75,2.6407934461199836,0.2762605,1.8778845,5
WINNINGS,WINNINGS,2,2025-05-01,2025-10-23,2,0,3.25,3.156697422165464,0.393641,2.3540805,5
ARMY RANKS,ARMY RANKS,2,2024-06-26,2026-01-03,1,0,3.05,3.141135817656009,0.4034205,2.3263965,4
ATTENDANCE STATUS,ATTENDANCE STATUS,2,2025-04-13,2026-02-21,1,0,2.65,2.2923749922269607,0.1923535,1.5609165,4
BEDDING,BEDDING,2,2024-09-29,2026-01-21,1,0,3.4,2.5357616330592982,0.277934,1.755366,4
POULTRY CUTS,POULTRY CUTS,2,2024-07-24,2025-08-15,1,0,2.45,2.9961281203980485,0.32301599999999997,2.2399615,4
SOMEBODY,SOMEBODY,2,2024-09-20,2025-02-09,1,0,2.7,2.565495948559477,0.2596395,1.8078715,4
WAYS TO UNLOCK A DEVICE,WAYS TO UNLOCK A DEVICE,2,2024-11-19,2025-11-06,1,0,3.25,2.541106439500745,0.24202,1.7974295,4
"""AW, HECK!""","""AW, HECK!""",1,2025-06-15,2025-06-15,1,0,2.3,3.09211430811694,0.404028,2.269387,4
"""BEST ___ PERFORMANCE"" GRAMMY AWARD","""BEST ___ PERFORMANCE"" GRAMMY AWARD",1,2025-09-06,2025-09-06,1,1,2.3,2.4783693891779937,0.239861,1.727406,4
"""BIG"" THINGS","""BIG"" THINGS",1,2026-03-03,2026-03-03,1,0,2.3,2.0476594288726346,0.191694,1.280017,4
"""ENTHUSIAST"" EQUIVALENT","""ENTHUSIAST"" EQUIVALENT",1,2026-01-01,2026-01-01,1,0,2.5,3.1023988994856118,0.419775,2.265473,4
"""IN YOUR DREAMS""","""IN YOUR DREAMS""",1,2026-05-30,2026-05-30,1,0,2.0,2.8885996886686813,0.339423,2.099837,4
"""LET SLEEPING DOGS LIE""","""LET SLEEPING DOGS LIE""",1,2026-04-04,2026-04-04,1,0,2.0,2.360276936000936,0.239245,1.59215,4
"""LONG"" THINGS","""LONG"" THINGS",1,2026-05-12,2026-05-12,1,0,3.3,3.9957268669421566,0.62178,3.091292,4
"""MY GOODNESS!""","""MY GOODNESS!""",1,2025-12-10,2025-12-10,1,0,1.8,1.7777264959610841,0.09873,1.062408,4
"""NO THANKS""","""NO THANKS""",1,2026-03-13,2026-03-13,1,0,2.0,2.5980219574152015,0.271196,1.833738,4
"""NOTHING TO IT!""","""NOTHING TO IT!""",1,2025-07-27,2025-07-27,1,0,2.8,2.093537241379633,0.15702,1.367476,4
"""RIGHT""","""RIGHT""",1,2025-04-01,2025-04-01,1,0,4.6,4.347280326418446,0.712361,3.405193,4
"""RUBBER BABY BUGGY BUMPER""","""RUBBER BABY BUGGY BUMPER""",1,2025-09-23,2025-09-23,1,0,2.5,2.562108890960921,0.268901,1.794713,4
"""SAINT"" CITIES","""SAINT"" CITIES",1,2026-05-12,2026-05-12,1,0,3.3,3.9957268669421566,0.62178,3.091292,4
"""SCHOOL"" MODIFIERS","""SCHOOL"" MODIFIERS",1,2026-05-17,2026-05-17,1,0,1.5,2.902125321296017,0.306552,2.14827,4
"""THE SIMPSONS"" CHARACTERS","""THE SIMPSONS"" CHARACTERS",1,2026-04-27,2026-04-27,1,0,3.0,3.647664762450059,0.510224,2.802383,4
"""THE ___ MAN"" MOVIES","""THE ___ MAN"" MOVIES",1,2026-06-08,2026-06-08,1,1,2.8,3.4388135934367163,0.483536,2.588776,4
"""VIRGIN"" THINGS","""VIRGIN"" THINGS",1,2026-03-23,2026-03-23,1,0,2.0,2.6590819926914016,0.318585,1.856602,4
"""WHEREFORE ART THOU ROMEO?""","""WHEREFORE ART THOU ROMEO?""",1,2026-03-07,2026-03-07,1,0,1.5,1.4451282171794075,0.072871,0.705594,4
"""YOU BET""","""YOU BET""",1,2025-11-17,2025-11-17,1,0,2.7,3.0165369459049747,0.346476,2.239983,4
"""YOU SHOULD KNOW BETTER!""","""YOU SHOULD KNOW BETTER!""",1,2025-09-10,2025-09-10,1,0,3.3,2.9928266735702027,0.363769,2.19541,4
"""___ DAY"" MOVIES","""___ DAY"" MOVIES",1,2026-05-20,2026-05-20,1,1,,2.3939563001128286,0.215413,1.654732,4
"""___ GIRL"" TITLES","""___ GIRL"" TITLES",1,2026-03-04,2026-03-04,1,1,2.0,2.0533810096196947,0.165819,1.312475,4
"""___ MAN"" SONGS FROM THE '70S","""___ MAN"" SONGS FROM THE '70S",1,2025-12-03,2025-12-03,1,1,1.7,1.4908939099968468,0.069151,0.76197,4
"""___ PLEASE""","""___ PLEASE""",1,2026-02-26,2026-02-26,1,1,2.3,3.4114494360251344,0.450213,2.590615,4
#1 SONGS FROM 1982,#1 SONGS FROM 1982,1,2025-03-09,2025-03-09,1,0,2.8,1.7128717741374646,0.112934,0.973585,4
$1,$1,1,2026-03-07,2026-03-07,1,0,1.5,1.4451282171794075,0.072871,0.705594,4
'70S ROCK BANDS,'70S ROCK BANDS,1,2025-12-26,2025-12-26,1,0,2.7,3.1135065710559338,0.376958,2.32107,4
'80S COMEDIES,'80S COMEDIES,1,2026-05-26,2026-05-26,1,0,1.8,2.2541256643344156,0.231927,1.477335,4
'80S SLANG,'80S SLANG,1,2025-06-10,2025-06-10,1,0,3.0,3.2499275514689026,0.410625,2.444363,4
20TH CENTURY AMERICAN POETS,20TH CENTURY AMERICAN POETS,1,2026-03-21,2026-03-21,1,0,2.3,3.4058799556321273,0.456952,2.577468,4
A HANDFUL OF,A HANDFUL OF,1,2025-01-07,2025-01-07,1,0,3.0,3.7297737484375313,0.529005,2.878073,4
A REAL JERK,A REAL JERK,1,2025-08-26,2025-08-26,1,0,3.3,3.7935550763339716,0.55044,2.930022,4
ABANDON,ABANDON,1,2025-08-11,2025-08-11,1,0,1.8,2.1003426457924363,0.182595,1.349731,4
ABDOMINAL AREA,ABDOMINAL AREA,1,2025-11-29,2025-11-29,1,0,2.3,2.659685179238334,0.248819,1.927062,4
ABILITY TO DO SOMETHING WELL,ABILITY TO DO SOMETHING WELL,1,2024-07-30,2024-07-30,1,0,2.0,2.55556336086733,0.233538,1.822545,4
ABSOLVE,ABSOLVE,1,2024-09-03,2024-09-03,1,0,3.1,2.9806734207088716,0.363165,2.182031,4
ABSORB USING CAPILLARY ACTION,ABSORB USING CAPILLARY ACTION,1,2025-05-14,2025-05-14,1,0,3.3,2.493268270716214,0.256976,1.727433,4
ACCESSIBLE,ACCESSIBLE,1,2025-02-18,2025-02-18,1,0,2.5,1.7264764989489083,0.105464,0.996708,4
ACCESSORIES FOR A MAGICIAN,ACCESSORIES FOR A MAGICIAN,1,2026-04-13,2026-04-13,1,0,2.3,2.4522715758570186,0.269651,1.667589,4
ACCESSORIES FOR MR. MONOPOLY,ACCESSORIES FOR MR. MONOPOLY,1,2026-01-13,2026-01-13,1,0,2.0,1.9686506826732173,0.127886,1.252921,4
ACCESSORIES FOR PLAYING AN INSTRUMENT,ACCESSORIES FOR PLAYING AN INSTRUMENT,1,2025-01-08,2025-01-08,1,0,3.3,2.935824675740156,0.354305,2.13929,4
ACCESSORY WITH A POINTY FASTENER,ACCESSORY WITH A POINTY FASTENER,1,2025-08-06,2025-08-06,1,0,2.3,2.436910309242475,0.253678,1.665888,4
ACCOMMODATION,ACCOMMODATION,1,2025-04-30,2025-04-30,1,0,3.3,3.0048200037735575,0.362604,2.210374,4
ACCOUNT BOOK,ACCOUNT BOOK,1,2025-05-20,2025-05-20,1,0,2.5,2.508705152935345,0.25437,1.7478,4
ACHIEVE VICTORY OVER,ACHIEVE VICTORY OVER,1,2025-11-28,2025-11-28,1,0,2.3,3.7019532899637877,0.511292,2.863777,4
ACRONYMS,ACRONYMS,1,2025-11-12,2025-11-12,1,0,2.8,2.579876819749035,0.275922,1.808135,4
ACT AS A BACKUP,ACT AS A BACKUP,1,2026-01-25,2026-01-25,1,0,2.3,2.5856070919448984,0.27437,1.81628,4
ACT LOVESTRUCK,ACT LOVESTRUCK,1,2026-02-11,2026-02-11,1,0,2.5,2.9219852818110295,0.349113,2.128559,4
ACTION FILM SUBGENRES,ACTION FILM SUBGENRES,1,2025-11-14,2025-11-14,1,0,2.2,3.3173671101665545,0.43138,2.501201,4
ACTIONS IN CARD GAMES,ACTIONS IN CARD GAMES,1,2024-09-29,2024-09-29,1,0,4.5,1.941421242718083,0.145235,1.204243,4
ACTIONS IN FANTASY SPORTS,ACTIONS IN FANTASY SPORTS,1,2024-09-27,2024-09-27,1,0,3.6,3.049613992614814,0.387416,2.2371,4
ACTIVITIES THAT INVOLVE FOLDING,ACTIVITIES THAT INVOLVE FOLDING,1,2024-08-25,2024-08-25,1,0,2.6,1.8969644820903857,0.118369,1.179959,4
ACTORS WHOSE LAST NAMES ARE ALSO VERBS,ACTORS WHOSE LAST NAMES ARE ALSO VERBS,1,2025-08-22,2025-08-22,1,0,3.3,2.858614190298094,0.339337,2.065423,4
ADAPT TO FIT ONE'S NEEDS,ADAPT TO FIT ONE'S NEEDS,1,2025-10-22,2025-10-22,1,0,2.8,3.113204977782467,0.419168,2.278513,4
ADDITIONAL BENEFIT,ADDITIONAL BENEFIT,1,2024-10-11,2024-10-11,1,0,2.4,2.3353237864873257,0.183224,1.619461,4
ADDITIONAL PERK,ADDITIONAL PERK,1,2025-07-21,2025-07-21,1,0,1.5,2.337580955741483,0.246713,1.558569,4
ADHERE,ADHERE,1,2025-11-20,2025-11-20,1,0,3.0,3.1228437945050707,0.386926,2.321845,4
ADJECTIVES FOR A DESERT,ADJECTIVES FOR A DESERT,1,2025-04-19,2025-04-19,1,0,3.0,2.172673751876456,0.202768,1.412779,4
ADJECTIVES FOR A SPORTS CAR,ADJECTIVES FOR A SPORTS CAR,1,2025-07-14,2025-07-14,1,0,3.0,2.7860119110114185,0.331674,1.989553,4
ADJECTIVES FOR ASSETS,ADJECTIVES FOR ASSETS,1,2024-07-02,2024-07-02,1,0,2.7,2.8826947183518765,0.36953,2.062936,4
ADJECTIVES FOR NICE SKIN,ADJECTIVES FOR NICE SKIN,1,2025-03-04,2025-03-04,1,0,4.3,4.095931449337618,0.63019,3.198173,4
ADJECTIVES USED IN GRAMMAR,ADJECTIVES USED IN GRAMMAR,1,2024-08-02,2024-08-02,1,0,3.4,3.511741802053506,0.52248,2.63374,4
ADVOCATE FOR,ADVOCATE FOR,1,2024-07-26,2024-07-26,1,0,2.6,3.0756892081689005,0.415864,2.238653,4
AESTHETIC,AESTHETIC,1,2026-04-08,2026-04-08,1,0,2.0,1.8458848374747503,0.124543,1.115015,4
AFFECT,AFFECT,1,2025-03-27,2025-03-27,1,0,4.2,4.145833402640437,0.655845,3.229933,4
AFFLICTION,AFFLICTION,1,2025-10-20,2025-10-20,1,0,3.3,3.557227630219487,0.52802,2.680534,4
AIRLINE CLASSES,AIRLINE CLASSES,1,2025-12-27,2025-12-27,1,0,2.7,3.0852984739655733,0.348613,2.31696,4
AIRPORT BOARD INFO,AIRPORT BOARD INFO,1,2025-07-03,2025-07-03,1,0,2.8,2.3518262403297125,0.23072,1.590952,4
AIRPORT FEATURES,AIRPORT FEATURES,1,2025-05-27,2025-05-27,1,0,2.3,2.6366745685322095,0.261853,1.887553,4
ALARM CLOCK BUTTONS,ALARM CLOCK BUTTONS,1,2024-08-18,2024-08-18,1,0,3.4,3.101512371707699,0.37471,2.309518,4
ALE STYLES,ALE STYLES,1,2024-07-31,2024-07-31,1,0,3.6,2.1352466350406805,0.212219,1.360266,4
ALERT,ALERT,1,2025-02-20,2025-02-20,1,0,4.0,1.9600244197361716,0.122671,1.248211,4
ALGEBRA TERMS,ALGEBRA TERMS,1,2024-11-09,2024-11-09,1,0,2.0,1.934844423408801,0.148581,1.19333,4
ALL-TIME GREAT,ALL-TIME GREAT,1,2024-08-11,2024-08-11,1,0,2.0,1.7119974143878758,0.117268,0.968245,4
ALLIANCE,ALLIANCE,1,2024-11-17,2024-11-17,1,0,3.3,2.919901941532934,0.334083,2.141192,4
ALOOF,ALOOF,1,2025-04-06,2025-04-06,1,0,3.5,2.3507832664733446,0.234472,1.586,4
ALSO,ALSO,1,2025-03-31,2025-03-31,1,0,2.2,1.8237746608646233,0.145035,1.069084,4
AMASS,AMASS,1,2025-08-10,2025-08-10,1,0,2.5,2.876260438802965,0.334613,2.09045,4
AMAZON ___,AMAZON ___,1,2024-10-18,2024-10-18,1,1,2.8,1.7861328652434123,0.123665,1.047145,4
AMBIENCE,AMBIENCE,1,2024-10-27,2024-10-27,1,0,3.3,3.0376336995846636,0.372638,2.238094,4
AMBLE (IN),AMBLE (IN),1,2026-04-21,2026-04-21,1,0,1.5,2.1829600815348877,0.212867,1.414515,4
AMOUNTS OF HAIR,AMOUNTS OF HAIR,1,2025-04-27,2025-04-27,1,0,3.2,3.1361903832870626,0.424343,2.299784,4
AMUSEMENT PARK RIDES,AMUSEMENT PARK RIDES,1,2024-06-21,2024-06-21,1,0,3.0,2.259244058534543,0.206678,1.508473,4
ANAGRAMS OF FAMOUS PAINTERS,ANAGRAMS OF FAMOUS PAINTERS,1,2024-11-07,2024-11-07,1,0,3.6,2.8871673379059355,0.343733,2.093879,4
ANAGRAMS OF MUSICAL INSTRUMENTS,ANAGRAMS OF MUSICAL INSTRUMENTS,1,2025-07-30,2025-07-30,1,0,3.0,2.3801933909331687,0.249249,1.605061,4
ANCIENT WRITING SURFACES,ANCIENT WRITING SURFACES,1,2024-07-25,2024-07-25,1,0,2.6,3.265985872277452,0.373655,2.499809,4
AND/TOGETHER WITH,AND/TOGETHER WITH,1,2025-04-01,2025-04-01,1,0,4.6,4.347280326418446,0.712361,3.405193,4
ANIMAL HOMES,ANIMAL HOMES,1,2025-11-23,2025-11-23,1,0,3.3,2.9705400605493737,0.349052,2.184485,4
ANIMAL METAPHORS IN ECONOMICS,ANIMAL METAPHORS IN ECONOMICS,1,2025-06-08,2025-06-08,1,0,2.5,2.84863379963753,0.332137,2.06114,4
ANIMALS ENDING WITH ANIMALS,ANIMALS ENDING WITH ANIMALS,1,2025-07-23,2025-07-23,1,0,2.8,2.0681608183093134,0.159662,1.335637,4
ANIMALS IN THE WITCHES' BREW IN “MACBETH”,ANIMALS IN THE WITCHES' BREW IN “MACBETH”,1,2025-04-09,2025-04-09,1,0,2.8,3.0030652002602176,0.353242,2.217717,4
ANIMALS MINUS STARTING LETTER,ANIMALS MINUS STARTING LETTER,1,2025-10-14,2025-10-14,1,0,2.8,3.5244130652635,0.484387,2.686412,4
ANNOUNCE,ANNOUNCE,1,2024-12-02,2024-12-02,1,0,3.0,3.5823450481154753,0.466447,2.771006,4
ANTHEM,ANTHEM,1,2026-02-01,2026-02-01,1,0,2.5,2.751007100957059,0.311032,1.96992,4
ANTI-SPIRIT OF CHRISTMAS,ANTI-SPIRIT OF CHRISTMAS,1,2025-04-10,2025-04-10,1,0,2.5,2.129107864751073,0.179301,1.386121,4
APARTMENT,APARTMENT,1,2026-01-06,2026-01-06,1,0,2.0,4.131570735154601,0.647208,3.22216,4
APPARATUS-BASED EXERCISE CLASSES,APPARATUS-BASED EXERCISE CLASSES,1,2026-03-12,2026-03-12,1,0,2.3,2.4150426240539535,0.213892,1.680514,4
APPARITION,APPARITION,1,2025-09-06,2025-09-06,1,0,2.3,2.4783693891779937,0.239861,1.727406,4
APPENDAGES,APPENDAGES,1,2025-09-27,2025-09-27,1,0,2.8,1.6211761201202082,0.077404,0.903614,4
APPLE PRODUCTS,APPLE PRODUCTS,1,2025-06-21,2025-06-21,1,0,3.5,4.17297592810754,0.650129,3.266878,4
APPOINTMENT SPECIFICATIONS,APPOINTMENT SPECIFICATIONS,1,2024-12-29,2024-12-29,1,0,2.0,1.6793784070299584,0.090275,0.957708,4
APPRECIATION,APPRECIATION,1,2024-11-28,2024-11-28,1,0,2.3,1.6948274572774134,0.128698,0.93706,4
APPROVAL,APPROVAL,1,2024-06-21,2024-06-21,1,0,3.0,2.259244058534543,0.206678,1.508473,4
APPROXIMATE,APPROXIMATE,1,2025-12-02,2025-12-02,1,0,2.0,2.9626473558913067,0.360048,2.164408,4
APPROXIMATELY,APPROXIMATELY,1,2024-12-26,2024-12-26,1,0,2.5,1.6178664164159993,0.090506,0.886704,4
AQUARIUM PURCHASES,AQUARIUM PURCHASES,1,2024-09-07,2024-09-07,1,0,3.4,2.7717953082042395,0.265639,2.039231,4
ARBITRATE,ARBITRATE,1,2025-06-10,2025-06-10,1,0,3.0,3.2499275514689026,0.410625,2.444363,4
ARC-SHAPED THINGS,ARC-SHAPED THINGS,1,2025-06-11,2025-06-11,1,0,3.3,3.555418939723568,0.468261,2.738212,4
ARCHERS,ARCHERS,1,2024-12-25,2024-12-25,1,0,2.5,3.3355730879743435,0.441927,2.511601,4
ARCHITECTURAL DRAWING TOOLS,ARCHITECTURAL DRAWING TOOLS,1,2025-03-21,2025-03-21,1,0,3.3,3.2275001369774636,0.393895,2.435289,4
ARE WE CLEAR?,ARE WE CLEAR?,1,2024-08-05,2024-08-05,1,0,2.6,1.6016690324266003,0.097135,0.861439,4
AREA OF EXPERTISE,AREA OF EXPERTISE,1,2024-11-19,2024-11-19,1,0,3.7,2.6880975253755666,0.311614,1.896957,4
AREA OF HIGH GROUND,AREA OF HIGH GROUND,1,2024-09-27,2024-09-27,1,0,3.6,3.049613992614814,0.387416,2.2371,4
AREAS OF LOW GROUND,AREAS OF LOW GROUND,1,2026-06-26,2026-06-26,1,0,2.8,1.8149780455310371,0.127108,1.07689,4
ARENA,ARENA,1,2025-08-23,2025-08-23,1,0,1.8,1.3198687953193395,0.051243,0.583104,4
ARISE,ARISE,1,2025-12-21,2025-12-21,1,0,1.5,3.242259955334835,0.417584,2.428582,4
"ART MOVEMENTS, WITH ""-ISM""","ART MOVEMENTS, WITH ""-ISM""",1,2026-01-05,2026-01-05,1,0,2.0,3.816330148777533,0.572593,2.934073,4
ARTHROPODS,ARTHROPODS,1,2025-08-04,2025-08-04,1,0,3.0,3.507897574247909,0.496216,2.655581,4
ASSIGNMENT,ASSIGNMENT,1,2024-09-02,2024-09-02,1,0,2.8,2.9301448139473507,0.3612,2.12586,4
ASSOCIATED PRINCIPLES IN CHINESE PHILOSOPHY,ASSOCIATED PRINCIPLES IN CHINESE PHILOSOPHY,1,2024-11-25,2024-11-25,1,0,3.0,2.7043853004325173,0.266455,1.960856,4
ASSOCIATED WITH 1960S COUNTERCULTURE,ASSOCIATED WITH 1960S COUNTERCULTURE,1,2026-05-03,2026-05-03,1,0,2.0,2.4971941981405603,0.2218,1.767126,4
ASSOCIATED WITH BLACK WIDOW SPIDERS,ASSOCIATED WITH BLACK WIDOW SPIDERS,1,2026-04-20,2026-04-20,1,0,1.3,2.81708470962727,0.342542,2.014436,4
ASSOCIATED WITH BULLS,ASSOCIATED WITH BULLS,1,2025-05-16,2025-05-16,1,0,4.0,2.906871721487373,0.347026,2.113257,4
ASSOCIATED WITH COUNT DRACULA,ASSOCIATED WITH COUNT DRACULA,1,2025-05-05,2025-05-05,1,0,3.3,2.058707129446215,0.152308,1.332114,4
ASSOCIATED WITH EARLY MORNING,ASSOCIATED WITH EARLY MORNING,1,2025-02-20,2025-02-20,1,0,4.0,1.9600244197361716,0.122671,1.248211,4
ASSOCIATED WITH FREUD,ASSOCIATED WITH FREUD,1,2025-07-02,2025-07-02,1,0,3.5,3.893702295167332,0.593926,3.001761,4
ASSOCIATED WITH GOOD LUCK,ASSOCIATED WITH GOOD LUCK,1,2025-03-01,2025-03-01,1,0,3.8,3.006636516573399,0.381939,2.193129,4
ASSOCIATED WITH HANSEL AND GRETEL,ASSOCIATED WITH HANSEL AND GRETEL,1,2026-06-05,2026-06-05,1,0,1.8,2.6847765227879137,0.328858,1.875892,4
ASSOCIATED WITH HARDNESS,ASSOCIATED WITH HARDNESS,1,2025-08-28,2025-08-28,1,0,2.3,1.8416859985579874,0.12207,1.112657,4
ASSOCIATED WITH OCTOPUSES,ASSOCIATED WITH OCTOPUSES,1,2026-04-24,2026-04-24,1,0,2.0,3.1323565852200295,0.428364,2.291352,4
ASSOCIATED WITH PHILADELPHIA,ASSOCIATED WITH PHILADELPHIA,1,2025-12-31,2025-12-31,1,0,2.5,2.2964460668463182,0.237009,1.520945,4
ASSOCIATED WITH POPEYE,ASSOCIATED WITH POPEYE,1,2025-01-20,2025-01-20,1,0,3.0,2.5960637739998704,0.276398,1.826283,4
ASSOCIATED WITH RAINBOWS,ASSOCIATED WITH RAINBOWS,1,2025-12-09,2025-12-09,1,0,2.7,3.504623505483793,0.482117,2.665913,4
ASSOCIATED WITH SCALES,ASSOCIATED WITH SCALES,1,2024-07-29,2024-07-29,1,0,3.3,3.234081302011147,0.410761,2.425995,4
ASSOCIATED WITH THE GAME THE OREGON TRAIL,ASSOCIATED WITH THE GAME THE OREGON TRAIL,1,2025-04-14,2025-04-14,1,0,3.4,3.2153381926673292,0.40462,2.410571,4
ASSOCIATED WITH THE GENIE IN “ALADDIN”,ASSOCIATED WITH THE GENIE IN “ALADDIN”,1,2025-02-07,2025-02-07,1,0,4.0,3.0237047837328657,0.361746,2.23296,4
ASSOCIATED WITH THE MOON,ASSOCIATED WITH THE MOON,1,2026-02-20,2026-02-20,1,0,3.5,3.0601628040270983,0.395771,2.240882,4
ASSOCIATED WITH THEODORE ROOSEVELT,ASSOCIATED WITH THEODORE ROOSEVELT,1,2026-02-22,2026-02-22,1,0,3.0,2.359138356207734,0.248707,1.581378,4
ASSOCIATED WITH TRICKS,ASSOCIATED WITH TRICKS,1,2025-07-27,2025-07-27,1,0,2.8,2.093537241379633,0.15702,1.367476,4
ASSOCIATED WITH “DOVE”,ASSOCIATED WITH “DOVE”,1,2024-07-12,2024-07-12,1,0,3.0,3.0005264280648416,0.391998,2.17604,4
ASSOCIATED WITH “THE DUDE” LEBOWSKI,ASSOCIATED WITH “THE DUDE” LEBOWSKI,1,2025-03-10,2025-03-10,1,0,3.3,3.633209144800795,0.509077,2.786898,4
ASTRONOMICAL TERMS PLUS A LETTER,ASTRONOMICAL TERMS PLUS A LETTER,1,2026-02-28,2026-02-28,1,0,2.8,2.820188425994846,0.34436,2.016189,4
AT SOME FUTURE POINT,AT SOME FUTURE POINT,1,2024-10-16,2024-10-16,1,0,3.0,2.6968072262211216,0.279656,1.938936,4
ATOMIC STRUCTURE TERMS,ATOMIC STRUCTURE TERMS,1,2026-04-05,2026-04-05,1,0,3.5,3.38442076853735,0.483485,2.526245,4
ATTACH WITH ADHESIVE,ATTACH WITH ADHESIVE,1,2025-08-02,2025-08-02,1,0,3.3,3.304322983802909,0.415721,2.501852,4
ATTAIN,ATTAIN,1,2024-11-25,2024-11-25,1,0,3.0,2.7043853004325173,0.266455,1.960856,4
ATTENDANTS,ATTENDANTS,1,2026-06-16,2026-06-16,1,0,2.0,2.2344447476647464,0.215421,1.471197,4
ATTIRE,ATTIRE,1,2025-11-13,2025-11-13,1,0,1.7,2.937254419068261,0.377345,2.117895,4
ATTRACT,ATTRACT,1,2024-10-21,2024-10-21,1,0,1.8,1.8837022003617832,0.128388,1.154681,4
ATTRACTIONS ICONICALLY DIFFERENT FROM THEIR ORIGINAL FORMS,ATTRACTIONS ICONICALLY DIFFERENT FROM THEIR ORIGINAL FORMS,1,2025-03-10,2025-03-10,1,0,3.3,3.633209144800795,0.509077,2.786898,4
ATTRIBUTE,ATTRIBUTE,1,2025-12-27,2025-12-27,1,0,2.7,3.0852984739655733,0.348613,2.31696,4
AUDIO APPS,AUDIO APPS,1,2024-10-28,2024-10-28,1,0,2.3,3.2393500582755674,0.399943,2.442875,4
AURA,AURA,1,2026-02-27,2026-02-27,1,0,2.0,1.9282111096822987,0.153344,1.180935,4
AUSTERE,AUSTERE,1,2025-04-28,2025-04-28,1,0,2.8,1.9283188836474567,0.124859,1.209544,4
AUTOMATIC GEAR SHIFTER POSITIONS,AUTOMATIC GEAR SHIFTER POSITIONS,1,2024-10-21,2024-10-21,1,0,1.8,1.8837022003617832,0.128388,1.154681,4
AVAILABLE,AVAILABLE,1,2025-09-05,2025-09-05,1,0,2.8,3.820132657628876,0.527031,2.98401,4
AVERAGE,AVERAGE,1,2025-03-30,2025-03-30,1,0,3.4,3.5391720144759917,0.483345,2.704435,4
AWESOME,AWESOME,1,2025-05-03,2025-05-03,1,0,4.3,4.008014837259935,0.619645,3.107565,4
BABY ANIMALS,BABY ANIMALS,1,2024-07-24,2024-07-24,1,0,2.4,3.104254523805067,0.332178,2.355205,4
BABY GEAR,BABY GEAR,1,2025-05-24,2025-05-24,1,0,1.6,2.767827661825638,0.322848,1.977457,4
BABY ___,BABY ___,1,2024-08-28,2024-08-28,1,1,3.7,3.264191957244499,0.428934,2.442466,4
BACK TALK,BACK TALK,1,2024-07-10,2024-07-10,1,0,2.7,2.1733299562610875,0.183498,1.432804,4
BACKING,BACKING,1,2025-09-28,2025-09-28,1,0,3.0,3.2053908295122167,0.415888,2.387858,4
BACKSTABBER,BACKSTABBER,1,2026-02-27,2026-02-27,1,0,2.0,1.9282111096822987,0.153344,1.180935,4
BACKWARDS ANIMALS,BACKWARDS ANIMALS,1,2025-11-26,2025-11-26,1,0,2.7,2.7117573873072804,0.277703,1.95809,4
BAD GOLF SHOTS,BAD GOLF SHOTS,1,2024-08-26,2024-08-26,1,0,3.0,2.3925109121768777,0.261484,1.606998,4
BAD THINGS FOR A WEBSITE TO DO,BAD THINGS FOR A WEBSITE TO DO,1,2025-06-17,2025-06-17,1,0,1.8,1.5234155731281698,0.075749,0.79279,4
BAD THINGS TO DO IN MODERN DATING,BAD THINGS TO DO IN MODERN DATING,1,2026-05-14,2026-05-14,1,0,2.0,2.0834464693192705,0.183803,1.329083,4
BAD-SMELLING,BAD-SMELLING,1,2025-03-24,2025-03-24,1,0,2.6,1.7681519959596235,0.124852,1.02527,4
BAFFLE,BAFFLE,1,2024-12-06,2024-12-06,1,0,2.8,2.8389784691622006,0.357347,2.024821,4
BALDERDASH,BALDERDASH,1,2026-04-21,2026-04-21,1,0,1.5,2.1829600815348877,0.212867,1.414515,4
BANALITY,BANALITY,1,2025-10-28,2025-10-28,1,0,2.3,2.4281719266158692,0.26328,1.646232,4
BANANA ___,BANANA ___,1,2025-10-16,2025-10-16,1,1,2.3,2.847673394544791,0.35132,2.040852,4
BANDS MINUS THE NUMBER FIVE,BANDS MINUS THE NUMBER FIVE,1,2025-03-17,2025-03-17,1,0,2.0,2.0709542499546196,0.15086,1.347653,4
BAR EVENTS,BAR EVENTS,1,2025-10-13,2025-10-13,1,0,3.3,1.4404835069390474,0.075822,0.697299,4
BAR FIXTURES,BAR FIXTURES,1,2024-12-19,2024-12-19,1,0,3.3,3.477440999352195,0.486147,2.630608,4
BAR ___,BAR ___,1,2025-03-21,2025-03-21,1,1,3.3,3.2275001369774636,0.393895,2.435289,4
BARB,BARB,1,2025-01-18,2025-01-18,1,0,3.0,2.442676216378431,0.222691,1.703509,4
BARREL-SHAPED CONTAINER,BARREL-SHAPED CONTAINER,1,2024-11-10,2024-11-10,1,0,3.0,1.9326854675261185,0.149202,1.190225,4
BASEBALL GREATS,BASEBALL GREATS,1,2025-04-17,2025-04-17,1,0,2.5,2.262949223159291,0.190783,1.528631,4
BASEBALL VENUES,BASEBALL VENUES,1,2025-04-04,2025-04-04,1,0,2.5,2.002809814759039,0.165115,1.254994,4
BASIC DIRECTIONS,BASIC DIRECTIONS,1,2024-07-26,2024-07-26,1,0,2.6,3.0756892081689005,0.415864,2.238653,4
BASIC ELECTRICITY TERMS,BASIC ELECTRICITY TERMS,1,2026-04-18,2026-04-18,1,0,1.5,1.562966880051415,0.086425,0.82762,4
BASIC GEOMETRIC CALCULATIONS,BASIC GEOMETRIC CALCULATIONS,1,2025-09-22,2025-09-22,1,0,2.3,1.7234240621292707,0.140033,0.958627,4
BASKETBALL MOVES,BASKETBALL MOVES,1,2025-07-07,2025-07-07,1,0,2.3,2.8119689228617837,0.296548,2.054544,4
"BATMAN'S ""BAT"" THINGS","BATMAN'S ""BAT"" THINGS",1,2026-01-21,2026-01-21,1,0,2.3,3.130102023400513,0.410633,2.306489,4
BBQ OFFERING,BBQ OFFERING,1,2025-05-02,2025-05-02,1,0,4.0,3.4610393663159233,0.481206,2.616678,4
BE ADJACENT TO,BE ADJACENT TO,1,2026-03-03,2026-03-03,1,0,2.3,2.0476594288726346,0.191694,1.280017,4
BE AT LEISURE,BE AT LEISURE,1,2025-03-03,2025-03-03,1,0,3.3,2.7332930591515243,0.310471,1.9501,4
BE CONTINGENT (ON),BE CONTINGENT (ON),1,2025-01-10,2025-01-10,1,0,2.3,2.593370294015799,0.257588,1.841994,4
BE IN CHARGE OF,BE IN CHARGE OF,1,2025-02-07,2025-02-07,1,0,4.0,3.0237047837328657,0.361746,2.23296,4
BE IN COMMISSION,BE IN COMMISSION,1,2024-08-10,2024-08-10,1,0,3.4,3.017804159140462,0.395012,2.192905,4
BE INDECISIVE,BE INDECISIVE,1,2025-02-28,2025-02-28,1,0,2.8,1.7346768808946038,0.135025,0.976582,4
BE ON BOTH SIDES OF,BE ON BOTH SIDES OF,1,2025-03-28,2025-03-28,1,0,3.0,2.111803190184163,0.166318,1.379194,4
BE OSTENTATIOUS,BE OSTENTATIOUS,1,2025-06-03,2025-06-03,1,0,2.3,2.849980105057125,0.334969,2.059857,4
BEACHY AREA,BEACHY AREA,1,2025-09-15,2025-09-15,1,0,2.8,1.4736144406314655,0.062197,0.749043,4
BEAR IN MIND,BEAR IN MIND,1,2025-12-09,2025-12-09,1,0,2.7,3.504623505483793,0.482117,2.665913,4
BEER BRANDS,BEER BRANDS,1,2026-04-01,2026-04-01,1,0,2.0,2.8326710847658134,0.331125,2.043786,4
"BEERS, FAMILIARLY","BEERS, FAMILIARLY",1,2024-08-15,2024-08-15,1,0,3.2,2.9698256234577616,0.312857,2.219858,4
BEGINNING,BEGINNING,1,2025-09-03,2025-09-03,1,0,2.8,1.633244196783269,0.096233,0.89867,4
BEGINNING WITH DOUBLE LETTERS,BEGINNING WITH DOUBLE LETTERS,1,2024-08-04,2024-08-04,1,0,2.6,2.042744414574499,0.181532,1.284524,4
BEGINNING WITH NUMBER HOMOPHONES,BEGINNING WITH NUMBER HOMOPHONES,1,2025-12-09,2025-12-09,1,0,2.7,3.504623505483793,0.482117,2.665913,4
BEGINNING WITH SYNONYMS FOR REAR END,BEGINNING WITH SYNONYMS FOR REAR END,1,2024-06-21,2024-06-21,1,0,3.0,2.259244058534543,0.206678,1.508473,4
BEHALF,BEHALF,1,2024-09-12,2024-09-12,1,0,3.2,3.020568909004718,0.36094,2.230158,4
BEHEMOTH,BEHEMOTH,1,2025-09-11,2025-09-11,1,0,2.0,1.2625964934315173,0.037825,0.530627,4
BEIGE SHADES,BEIGE SHADES,1,2024-08-23,2024-08-23,1,0,3.6,3.129426697828515,0.406206,2.310139,4
"BELOVED, AS A FRIEND","BELOVED, AS A FRIEND",1,2024-12-24,2024-12-24,1,0,2.6,3.7017725078286836,0.548183,2.826678,4
BENCHMARK,BENCHMARK,1,2026-01-02,2026-01-02,1,0,2.3,2.967536295843033,0.352498,2.177583,4
BEND UNDER PRESSURE,BEND UNDER PRESSURE,1,2025-02-24,2025-02-24,1,0,4.0,3.723747966982363,0.514668,2.885477,4
BENEFACTOR,BENEFACTOR,1,2026-04-11,2026-04-11,1,0,2.5,2.1553551709914607,0.172479,1.423142,4
BEST ACTOR-WINNING BIOPICS,BEST ACTOR-WINNING BIOPICS,1,2025-10-25,2025-10-25,1,0,2.3,2.978057294619148,0.352874,2.189312,4
BEST ACTRESS OSCAR WINNERS,BEST ACTRESS OSCAR WINNERS,1,2025-11-18,2025-11-18,1,0,2.3,2.4869504565812637,0.265705,1.711435,4
BEST ANIMATED FEATURE OSCAR WINNERS,BEST ANIMATED FEATURE OSCAR WINNERS,1,2025-10-02,2025-10-02,1,0,2.0,2.397513710107924,0.218289,1.655949,4
BEST FEMALE ROCK PERFORMANCE GRAMMY WINNERS,BEST FEMALE ROCK PERFORMANCE GRAMMY WINNERS,1,2025-06-05,2025-06-05,1,0,3.5,2.5164440189495973,0.23053,1.780544,4
BEST PICTURE WINNERS SINCE 2000,BEST PICTURE WINNERS SINCE 2000,1,2025-05-28,2025-05-28,1,0,3.0,3.8066426599416325,0.544416,2.951104,4
BEST YEARS,BEST YEARS,1,2025-10-24,2025-10-24,1,0,2.5,2.176988187062299,0.173877,1.446634,4
BESTOW,BESTOW,1,2025-08-08,2025-08-08,1,0,2.8,3.283446992922818,0.4264,2.467154,4
BEVERAGE SELF-SERVICE ITEMS,BEVERAGE SELF-SERVICE ITEMS,1,2025-06-25,2025-06-25,1,0,3.0,2.5547150754641503,0.233345,1.821762,4
BEVERAGES,BEVERAGES,1,2024-10-03,2024-10-03,1,0,3.7,3.449918657572397,0.453754,2.631335,4
BIBLICAL FIGURES PLUS STARTING LETTER,BIBLICAL FIGURES PLUS STARTING LETTER,1,2025-12-17,2025-12-17,1,0,2.7,2.294773832096608,0.212015,1.544015,4
BIG IMPRESSION,BIG IMPRESSION,1,2025-07-07,2025-07-07,1,0,2.3,2.8119689228617837,0.296548,2.054544,4
BIKE ACCESSORIES,BIKE ACCESSORIES,1,2025-12-30,2025-12-30,1,0,2.3,2.1417547919044186,0.169762,1.410211,4
BILLIARDS TERMS,BILLIARDS TERMS,1,2026-05-31,2026-05-31,1,0,2.0,2.6617615663573875,0.33041,1.84786,4
BINARY QUESTION OPTIONS,BINARY QUESTION OPTIONS,1,2025-08-27,2025-08-27,1,0,2.0,1.3178428186033444,0.040757,0.591259,4
BIOLOGICAL BUILDING BLOCKS,BIOLOGICAL BUILDING BLOCKS,1,2024-07-06,2024-07-06,1,0,3.2,2.349372644332606,0.232602,1.586247,4
BIOLOGICAL STRUCTURES,BIOLOGICAL STRUCTURES,1,2025-12-29,2025-12-29,1,0,2.3,1.440046327064253,0.063103,0.709515,4
BIOPICS,BIOPICS,1,2024-08-10,2024-08-10,1,0,3.4,3.017804159140462,0.395012,2.192905,4
BIRD ONOMATOPOEIA,BIRD ONOMATOPOEIA,1,2024-10-12,2024-10-12,1,0,2.4,1.8736531472556748,0.16784,1.103667,4
BIRD PLUS LETTER,BIRD PLUS LETTER,1,2025-01-14,2025-01-14,1,0,3.3,2.269878046145098,0.223543,1.503843,4
BIRDS,BIRDS,1,2025-10-12,2025-10-12,1,0,2.0,1.4258332008365944,0.071938,0.684327,4
BIRDS MINUS LAST LETTER,BIRDS MINUS LAST LETTER,1,2025-06-25,2025-06-25,1,0,3.0,2.5547150754641503,0.233345,1.821762,4
BIRDS THAT ARE VERBS,BIRDS THAT ARE VERBS,1,2025-02-02,2025-02-02,1,0,3.0,3.992448452453638,0.611442,3.097858,4
BIT OF A RESPONSE TO STRONG EMOTIONS,BIT OF A RESPONSE TO STRONG EMOTIONS,1,2026-01-08,2026-01-08,1,0,3.0,2.580636452374423,0.253841,1.83109,4
BIT OF ADVICE,BIT OF ADVICE,1,2024-07-08,2024-07-08,1,0,2.3,1.9858197706387999,0.179898,1.220663,4
BIT OF BREAKFAST CEREAL,BIT OF BREAKFAST CEREAL,1,2024-10-16,2024-10-16,1,0,3.0,2.6968072262211216,0.279656,1.938936,4
BIT OF CEREAL,BIT OF CEREAL,1,2026-06-05,2026-06-05,1,0,1.8,2.6847765227879137,0.328858,1.875892,4
BIT OF CITRUS GARNISH,BIT OF CITRUS GARNISH,1,2025-02-03,2025-02-03,1,0,3.8,3.1390785517243227,0.39749,2.32996,4
BIT OF EXCITEMENT,BIT OF EXCITEMENT,1,2024-08-03,2024-08-03,1,0,3.0,2.1211586656757864,0.206519,1.349757,4
BIT OF LAND FOR GROWING,BIT OF LAND FOR GROWING,1,2024-09-23,2024-09-23,1,0,3.3,3.4898019778399196,0.454705,2.676272,4
BIT OF MAGIC,BIT OF MAGIC,1,2026-01-01,2026-01-01,1,0,2.5,3.1023988994856118,0.419775,2.265473,4
BIT OF NEWSPAPER WRITING,BIT OF NEWSPAPER WRITING,1,2024-10-20,2024-10-20,1,0,2.0,2.0582117168644407,0.181713,1.302139,4
BIT OF PARTY DECORATION,BIT OF PARTY DECORATION,1,2024-09-24,2024-09-24,1,0,3.0,3.0438011516553214,0.317727,2.300101,4
BIT OF SPORTS BAR FARE,BIT OF SPORTS BAR FARE,1,2025-09-20,2025-09-20,1,0,3.3,3.384847518673581,0.44349,2.566731,4
BIT OF WISHFUL THINKING,BIT OF WISHFUL THINKING,1,2025-12-18,2025-12-18,1,0,1.7,1.898899198593949,0.147915,1.152639,4
BITS IN A VARIETY SHOW,BITS IN A VARIETY SHOW,1,2025-02-12,2025-02-12,1,0,4.0,3.7979964066723397,0.573459,2.912113,4
BITS OF WISDOM,BITS OF WISDOM,1,2024-09-11,2024-09-11,1,0,4.0,2.6093043271064653,0.283512,1.834403,4
BLACK,BLACK,1,2025-11-01,2025-11-01,1,0,3.3,3.241767150187701,0.424767,2.420832,4
BLACK OR RED,BLACK OR RED,1,2024-11-23,2024-11-23,1,0,3.0,2.731374856400687,0.298386,1.959978,4
BLACK WOMEN AUTHORS,BLACK WOMEN AUTHORS,1,2025-05-24,2025-05-24,1,0,1.6,2.767827661825638,0.322848,1.977457,4
BLACK ___,BLACK ___,1,2025-12-26,2025-12-26,1,1,2.7,3.1135065710559338,0.376958,2.32107,4
BLACKJACK TERMS,BLACKJACK TERMS,1,2025-11-29,2025-11-29,1,0,2.3,2.659685179238334,0.248819,1.927062,4
BLEMISH,BLEMISH,1,2025-09-11,2025-09-11,1,0,2.0,1.2625964934315173,0.037825,0.530627,4
"BLOCK, AS AN OPENING","BLOCK, AS AN OPENING",1,2025-11-08,2025-11-08,1,0,2.8,2.749260119747642,0.314402,1.96454,4
BLUE CHARACTERS,BLUE CHARACTERS,1,2026-04-10,2026-04-10,1,0,2.8,2.902467764378858,0.333966,2.12125,4
BLUE THINGS,BLUE THINGS,1,2026-02-05,2026-02-05,1,0,1.5,1.6105369176403714,0.092837,0.87594,4
BLUE ___,BLUE ___,1,2024-10-23,2024-10-23,1,1,2.8,3.085153326770562,0.389592,2.275814,4
BOAST,BOAST,1,2025-06-11,2025-06-11,1,0,3.3,3.555418939723568,0.468261,2.738212,4
BOBS,BOBS,1,2025-04-26,2025-04-26,1,0,3.3,2.5193782520655135,0.299045,1.715405,4
BODIES OF WATER,BODIES OF WATER,1,2025-03-20,2025-03-20,1,0,2.7,2.5821678856535235,0.226895,1.859798,4
BODIES OF WATER PLUS STARTING LETTER,BODIES OF WATER PLUS STARTING LETTER,1,2025-09-12,2025-09-12,1,0,2.5,2.1267785564718507,0.182378,1.380364,4
BODILY WORDS FOR ATTITUDE,BODILY WORDS FOR ATTITUDE,1,2026-06-17,2026-06-17,1,0,2.0,3.0830917151144748,0.40319,2.259844,4
BODY COVERINGS,BODY COVERINGS,1,2026-04-25,2026-04-25,1,0,2.3,2.6548735931809553,0.3184,1.851945,4
BODY PART PLUS A STARTING LETTER,BODY PART PLUS A STARTING LETTER,1,2025-06-18,2025-06-18,1,0,3.0,2.6930725106704427,0.34448,1.869815,4
BODY PARTS,BODY PARTS,1,2024-10-10,2024-10-10,1,0,3.4,3.1278535455951593,0.385581,2.328954,4
BODY PARTS PLUS LETTER,BODY PARTS PLUS LETTER,1,2025-02-24,2025-02-24,1,0,4.0,3.723747966982363,0.514668,2.885477,4
BODY PARTS SURROUNDED BY TWO LETTERS,BODY PARTS SURROUNDED BY TWO LETTERS,1,2026-05-11,2026-05-11,1,0,2.0,2.5219483134765808,0.28649,1.730917,4
BOOK SUBTITLES,BOOK SUBTITLES,1,2025-01-07,2025-01-07,1,0,3.0,3.7297737484375313,0.529005,2.878073,4
BOOKSTORE SECTIONS,BOOKSTORE SECTIONS,1,2024-08-01,2024-08-01,1,0,3.1,2.0148718074079377,0.095331,1.338656,4
BORDER,BORDER,1,2026-04-23,2026-04-23,1,0,2.3,3.014270216057134,0.414138,2.169713,4
BOTANICAL COVERINGS,BOTANICAL COVERINGS,1,2025-06-24,2025-06-24,1,0,1.5,2.358262258168385,0.171238,1.657839,4
BOUNDARY,BOUNDARY,1,2025-10-03,2025-10-03,1,0,2.3,2.8478220183193232,0.333927,2.058416,4
BOWLS OVER,BOWLS OVER,1,2026-06-21,2026-06-21,1,0,1.7,2.23782485210426,0.21947,1.471037,4
BOXING PUNCHES,BOXING PUNCHES,1,2025-08-06,2025-08-06,1,0,2.3,2.436910309242475,0.253678,1.665888,4
BOXING TERMS,BOXING TERMS,1,2026-04-14,2026-04-14,1,0,2.3,3.0126996712584195,0.381506,2.200538,4
BOXING UNIT,BOXING UNIT,1,2024-07-18,2024-07-18,1,0,3.2,3.083462839978366,0.364348,2.299113,4
BRAND-NAME,BRAND-NAME,1,2024-10-22,2024-10-22,1,0,2.5,2.3418371582203457,0.193152,1.617027,4
BRANDS THAT HAVE BECOME GENERIC TERMS,BRANDS THAT HAVE BECOME GENERIC TERMS,1,2024-10-05,2024-10-05,1,0,3.2,2.9732665680388966,0.361776,2.174898,4
BRASHNESS,BRASHNESS,1,2024-10-11,2024-10-11,1,0,2.4,2.3353237864873257,0.183224,1.619461,4
BRATWURST GO-WITHS,BRATWURST GO-WITHS,1,2024-08-19,2024-08-19,1,0,3.0,2.713610404192095,0.347465,1.89046,4
BREAK THE RULES,BREAK THE RULES,1,2026-01-08,2026-01-08,1,0,3.0,2.580636452374423,0.253841,1.83109,4
BREAKFAST CONDIMENTS,BREAKFAST CONDIMENTS,1,2025-02-23,2025-02-23,1,0,3.5,2.6504444308709116,0.266636,1.898613,4
BREAKFAST SIDES,BREAKFAST SIDES,1,2024-12-27,2024-12-27,1,0,2.8,2.5990527632432454,0.303449,1.802671,4
BREATHE HARD,BREATHE HARD,1,2025-01-06,2025-01-06,1,0,2.8,2.5774258311865696,0.297116,1.784121,4
BRING ABOUT,BRING ABOUT,1,2024-10-19,2024-10-19,1,0,2.5,2.157924363257648,0.16533,1.433247,4
"BRITISH BANDS FORMED IN THE 1970S, WITH ""THE""","BRITISH BANDS FORMED IN THE 1970S, WITH ""THE""",1,2025-12-20,2025-12-20,1,0,2.3,2.5671351558037356,0.261944,1.807453,4
BRITISH IMPERIAL UNITS OF WEIGHT,BRITISH IMPERIAL UNITS OF WEIGHT,1,2025-05-23,2025-05-23,1,0,2.5,2.6184329557843284,0.300019,1.828399,4
BRITISH POTATO DISHES,BRITISH POTATO DISHES,1,2026-06-02,2026-06-02,1,0,2.0,1.9906148429434527,0.162259,1.243819,4
BRITISHISMS,BRITISHISMS,1,2025-02-18,2025-02-18,1,0,2.5,1.7264764989489083,0.105464,0.996708,4
"BROADCAST, AS ONLINE MEDIA","BROADCAST, AS ONLINE MEDIA",1,2024-11-20,2024-11-20,1,0,2.8,2.178112860537416,0.202477,1.419328,4
"BROADWAY MUSICALS, FAMILIARLY","BROADWAY MUSICALS, FAMILIARLY",1,2025-03-01,2025-03-01,1,0,3.8,3.006636516573399,0.381939,2.193129,4
BUFFALO ___,BUFFALO ___,1,2025-09-13,2025-09-13,1,1,2.8,3.3388289046959723,0.4408,2.516474,4
BUGS PLUS STARTING LETTER,BUGS PLUS STARTING LETTER,1,2024-10-03,2024-10-03,1,0,3.7,3.449918657572397,0.453754,2.631335,4
BUILDING ADD-ONS,BUILDING ADD-ONS,1,2024-11-13,2024-11-13,1,0,3.2,2.8962047063713667,0.327611,2.120399,4
BUILDING MATERIALS,BUILDING MATERIALS,1,2025-03-09,2025-03-09,1,0,2.8,1.7128717741374646,0.112934,0.973585,4
BUILDINGS AROUND TOWN,BUILDINGS AROUND TOWN,1,2024-07-17,2024-07-17,1,0,2.7,3.27501454929408,0.401633,2.482219,4
BULL___,BULL___,1,2026-03-15,2026-03-15,1,1,2.0,2.9002192865735044,0.33662,2.116009,4
BUNCH,BUNCH,1,2025-03-16,2025-03-16,1,0,3.3,3.2904688144108176,0.460119,2.441514,4
BUNGLE,BUNGLE,1,2026-01-22,2026-01-22,1,0,2.0,2.28112825747579,0.182012,1.558318,4
"BUNGLE, WITH “UP”","BUNGLE, WITH “UP”",1,2025-02-03,2025-02-03,1,0,3.8,3.1390785517243227,0.39749,2.32996,4
BURGEON,BURGEON,1,2024-10-09,2024-10-09,1,0,3.3,3.5396813333758512,0.474833,2.713533,4
BUSTER,BUSTER,1,2025-02-11,2025-02-11,1,0,3.5,2.971101528142052,0.370072,2.164111,4
BUTTER___,BUTTER___,1,2026-01-01,2026-01-01,1,1,2.5,3.1023988994856118,0.419775,2.265473,4
BUYING AND SELLING,BUYING AND SELLING,1,2025-01-16,2025-01-16,1,0,2.0,2.3881399825738145,0.224743,1.63871,4
CABINET DEPARTMENTS,CABINET DEPARTMENTS,1,2024-09-29,2024-09-29,1,0,4.5,1.941421242718083,0.145235,1.204243,4
CABLE CHANNELS,CABLE CHANNELS,1,2024-10-15,2024-10-15,1,0,3.5,2.775261457986903,0.321408,1.98745,4
CACHE,CACHE,1,2025-01-13,2025-01-13,1,0,2.6,1.8331023237200768,0.107055,1.117796,4
CADENCE,CADENCE,1,2025-01-02,2025-01-02,1,0,2.8,3.7470619092517152,0.557864,2.869105,4
CALCIUM-BASED STRUCTURES,CALCIUM-BASED STRUCTURES,1,2026-02-24,2026-02-24,1,0,2.3,2.3285253352335653,0.22813,1.566733,4
CALCULATOR BUTTONS,CALCULATOR BUTTONS,1,2025-04-27,2025-04-27,1,0,3.2,3.1361903832870626,0.424343,2.299784,4
CALIFORNIA-BASED CHARACTER TROPES,CALIFORNIA-BASED CHARACTER TROPES,1,2025-12-26,2025-12-26,1,0,2.7,3.1135065710559338,0.376958,2.32107,4
"CANCEL, AS A PROJECT","CANCEL, AS A PROJECT",1,2025-04-22,2025-04-22,1,0,3.0,2.1663889652469566,0.15001,1.458306,4
CANDY BARS,CANDY BARS,1,2024-11-11,2024-11-11,1,0,2.8,2.663142637572195,0.310074,1.869785,4
CANDY BARS MINUS “S”,CANDY BARS MINUS “S”,1,2025-01-28,2025-01-28,1,0,3.5,3.4157317128504063,0.473291,2.572464,4
CANDY NAMES,CANDY NAMES,1,2024-12-01,2024-12-01,1,0,3.0,2.4559419746865547,0.238488,1.702975,4
CANDY PIECES,CANDY PIECES,1,2024-08-18,2024-08-18,1,0,3.4,3.101512371707699,0.37471,2.309518,4
CANDY ___,CANDY ___,1,2024-10-08,2024-10-08,1,1,3.0,2.6126018627823497,0.236418,1.885291,4
CANINE/FELINE FEATURES,CANINE/FELINE FEATURES,1,2025-04-23,2025-04-23,1,0,2.8,1.5506328450549798,0.098785,0.801069,4
CANOODLE,CANOODLE,1,2024-08-17,2024-08-17,1,0,1.8,1.5772538835938996,0.055976,0.874507,4
CANOODLING,CANOODLING,1,2026-05-08,2026-05-08,1,0,2.0,2.166091717697892,0.179971,1.428003,4
CAPITAL CITY HOMOPHONES,CAPITAL CITY HOMOPHONES,1,2024-09-30,2024-09-30,1,0,3.7,2.775531762044678,0.301592,2.007577,4
CAPRICE,CAPRICE,1,2025-04-02,2025-04-02,1,0,2.8,2.646590642471631,0.31317,1.847645,4
CAPTURE ON VIDEO,CAPTURE ON VIDEO,1,2025-06-20,2025-06-20,1,0,2.8,2.5541518695817116,0.239335,1.815124,4
CAR BRAND HOMOPHONES,CAR BRAND HOMOPHONES,1,2025-12-29,2025-12-29,1,0,2.3,1.440046327064253,0.063103,0.709515,4
CAR BRANDS,CAR BRANDS,1,2025-09-20,2025-09-20,1,0,3.3,3.384847518673581,0.44349,2.566731,4
CAR BRANDS PLUS TWO LETTERS,CAR BRANDS PLUS TWO LETTERS,1,2026-02-21,2026-02-21,1,0,1.8,2.5273283202856804,0.224175,1.799422,4
CAR MODELS,CAR MODELS,1,2024-09-13,2024-09-13,1,0,3.7,4.113388224258581,0.627346,3.221102,4
CAR ONOMATOPOEIA,CAR ONOMATOPOEIA,1,2024-10-07,2024-10-07,1,0,3.2,3.51396246722269,0.503943,2.654832,4
CAR PARTS,CAR PARTS,1,2024-11-27,2024-11-27,1,0,2.7,2.8746316612972693,0.302777,2.120412,4
CAR TRIP,CAR TRIP,1,2025-04-04,2025-04-04,1,0,2.5,2.002809814759039,0.165115,1.254994,4
CARD GAMES,CARD GAMES,1,2025-04-15,2025-04-15,1,0,2.7,2.7561168037083834,0.321631,1.9652,4
CARD GAMES WITH FIRST LETTER CHANGED,CARD GAMES WITH FIRST LETTER CHANGED,1,2025-05-26,2025-05-26,1,0,2.0,1.8202720069969864,0.151221,1.058868,4
CARDINAL DIRECTIONS WITH FIRST LETTER CHANGED,CARDINAL DIRECTIONS WITH FIRST LETTER CHANGED,1,2026-01-09,2026-01-09,1,0,2.8,2.9475233658290865,0.378895,2.12816,4
CARDS IN TEXAS HOLD 'EM,CARDS IN TEXAS HOLD 'EM,1,2026-04-19,2026-04-19,1,0,2.0,4.069128759518714,0.641363,3.156162,4
CARDS IN TEXAS HOLD ’EM,CARDS IN TEXAS HOLD ’EM,1,2025-03-13,2025-03-13,1,0,3.3,3.00578996945998,0.377566,2.196528,4
CARE FOR,CARE FOR,1,2026-02-25,2026-02-25,1,0,2.3,2.979046381492937,0.343293,2.200031,4
CARE FOR A PLANT,CARE FOR A PLANT,1,2024-10-03,2024-10-03,1,0,3.7,3.449918657572397,0.453754,2.631335,4
CAREEN,CAREEN,1,2024-11-24,2024-11-24,1,0,3.0,2.868835334090503,0.381107,2.035413,4
CARPENTRY TOOLS,CARPENTRY TOOLS,1,2024-07-21,2024-07-21,1,0,2.7,2.6108079477493966,0.310177,1.809468,4
CARTOON BIRDS,CARTOON BIRDS,1,2025-09-30,2025-09-30,1,0,3.0,2.8438708856934483,0.358919,2.028878,4
CARTOON DOGS MINUS “Y”,CARTOON DOGS MINUS “Y”,1,2024-09-18,2024-09-18,1,0,3.2,4.028457124844753,0.630668,3.120062,4
CAT BREEDS,CAT BREEDS,1,2025-03-10,2025-03-10,1,0,3.3,3.633209144800795,0.509077,2.786898,4
CAT COAT PATTERNS,CAT COAT PATTERNS,1,2024-07-28,2024-07-28,1,0,2.7,2.6770924129011204,0.298534,1.897375,4
CATCHALL,CATCHALL,1,2025-01-06,2025-01-06,1,0,2.8,2.5774258311865696,0.297116,1.784121,4
CATTY,CATTY,1,2026-04-03,2026-04-03,1,0,2.0,3.3702606601473906,0.456428,2.53701,4
CAT___,CAT___,1,2025-09-08,2025-09-08,1,1,3.5,3.6014080027752464,0.51441,2.744976,4
CELESTIAL OBJECTS,CELESTIAL OBJECTS,1,2024-12-25,2024-12-25,1,0,2.5,3.3355730879743435,0.441927,2.511601,4
CENTRAL SECTION OF THE BODY,CENTRAL SECTION OF THE BODY,1,2025-04-17,2025-04-17,1,0,2.5,2.262949223159291,0.190783,1.528631,4
CEREAL MASCOTS,CEREAL MASCOTS,1,2025-06-11,2025-06-11,1,0,3.3,3.555418939723568,0.468261,2.738212,4
CHAIN ___,CHAIN ___,1,2024-09-02,2024-09-02,1,1,2.8,2.9301448139473507,0.3612,2.12586,4
CHAMPIONSHIP,CHAMPIONSHIP,1,2026-01-24,2026-01-24,1,0,2.8,2.9298562578470886,0.337386,2.149342,4
CHAMPIONSHIP AWARDS,CHAMPIONSHIP AWARDS,1,2026-05-26,2026-05-26,1,0,1.8,2.2541256643344156,0.231927,1.477335,4
CHANCE TO WIN A PRIZE,CHANCE TO WIN A PRIZE,1,2024-09-22,2024-09-22,1,0,2.8,2.0870508131379033,0.182751,1.334282,4
CHANGE ONE’S TUNE,CHANGE ONE’S TUNE,1,2025-09-17,2025-09-17,1,0,2.0,1.59682528800865,0.106437,0.846564,4
CHANGE STATES OF MATTER,CHANGE STATES OF MATTER,1,2024-07-07,2024-07-07,1,0,4.2,3.522872071390716,0.494972,2.674054,4
CHANNEL,CHANNEL,1,2025-10-29,2025-10-29,1,0,2.5,2.2535815796393437,0.191195,1.517441,4
"CHARACTERS IN ""DICK AND JANE""","CHARACTERS IN ""DICK AND JANE""",1,2026-04-26,2026-04-26,1,0,2.3,2.2387357159388213,0.207333,1.484222,4
CHARACTERS IN BOND MOVIES,CHARACTERS IN BOND MOVIES,1,2024-07-05,2024-07-05,1,0,3.2,3.797740008932649,0.602023,2.883254,4
CHARACTERS IN CAPES,CHARACTERS IN CAPES,1,2025-12-23,2025-12-23,1,0,1.0,3.28005298216522,0.442515,2.447134,4
"CHARACTERS IN “THE EMPIRE STRIKES BACK,"" FAMILIARLY","CHARACTERS IN “THE EMPIRE STRIKES BACK,"" FAMILIARLY",1,2024-09-20,2024-09-20,1,0,2.9,3.258527740059539,0.397055,2.467828,4
CHARACTERS WITH GREEN SKIN,CHARACTERS WITH GREEN SKIN,1,2025-05-22,2025-05-22,1,0,2.3,2.556835788972099,0.259959,1.797588,4
CHARACTERS WITH PET DOGS,CHARACTERS WITH PET DOGS,1,2024-09-30,2024-09-30,1,0,3.7,2.775531762044678,0.301592,2.007577,4
CHECKERS TERMS,CHECKERS TERMS,1,2026-03-21,2026-03-21,1,0,2.3,3.4058799556321273,0.456952,2.577468,4
CHECKOUT LINE IMPULSE BUYS,CHECKOUT LINE IMPULSE BUYS,1,2025-03-14,2025-03-14,1,0,3.3,2.0637707675188834,0.186178,1.30407,4
CHEEKY,CHEEKY,1,2026-04-19,2026-04-19,1,0,2.0,4.069128759518714,0.641363,3.156162,4
CHEERFUL,CHEERFUL,1,2025-09-23,2025-09-23,1,0,2.5,2.562108890960921,0.268901,1.794713,4
CHEESY CORN SNACK UNIT,CHEESY CORN SNACK UNIT,1,2024-11-01,2024-11-01,1,0,2.6,2.205725593384766,0.222587,1.430988,4
CHERISH,CHERISH,1,2024-10-11,2024-10-11,1,0,2.4,2.3353237864873257,0.183224,1.619461,4
CHICKEN DESCRIPTORS,CHICKEN DESCRIPTORS,1,2026-02-18,2026-02-18,1,0,2.3,2.1625134482256683,0.181066,1.422791,4
CHILI PEPPER QUALITY,CHILI PEPPER QUALITY,1,2024-08-27,2024-08-27,1,0,3.4,2.479602705763149,0.211587,1.757099,4
CHINESE DYNASTIES,CHINESE DYNASTIES,1,2025-09-05,2025-09-05,1,0,2.8,3.820132657628876,0.527031,2.98401,4
CHINESE ZODIAC ANIMALS,CHINESE ZODIAC ANIMALS,1,2026-06-15,2026-06-15,1,0,2.0,1.6075322837891504,0.086282,0.879038,4
CHOCOLATE BARS PLUS A LETTER,CHOCOLATE BARS PLUS A LETTER,1,2025-10-19,2025-10-19,1,0,2.7,2.721294514078888,0.335649,1.911117,4
CHRONICLE,CHRONICLE,1,2024-07-09,2024-07-09,1,0,3.5,3.7135094402923485,0.575852,2.812513,4
CHURCH OF ENGLAND WEDDING VOW VERBS,CHURCH OF ENGLAND WEDDING VOW VERBS,1,2024-10-28,2024-10-28,1,0,2.3,3.2393500582755674,0.399943,2.442875,4
CIGARETTE BRANDS,CIGARETTE BRANDS,1,2026-02-13,2026-02-13,1,0,2.4,2.9716742946181745,0.366916,2.167926,4
CINDERELLA,CINDERELLA,1,2025-10-31,2025-10-31,1,0,2.3,1.8710839549894878,0.145715,1.122836,4
CIRCULAR THINGS,CIRCULAR THINGS,1,2025-12-01,2025-12-01,1,0,3.3,3.172793550776307,0.429061,2.33718,4
CITIES,CITIES,1,2026-03-08,2026-03-08,1,0,2.8,3.4363973706694626,0.48459,2.584942,4
CITRUS SODAS,CITRUS SODAS,1,2024-12-13,2024-12-13,1,0,1.5,2.7823623716590102,0.303154,2.013874,4
CLANDESTINE,CLANDESTINE,1,2026-06-02,2026-06-02,1,0,2.0,1.9906148429434527,0.162259,1.243819,4
CLASSIC '90S ACTION FILMS,CLASSIC '90S ACTION FILMS,1,2025-11-14,2025-11-14,1,0,2.2,3.3173671101665545,0.43138,2.501201,4
CLASSIC ATARI GAMES,CLASSIC ATARI GAMES,1,2025-01-12,2025-01-12,1,0,3.8,4.086945360420125,0.622421,3.195603,4
CLASSIC BARBERSHOP SUPPLIES,CLASSIC BARBERSHOP SUPPLIES,1,2024-08-27,2024-08-27,1,0,3.4,2.479602705763149,0.211587,1.757099,4
CLASSIC COCKTAIL TYPES,CLASSIC COCKTAIL TYPES,1,2024-08-21,2024-08-21,1,0,3.4,3.93173086026028,0.58474,3.054701,4
CLASSIC COLLECTION ITEMS,CLASSIC COLLECTION ITEMS,1,2024-09-02,2024-09-02,1,0,2.8,2.9301448139473507,0.3612,2.12586,4
CLASSIC COMIC STRIPS,CLASSIC COMIC STRIPS,1,2026-02-22,2026-02-22,1,0,3.0,2.359138356207734,0.248707,1.581378,4
CLASSIC FILMS,CLASSIC FILMS,1,2026-04-27,2026-04-27,1,0,3.0,3.647664762450059,0.510224,2.802383,4
CLASSIC HOLLYWOOD ACTORS,CLASSIC HOLLYWOOD ACTORS,1,2026-01-18,2026-01-18,1,0,1.7,2.257844735277249,0.159355,1.554186,4
CLASSIC JOKE STAPLES,CLASSIC JOKE STAPLES,1,2024-12-16,2024-12-16,1,0,3.3,3.801286120044301,0.547504,2.941853,4
CLASSIC KID GIFTS,CLASSIC KID GIFTS,1,2026-03-04,2026-03-04,1,0,2.0,2.0533810096196947,0.165819,1.312475,4
CLASSIC LAWN ORNAMENTS,CLASSIC LAWN ORNAMENTS,1,2024-06-16,2024-06-16,1,0,2.5,2.3442924925072126,0.227135,1.585869,4
CLASSIC MOVIE THEATER EQUIPMENT,CLASSIC MOVIE THEATER EQUIPMENT,1,2024-08-22,2024-08-22,1,0,2.8,2.9376385811053565,0.364408,2.131274,4
CLASSIC NAUTICAL TATTOOS,CLASSIC NAUTICAL TATTOOS,1,2025-02-24,2025-02-24,1,0,4.0,3.723747966982363,0.514668,2.885477,4
CLASSIC SLAPSTICK PROPS,CLASSIC SLAPSTICK PROPS,1,2026-06-14,2026-06-14,1,0,2.2,2.479187254510362,0.255404,1.712804,4
CLASSIC TOYS,CLASSIC TOYS,1,2025-06-19,2025-06-19,1,0,2.0,2.3524581086576957,0.209584,1.612815,4
CLASSIC WEDDING GIFTS,CLASSIC WEDDING GIFTS,1,2026-06-24,2026-06-24,1,0,2.5,2.529045750569167,0.243632,1.781941,4
"CLEAN UP, AS A PHOTOGRAPH","CLEAN UP, AS A PHOTOGRAPH",1,2025-09-04,2025-09-04,1,0,2.3,2.27566307446842,0.201044,1.532998,4
CLEANING SUPPLIES,CLEANING SUPPLIES,1,2026-01-28,2026-01-28,1,0,2.3,2.894525518462614,0.341293,2.104785,4
CLEAR AS ___,CLEAR AS ___,1,2025-03-25,2025-03-25,1,1,2.4,2.0579709637325956,0.177094,1.306481,4
CLOSE IN ON,CLOSE IN ON,1,2025-07-16,2025-07-16,1,0,2.8,2.7506907322206273,0.299359,1.981229,4
CLOSE-FITTING,CLOSE-FITTING,1,2024-11-17,2024-11-17,1,0,3.3,2.919901941532934,0.334083,2.141192,4
CLUES AT A CRIME SCENE,CLUES AT A CRIME SCENE,1,2025-04-28,2025-04-28,1,0,2.8,1.9283188836474567,0.124859,1.209544,4
CLUNKER,CLUNKER,1,2024-10-18,2024-10-18,1,0,2.8,1.7861328652434123,0.123665,1.047145,4
COASTAL LANDFORMS,COASTAL LANDFORMS,1,2026-04-04,2026-04-04,1,0,2.0,2.360276936000936,0.239245,1.59215,4
COCKTAIL GARNISHES,COCKTAIL GARNISHES,1,2025-10-27,2025-10-27,1,0,2.3,2.16580316159763,0.179189,1.428453,4
COCKTAIL GLASSES,COCKTAIL GLASSES,1,2026-04-03,2026-04-03,1,0,2.0,3.3702606601473906,0.456428,2.53701,4
COCKTAIL-MAKING VERBS,COCKTAIL-MAKING VERBS,1,2024-11-20,2024-11-20,1,0,2.8,2.178112860537416,0.202477,1.419328,4
COCKTAILS,COCKTAILS,1,2025-11-21,2025-11-21,1,0,3.5,3.631386547986791,0.50357,2.790308,4
COHORT MEMBER,COHORT MEMBER,1,2026-04-08,2026-04-08,1,0,2.0,1.8458848374747503,0.124543,1.115015,4
"COLLECT, AS FROM AN ORCHARD","COLLECT, AS FROM AN ORCHARD",1,2025-02-21,2025-02-21,1,0,4.0,3.4897055027582056,0.487757,2.643109,4
COLLECTIVE NOUNS FOR BIRDS,COLLECTIVE NOUNS FOR BIRDS,1,2025-10-30,2025-10-30,1,0,3.3,2.827132024443618,0.319966,2.048572,4
COLLEGE FOOTBALL TEAM MEMBERS,COLLEGE FOOTBALL TEAM MEMBERS,1,2024-11-16,2024-11-16,1,0,2.8,3.329682893120503,0.4174,2.529351,4
COLLIDE WITH,COLLIDE WITH,1,2026-02-05,2026-02-05,1,0,1.5,1.6105369176403714,0.092837,0.87594,4
COLLOQUIAL SUFFIXES,COLLOQUIAL SUFFIXES,1,2024-12-06,2024-12-06,1,0,2.8,2.8389784691622006,0.357347,2.024821,4
COLOR ANAGRAMS,COLOR ANAGRAMS,1,2025-04-26,2025-04-26,1,0,3.3,2.5193782520655135,0.299045,1.715405,4
COLOR TYPES,COLOR TYPES,1,2024-09-22,2024-09-22,1,0,2.8,2.0870508131379033,0.182751,1.334282,4
COLORS MINUS LAST LETTER,COLORS MINUS LAST LETTER,1,2025-12-22,2025-12-22,1,0,2.0,2.494227806664073,0.264537,1.720976,4
COLORS PLUS A LETTER,COLORS PLUS A LETTER,1,2026-06-26,2026-06-26,1,0,2.8,1.8149780455310371,0.127108,1.07689,4
COLOSSAL,COLOSSAL,1,2025-07-24,2025-07-24,1,0,2.8,2.4095331146576884,0.228116,1.659951,4
"COMBINE, AS BAKING INGREDIENTS","COMBINE, AS BAKING INGREDIENTS",1,2025-07-05,2025-07-05,1,0,2.3,2.095560610660988,0.162941,1.363883,4
COME ACROSS AS,COME ACROSS AS,1,2024-07-13,2024-07-13,1,0,2.5,2.246231221386588,0.210742,1.489437,4
COMEDIC ROUTINE,COMEDIC ROUTINE,1,2025-04-23,2025-04-23,1,0,2.8,1.5506328450549798,0.098785,0.801069,4
COMEDY SUBGENRES,COMEDY SUBGENRES,1,2025-12-26,2025-12-26,1,0,2.7,3.1135065710559338,0.376958,2.32107,4
COMMENT AFTER AN INSULT,COMMENT AFTER AN INSULT,1,2025-02-03,2025-02-03,1,0,3.8,3.1390785517243227,0.39749,2.32996,4
COMMENTARY ABOUT YOUR CONNECTIONS RESULTS,COMMENTARY ABOUT YOUR CONNECTIONS RESULTS,1,2026-02-21,2026-02-21,1,0,1.8,2.5273283202856804,0.224175,1.799422,4
COMMIT A BASKETBALL INFRACTION,COMMIT A BASKETBALL INFRACTION,1,2026-05-07,2026-05-07,1,0,1.7,2.6262926329369436,0.277488,1.859973,4
COMMIT TO PAPER,COMMIT TO PAPER,1,2025-05-08,2025-05-08,1,0,4.0,2.480242396395055,0.266818,1.702604,4
COMMON COMPONENTS OF BOARD GAMES,COMMON COMPONENTS OF BOARD GAMES,1,2025-08-31,2025-08-31,1,0,3.3,3.4483168235579917,0.488855,2.594391,4
COMMON FLAG SYMBOLS,COMMON FLAG SYMBOLS,1,2026-01-07,2026-01-07,1,0,1.8,1.9255758624052082,0.134261,1.196986,4
COMMON PERFUME INGREDIENTS,COMMON PERFUME INGREDIENTS,1,2024-09-30,2024-09-30,1,0,3.7,2.775531762044678,0.301592,2.007577,4
COMMON PROMO ITEMS,COMMON PROMO ITEMS,1,2026-05-25,2026-05-25,1,0,3.0,2.955499508395663,0.358612,2.15762,4
COMMON SWAG ITEMS,COMMON SWAG ITEMS,1,2025-05-30,2025-05-30,1,0,2.8,2.900936331099757,0.344908,2.108546,4
COMMON VIDEO GAME FEATURES,COMMON VIDEO GAME FEATURES,1,2025-05-11,2025-05-11,1,0,2.8,2.710493650651314,0.32251,1.911829,4
COMMONLY STRIPED THINGS,COMMONLY STRIPED THINGS,1,2026-06-27,2026-06-27,1,0,2.5,3.699199124738877,0.5452723224206825,2.8266278558013673,4
COMMUNICATE THROUGH WRITING,COMMUNICATE THROUGH WRITING,1,2024-11-06,2024-11-06,1,0,2.4,1.6256609077025914,0.090425,0.895753,4
COMPACT MASS,COMPACT MASS,1,2026-02-11,2026-02-11,1,0,2.5,2.9219852818110295,0.349113,2.128559,4
COMPANIES NAMED AFTER ANIMALS,COMPANIES NAMED AFTER ANIMALS,1,2024-12-08,2024-12-08,1,0,3.0,2.461017780787547,0.262495,1.684808,4
COMPANIES WITH “E” REMOVED,COMPANIES WITH “E” REMOVED,1,2025-04-04,2025-04-04,1,0,2.5,2.002809814759039,0.165115,1.254994,4
COMPANY,COMPANY,1,2025-06-21,2025-06-21,1,0,3.5,4.17297592810754,0.650129,3.266878,4
COMPARATIVELY SMALL,COMPARATIVELY SMALL,1,2025-05-06,2025-05-06,1,0,2.3,1.8494318177312825,0.160493,1.083146,4
COMPETE IN A MODERN PENTATHLON,COMPETE IN A MODERN PENTATHLON,1,2025-06-01,2025-06-01,1,0,2.5,2.8021119507742234,0.329852,2.009899,4
COMPETITION,COMPETITION,1,2026-04-07,2026-04-07,1,0,2.0,2.761641957712494,0.295105,1.998083,4
COMPLAIN,COMPLAIN,1,2024-11-12,2024-11-12,1,0,3.0,2.341674628127728,0.243283,1.566709,4
COMPLAINT HOMOPHONES,COMPLAINT HOMOPHONES,1,2024-12-20,2024-12-20,1,0,1.5,1.3969002369160588,0.070396,0.65258,4
COMPLETE TURN,COMPLETE TURN,1,2025-12-01,2025-12-01,1,0,3.3,3.172793550776307,0.429061,2.33718,4
COMPONENT OF AN ARTS AND CRAFTS PROJECT,COMPONENT OF AN ARTS AND CRAFTS PROJECT,1,2025-12-18,2025-12-18,1,0,1.7,1.898899198593949,0.147915,1.152639,4
COMPONENTS OF A BRIDE’S ENSEMBLE,COMPONENTS OF A BRIDE’S ENSEMBLE,1,2025-08-14,2025-08-14,1,0,1.8,1.9415020731919517,0.139944,1.209627,4
COMPONENTS OF A FASHION SHOW,COMPONENTS OF A FASHION SHOW,1,2026-06-27,2026-06-27,1,0,2.5,3.699199124738877,0.5452723224206825,2.8266278558013673,4
COMPONENTS OF A KID’S BEDTIME ROUTINE,COMPONENTS OF A KID’S BEDTIME ROUTINE,1,2026-01-16,2026-01-16,1,0,1.8,2.9512406984821595,0.375116,2.136216,4
COMPONENTS OF A MYSTERY,COMPONENTS OF A MYSTERY,1,2025-02-01,2025-02-01,1,0,2.4,1.9855564197400666,0.127023,1.273235,4
COMPONENTS OF A PIZZA,COMPONENTS OF A PIZZA,1,2025-04-17,2025-04-17,1,0,2.5,2.262949223159291,0.190783,1.528631,4
COMPONENTS OF A RECORD PLAYER,COMPONENTS OF A RECORD PLAYER,1,2026-01-28,2026-01-28,1,0,2.3,2.894525518462614,0.341293,2.104785,4
COMPONENTS OF A SALAD,COMPONENTS OF A SALAD,1,2025-06-26,2025-06-26,1,0,2.3,3.1676377833463265,0.393526,2.366783,4
COMPONENTS OF A WEIGHTLIFTING SETUP,COMPONENTS OF A WEIGHTLIFTING SETUP,1,2026-03-22,2026-03-22,1,0,2.0,2.095608413629405,0.176335,1.350544,4
COMPONENTS OF EYEGLASSES,COMPONENTS OF EYEGLASSES,1,2024-07-10,2024-07-10,1,0,2.7,2.1733299562610875,0.183498,1.432804,4
COMPONENTS OF METAPHORS FOR THINGS THAT CAN’T BE UNDONE,COMPONENTS OF METAPHORS FOR THINGS THAT CAN’T BE UNDONE,1,2025-02-28,2025-02-28,1,0,2.8,1.7346768808946038,0.135025,0.976582,4
COMPONENTS OF ONE’S GRADE,COMPONENTS OF ONE’S GRADE,1,2025-06-19,2025-06-19,1,0,2.0,2.3524581086576957,0.209584,1.612815,4
COMPONENTS OF WHAC-A-MOLE,COMPONENTS OF WHAC-A-MOLE,1,2026-04-06,2026-04-06,1,0,3.3,3.455601126799843,0.478262,2.613365,4
COMPOSITE,COMPOSITE,1,2024-09-28,2024-09-28,1,0,4.2,2.742565965879518,0.30223,1.96901,4
COMPRISED OF SOLFEGE (DO-RE-MI),COMPRISED OF SOLFEGE (DO-RE-MI),1,2025-12-25,2025-12-25,1,0,2.5,3.3228010039582334,0.450645,2.488188,4
COMPUTER INPUT DEVICES,COMPUTER INPUT DEVICES,1,2025-03-09,2025-03-09,1,0,2.8,1.7128717741374646,0.112934,0.973585,4
COMPUTER PERIPHERALS,COMPUTER PERIPHERALS,1,2026-06-25,2026-06-25,1,0,1.0,1.3571107842956092,0.056975,0.620221,4
CON GAME,CON GAME,1,2025-07-05,2025-07-05,1,0,2.3,2.095560610660988,0.162941,1.363883,4
CONCAVITY,CONCAVITY,1,2024-10-04,2024-10-04,1,0,2.3,1.5320557423833003,0.103061,0.775419,4
CONCEALING COVER,CONCEALING COVER,1,2026-03-06,2026-03-06,1,0,3.5,2.687705541034548,0.262427,1.945693,4
CONCEPTS FROM “SEINFELD”,CONCEPTS FROM “SEINFELD”,1,2025-07-21,2025-07-21,1,0,1.5,2.337580955741483,0.246713,1.558569,4
CONCERNS FOR A DENTIST,CONCERNS FOR A DENTIST,1,2024-11-13,2024-11-13,1,0,3.2,2.8962047063713667,0.327611,2.120399,4
CONCOCTION,CONCOCTION,1,2024-12-20,2024-12-20,1,0,1.5,1.3969002369160588,0.070396,0.65258,4
CONDITIONS FOR COLLECTIBLES,CONDITIONS FOR COLLECTIBLES,1,2024-07-14,2024-07-14,1,0,2.6,1.9200715678782247,0.156635,1.168279,4
CONDUIT,CONDUIT,1,2026-05-17,2026-05-17,1,0,1.5,2.902125321296017,0.306552,2.14827,4
CONFECTION,CONFECTION,1,2025-12-10,2025-12-10,1,0,1.8,1.7777264959610841,0.09873,1.062408,4
CONFER,CONFER,1,2025-10-25,2025-10-25,1,0,2.3,2.978057294619148,0.352874,2.189312,4
CONICAL THINGS,CONICAL THINGS,1,2026-02-23,2026-02-23,1,0,1.5,2.0705335838325514,0.192379,1.30565,4
CONSERVE,CONSERVE,1,2025-02-04,2025-02-04,1,0,3.2,2.153999304978182,0.18124,1.412821,4
CONSIDERATIONS FOR MOVIE RATINGS,CONSIDERATIONS FOR MOVIE RATINGS,1,2025-06-15,2025-06-15,1,0,2.3,3.09211430811694,0.404028,2.269387,4
CONSOLE INPUTS,CONSOLE INPUTS,1,2024-09-14,2024-09-14,1,0,3.4,2.7702586600558563,0.312363,1.990739,4
CONSTITUTION,CONSTITUTION,1,2024-07-21,2024-07-21,1,0,2.7,2.6108079477493966,0.310177,1.809468,4
CONSTRUCT,CONSTRUCT,1,2026-02-12,2026-02-12,1,0,2.5,2.731125411820039,0.32038,1.937697,4
CONSTRUCTION EQUIPMENT,CONSTRUCTION EQUIPMENT,1,2026-03-01,2026-03-01,1,0,2.0,1.450925413531054,0.065457,0.719678,4
CONSUMED,CONSUMED,1,2025-03-31,2025-03-31,1,0,2.2,1.8237746608646233,0.145035,1.069084,4
"CONSUMER DESIRE, COLLECTIVELY","CONSUMER DESIRE, COLLECTIVELY",1,2024-06-26,2024-06-26,1,0,3.3,3.210815162710212,0.393307,2.41668,4
CONTACT INFO,CONTACT INFO,1,2025-09-12,2025-09-12,1,0,2.5,2.1267785564718507,0.182378,1.380364,4
CONTACT VIA TELEPHONE,CONTACT VIA TELEPHONE,1,2025-02-27,2025-02-27,1,0,3.3,1.9597184807383035,0.135854,1.234676,4
CONTAIN,CONTAIN,1,2025-12-12,2025-12-12,1,0,2.3,2.3520583020127543,0.234784,1.587155,4
CONTAINERS,CONTAINERS,1,2025-12-20,2025-12-20,1,0,2.3,2.5671351558037356,0.261944,1.807453,4
CONTAINERS FOR SHIPPING,CONTAINERS FOR SHIPPING,1,2025-12-28,2025-12-28,1,0,0.5,2.2242105666991328,0.192538,1.482305,4
CONTEMPLATE,CONTEMPLATE,1,2025-01-24,2025-01-24,1,0,2.8,2.196288418274394,0.203908,1.438809,4
CONTEMPORARY COMPOSERS,CONTEMPORARY COMPOSERS,1,2025-08-30,2025-08-30,1,0,2.5,3.7283892006432016,0.533047,2.872438,4
CONTENT SORTING OPTIONS ONLINE,CONTENT SORTING OPTIONS ONLINE,1,2026-06-23,2026-06-23,1,0,2.8,2.564878855694459,0.262127,1.804674,4
CONTENTION,CONTENTION,1,2026-02-04,2026-02-04,1,0,2.0,3.1812755356632225,0.38682,2.38918,4
CONTENTS OF A POD,CONTENTS OF A POD,1,2025-06-18,2025-06-18,1,0,3.0,2.6930725106704427,0.34448,1.869815,4
CONTINUOUS,CONTINUOUS,1,2024-09-09,2024-09-09,1,0,3.3,2.751182668222881,0.300626,1.980528,4
CONTORTED,CONTORTED,1,2024-11-09,2024-11-09,1,0,2.0,1.934844423408801,0.148581,1.19333,4
CONTROLLED WITH UP/DOWN BUTTONS,CONTROLLED WITH UP/DOWN BUTTONS,1,2026-05-07,2026-05-07,1,0,1.7,2.6262926329369436,0.277488,1.859973,4
CONTRONYMS (WORDS THAT CAN MEAN OPPOSITE THINGS),CONTRONYMS (WORDS THAT CAN MEAN OPPOSITE THINGS),1,2025-08-02,2025-08-02,1,0,3.3,3.304322983802909,0.415721,2.501852,4
CONVENIENTLY LOCATED,CONVENIENTLY LOCATED,1,2025-08-17,2025-08-17,1,0,2.0,2.949617135845746,0.322919,2.186545,4
COOK IN A PAN,COOK IN A PAN,1,2024-09-01,2024-09-01,1,0,3.4,3.121319314385012,0.391337,2.31568,4
COOK WITH DRY HEAT,COOK WITH DRY HEAT,1,2026-03-10,2026-03-10,1,0,2.8,2.807250335306598,0.275883,2.06978,4
COOK WITH HEAT AND WATER,COOK WITH HEAT AND WATER,1,2024-09-30,2024-09-30,1,0,3.7,2.775531762044678,0.301592,2.007577,4
COOKIE CUTTER SHAPES IN “SQUID GAME”,COOKIE CUTTER SHAPES IN “SQUID GAME”,1,2025-02-20,2025-02-20,1,0,4.0,1.9600244197361716,0.122671,1.248211,4
COOKING CONCOCTIONS,COOKING CONCOCTIONS,1,2025-04-29,2025-04-29,1,0,3.3,2.2436203101661465,0.167167,1.530008,4
COOKING VESSELS,COOKING VESSELS,1,2024-12-21,2024-12-21,1,0,3.0,2.861504097025114,0.277064,2.131021,4
"COOL, IN ’80S SLANG","COOL, IN ’80S SLANG",1,2024-10-10,2024-10-10,1,0,3.4,3.1278535455951593,0.385581,2.328954,4
COPACETIC,COPACETIC,1,2025-06-03,2025-06-03,1,0,2.3,2.849980105057125,0.334969,2.059857,4
COPY___,COPY___,1,2025-10-22,2025-10-22,1,1,2.8,3.113204977782467,0.419168,2.278513,4
CORE EXERCISES,CORE EXERCISES,1,2024-11-02,2024-11-02,1,0,3.0,3.378852157289224,0.432908,2.570415,4
CORN-Y THINGS,CORN-Y THINGS,1,2025-08-09,2025-08-09,1,0,2.8,2.631841253852823,0.307116,1.836729,4
CORNERS,CORNERS,1,2025-01-20,2025-01-20,1,0,3.0,2.5960637739998704,0.276398,1.826283,4
CORPORATE DEPARTMENTS,CORPORATE DEPARTMENTS,1,2025-01-09,2025-01-09,1,0,2.5,1.5469928662962547,0.09515,0.800516,4
CORRESPOND WELL WITH,CORRESPOND WELL WITH,1,2025-02-16,2025-02-16,1,0,3.0,3.293525596954856,0.445268,2.459882,4
CORRESPONDENCE,CORRESPONDENCE,1,2025-07-03,2025-07-03,1,0,2.8,2.3518262403297125,0.23072,1.590952,4
COST,COST,1,2025-11-06,2025-11-06,1,0,2.8,2.3941153536259243,0.172426,1.697902,4
COUNTED IN DOCUMENT WORD COUNTS,COUNTED IN DOCUMENT WORD COUNTS,1,2026-06-10,2026-06-10,1,0,1.5,2.5299340166368403,0.250994,1.775601,4
COUNTRIES MINUS FIRST LETTER,COUNTRIES MINUS FIRST LETTER,1,2024-12-10,2024-12-10,1,0,3.8,1.9005088549122773,0.160755,1.141651,4
COURT FILING,COURT FILING,1,2025-01-19,2025-01-19,1,0,3.0,2.6011169823339744,0.28358,1.824915,4
COVER WITH A THICK LAYER,COVER WITH A THICK LAYER,1,2024-08-21,2024-08-21,1,0,3.4,3.93173086026028,0.58474,3.054701,4
CRABBY,CRABBY,1,2025-10-16,2025-10-16,1,0,2.3,2.847673394544791,0.35132,2.040852,4
CRATER,CRATER,1,2025-02-18,2025-02-18,1,0,2.5,1.7264764989489083,0.105464,0.996708,4
CRAVING,CRAVING,1,2026-02-28,2026-02-28,1,0,2.8,2.820188425994846,0.34436,2.016189,4
CREAMY SALAD DRESSINGS,CREAMY SALAD DRESSINGS,1,2026-06-16,2026-06-16,1,0,2.0,2.2344447476647464,0.215421,1.471197,4
CREATE,CREATE,1,2025-12-25,2025-12-25,1,0,2.5,3.3228010039582334,0.450645,2.488188,4
CREATE SOME VOLUME/TEXTURE IN HAIR,CREATE SOME VOLUME/TEXTURE IN HAIR,1,2025-02-22,2025-02-22,1,0,3.0,2.4449611982687576,0.229145,1.699684,4
"CREATE, AS RESULTS","CREATE, AS RESULTS",1,2024-07-27,2024-07-27,1,0,2.6,2.567083876255798,0.279211,1.790127,4
CREDENTIALS FOR ENTRY,CREDENTIALS FOR ENTRY,1,2026-02-02,2026-02-02,1,0,2.5,3.2540281770141903,0.408,2.451706,4
CREDIT CARD INFO,CREDIT CARD INFO,1,2025-07-13,2025-07-13,1,0,2.4,2.415341609892779,0.248499,1.646251,4
CRIME ORGANIZATION,CRIME ORGANIZATION,1,2025-06-09,2025-06-09,1,0,2.5,2.659353165894057,0.251502,1.923997,4
CRITICIZE HARSHLY,CRITICIZE HARSHLY,1,2025-08-31,2025-08-31,1,0,3.3,3.4483168235579917,0.488855,2.594391,4
CRUNCHY SNACK ITEM,CRUNCHY SNACK ITEM,1,2026-06-26,2026-06-26,1,0,2.8,1.8149780455310371,0.127108,1.07689,4
CRUSH INTO A COMPACT SHAPE,CRUSH INTO A COMPACT SHAPE,1,2025-01-04,2025-01-04,1,0,3.0,2.581596857467162,0.28127,1.804766,4
CUDDLE,CUDDLE,1,2025-12-04,2025-12-04,1,0,2.0,1.6513719515518297,0.094941,0.920819,4
CULTURAL SYMBOLS OF THE U.S.,CULTURAL SYMBOLS OF THE U.S.,1,2026-02-05,2026-02-05,1,0,1.5,1.6105369176403714,0.092837,0.87594,4
CURRENCIES PLUS A LETTER,CURRENCIES PLUS A LETTER,1,2026-05-12,2026-05-12,1,0,3.3,3.9957268669421566,0.62178,3.091292,4
CURRENCY SYMBOLS,CURRENCY SYMBOLS,1,2025-04-01,2025-04-01,1,0,4.6,4.347280326418446,0.712361,3.405193,4
CURRENT SITUATION,CURRENT SITUATION,1,2024-06-16,2024-06-16,1,0,2.5,2.3442924925072126,0.227135,1.585869,4
CURSE,CURSE,1,2024-12-06,2024-12-06,1,0,2.8,2.8389784691622006,0.357347,2.024821,4
CURSES,CURSES,1,2025-09-02,2025-09-02,1,0,2.8,2.037008927509354,0.195516,1.263941,4
CUT INTO PIECES,CUT INTO PIECES,1,2026-02-03,2026-02-03,1,0,2.8,2.5434379206421687,0.224056,1.818076,4
CUT THE ___,CUT THE ___,1,2024-11-08,2024-11-08,1,1,2.8,3.287480694312322,0.447323,2.450872,4
CYLINDER OF MATERIAL,CYLINDER OF MATERIAL,1,2025-03-03,2025-03-03,1,0,3.3,2.7332930591515243,0.310471,1.9501,4
CYLINDER-SHAPED THINGS,CYLINDER-SHAPED THINGS,1,2024-10-26,2024-10-26,1,0,2.3,1.8554723746494157,0.128918,1.121671,4
DANCE EVENTS PLUS A LETTER,DANCE EVENTS PLUS A LETTER,1,2025-01-26,2025-01-26,1,0,3.0,2.194354570915711,0.198605,1.441887,4
DANCE MOVES,DANCE MOVES,1,2025-06-29,2025-06-29,1,0,2.5,2.7868010945627373,0.266489,2.055646,4
DANCES,DANCES,1,2025-12-16,2025-12-16,1,0,2.7,3.0271344294305567,0.376569,2.222083,4
DAPPER,DAPPER,1,2025-07-01,2025-07-01,1,0,3.0,2.3639560262792756,0.238481,1.597147,4
DARK ___,DARK ___,1,2025-08-11,2025-08-11,1,1,1.8,2.1003426457924363,0.182595,1.349731,4
DAUNT,DAUNT,1,2026-01-26,2026-01-26,1,0,3.3,3.392794979459107,0.479052,2.540313,4
DECORATIVE EDGE,DECORATIVE EDGE,1,2024-09-26,2024-09-26,1,0,2.6,2.364572249999413,0.261564,1.574773,4
DECREASE,DECREASE,1,2024-09-15,2024-09-15,1,0,2.9,2.289192183675277,0.194768,1.55484,4
DEEM,DEEM,1,2024-08-29,2024-08-29,1,0,3.0,3.4482942257911033,0.491517,2.591703,4
DEFEAT SOUNDLY,DEFEAT SOUNDLY,1,2025-05-03,2025-05-03,1,0,4.3,4.008014837259935,0.619645,3.107565,4
DEFER,DEFER,1,2024-12-19,2024-12-19,1,0,3.3,3.477440999352195,0.486147,2.630608,4
DEJECTED,DEJECTED,1,2025-02-02,2025-02-02,1,0,3.0,3.992448452453638,0.611442,3.097858,4
DELIBERATION,DELIBERATION,1,2024-12-09,2024-12-09,1,0,2.6,2.2275654659371176,0.183603,1.4951,4
DELICATE,DELICATE,1,2025-02-06,2025-02-06,1,0,2.5,2.0957587756936977,0.188119,1.338933,4
"DELIVER, AS A PACKAGE","DELIVER, AS A PACKAGE",1,2024-06-17,2024-06-17,1,0,3.5,3.101886973151111,0.381187,2.303472,4
DEMEANOR,DEMEANOR,1,2026-06-18,2026-06-18,1,0,1.7,2.615981967221863,0.282872,1.842726,4
DEMI MOORE MOVIES,DEMI MOORE MOVIES,1,2026-06-05,2026-06-05,1,0,1.8,2.6847765227879137,0.328858,1.875892,4
DEMOLISH,DEMOLISH,1,2026-06-07,2026-06-07,1,0,2.8,2.8718390987968436,0.338317,2.081659,4
"DEMONSTRATION, AS OF APPRECIATION","DEMONSTRATION, AS OF APPRECIATION",1,2025-02-13,2025-02-13,1,0,3.0,2.2986067610187613,0.195981,1.564459,4
DENTAL ADDITIONS,DENTAL ADDITIONS,1,2025-06-30,2025-06-30,1,0,3.3,3.543662016927657,0.515863,2.677083,4
DEPICTED IN DALÍ’S “THE PERSISTENCE OF MEMORY”,DEPICTED IN DALÍ’S “THE PERSISTENCE OF MEMORY”,1,2025-01-04,2025-01-04,1,0,3.0,2.581596857467162,0.28127,1.804766,4
DEPLETE,DEPLETE,1,2024-11-14,2024-11-14,1,0,2.6,2.562127143003407,0.256397,1.807238,4
DERRIERE,DERRIERE,1,2025-08-14,2025-08-14,1,0,1.8,1.9415020731919517,0.139944,1.209627,4
DESCENDANTS,DESCENDANTS,1,2025-12-16,2025-12-16,1,0,2.7,3.0271344294305567,0.376569,2.222083,4
DESCRIBED AS DRY,DESCRIBED AS DRY,1,2024-08-28,2024-08-28,1,0,3.7,3.264191957244499,0.428934,2.442466,4
DESCRIPTORS FOR GRAYING HAIR,DESCRIPTORS FOR GRAYING HAIR,1,2026-02-22,2026-02-22,1,0,3.0,2.359138356207734,0.248707,1.581378,4
DESCRIPTORS FOR SWISS CHEESE,DESCRIPTORS FOR SWISS CHEESE,1,2026-04-10,2026-04-10,1,0,2.8,2.902467764378858,0.333966,2.12125,4
DESERVED,DESERVED,1,2025-10-02,2025-10-02,1,0,2.0,2.397513710107924,0.218289,1.655949,4
DESIRE,DESIRE,1,2025-01-18,2025-01-18,1,0,3.0,2.442676216378431,0.222691,1.703509,4
DESIST,DESIST,1,2025-04-15,2025-04-15,1,0,2.7,2.7561168037083834,0.321631,1.9652,4
DESPICABLE,DESPICABLE,1,2026-03-24,2026-03-24,1,0,3.0,2.8889282254334376,0.34842,2.091218,4
DESTINED,DESTINED,1,2026-05-10,2026-05-10,1,0,1.5,2.6070410738381464,0.282971,1.83234,4
DESTROY,DESTROY,1,2026-01-18,2026-01-18,1,0,1.7,2.257844735277249,0.159355,1.554186,4
DETAILED,DETAILED,1,2025-07-12,2025-07-12,1,0,2.8,3.1469121545305283,0.383364,2.353099,4
DETECTIVE MOVIES,DETECTIVE MOVIES,1,2026-05-11,2026-05-11,1,0,2.0,2.5219483134765808,0.28649,1.730917,4
DETECTIVES OF KID-LIT,DETECTIVES OF KID-LIT,1,2025-05-20,2025-05-20,1,0,2.5,2.508705152935345,0.25437,1.7478,4
"DEVELOP, AS IDEAS","DEVELOP, AS IDEAS",1,2024-07-03,2024-07-03,1,0,2.8,2.5739353453472567,0.295687,1.781534,4
DEVISE,DEVISE,1,2024-10-22,2024-10-22,1,0,2.5,2.3418371582203457,0.193152,1.617027,4
DIAMETRIC,DIAMETRIC,1,2025-05-26,2025-05-26,1,0,2.0,1.8202720069969864,0.151221,1.058868,4
DICKENS CHARACTERS,DICKENS CHARACTERS,1,2025-03-04,2025-03-04,1,0,4.3,4.095931449337618,0.63019,3.198173,4
DIFFERENT AMOUNTS OF HAIR,DIFFERENT AMOUNTS OF HAIR,1,2024-12-29,2024-12-29,1,0,2.0,1.6793784070299584,0.090275,0.957708,4
DIGITAL WATCH FEATURES,DIGITAL WATCH FEATURES,1,2025-10-25,2025-10-25,1,0,2.3,2.978057294619148,0.352874,2.189312,4
DINNER OPTIONS,DINNER OPTIONS,1,2025-12-19,2025-12-19,1,0,2.0,2.114264608485192,0.188739,1.359605,4
DIRECT,DIRECT,1,2026-03-21,2026-03-21,1,0,2.3,3.4058799556321273,0.456952,2.577468,4
DIRTY ___,DIRTY ___,1,2025-09-26,2025-09-26,1,1,3.0,2.61430191016823,0.254204,1.869461,4
DISCONTINUE,DISCONTINUE,1,2025-05-16,2025-05-16,1,0,4.0,2.906871721487373,0.347026,2.113257,4
DISCOUNT,DISCOUNT,1,2025-07-29,2025-07-29,1,0,2.3,2.8858158176170585,0.327099,2.108958,4
DISHWASHER CYCLES,DISHWASHER CYCLES,1,2024-10-01,2024-10-01,1,0,3.6,3.063721083167075,0.384733,2.256014,4
DISNEY ANIMATED CHARACTERS PLUS A LETTER,DISNEY ANIMATED CHARACTERS PLUS A LETTER,1,2025-07-14,2025-07-14,1,0,3.0,2.7860119110114185,0.331674,1.989553,4
DISNEY CHARACTERS,DISNEY CHARACTERS,1,2024-10-04,2024-10-04,1,0,2.3,1.5320557423833003,0.103061,0.775419,4
DISNEY PRINCESSES,DISNEY PRINCESSES,1,2025-09-07,2025-09-07,1,0,3.0,3.1595868943200442,0.39394,2.357106,4
DISNEY PRINCESSES MINUS LAST LETTER,DISNEY PRINCESSES MINUS LAST LETTER,1,2026-06-03,2026-06-03,1,0,2.5,3.304633268525178,0.433861,2.484069,4
DISPLAY OF ROWS AND COLUMNS,DISPLAY OF ROWS AND COLUMNS,1,2025-01-11,2025-01-11,1,0,2.6,3.2214091696562726,0.38686,2.435316,4
DISREGARD,DISREGARD,1,2024-11-26,2024-11-26,1,0,2.3,2.2809857177154194,0.220516,1.51965,4
DISREPUTABLE ESTABLISHMENT,DISREPUTABLE ESTABLISHMENT,1,2025-12-15,2025-12-15,1,0,1.0,2.2033250152253583,0.207158,1.443655,4
DISTINCTIVE FEATURES OF AN ELEPHANT,DISTINCTIVE FEATURES OF AN ELEPHANT,1,2025-01-08,2025-01-08,1,0,3.3,2.935824675740156,0.354305,2.13929,4
DISTINCTIVE NUMBER OF ARMS (OR LACK THEREOF),DISTINCTIVE NUMBER OF ARMS (OR LACK THEREOF),1,2024-10-02,2024-10-02,1,0,2.8,2.4240938988374694,0.268732,1.636088,4
DISTINGUISHING CHARACTERISTICS,DISTINGUISHING CHARACTERISTICS,1,2025-08-26,2025-08-26,1,0,3.3,3.7935550763339716,0.55044,2.930022,4
DISTURB,DISTURB,1,2026-03-20,2026-03-20,1,0,2.8,3.3016773067872545,0.456544,2.457985,4
DITTY,DITTY,1,2025-06-07,2025-06-07,1,0,2.5,3.5283216097902406,0.490953,2.684343,4
DIVIDE,DIVIDE,1,2024-06-25,2024-06-25,1,0,3.2,2.2804981274375673,0.211467,1.528138,4
DIVULGE,DIVULGE,1,2025-02-15,2025-02-15,1,0,3.3,2.228737073235771,0.203751,1.4763,4
"DIVULGE, AS PRIVATE INFORMATION","DIVULGE, AS PRIVATE INFORMATION",1,2024-06-25,2024-06-25,1,0,3.2,2.2804981274375673,0.211467,1.528138,4
DO EXCEPTIONALLY WELL,DO EXCEPTIONALLY WELL,1,2025-08-30,2025-08-30,1,0,2.5,3.7283892006432016,0.533047,2.872438,4
DO SOME GROOMING,DO SOME GROOMING,1,2025-07-01,2025-07-01,1,0,3.0,2.3639560262792756,0.238481,1.597147,4
DO SOME TASKS IN THE GARDEN,DO SOME TASKS IN THE GARDEN,1,2025-03-06,2025-03-06,1,0,2.8,2.7814245643331588,0.335898,1.980051,4
DO WRONG,DO WRONG,1,2025-04-12,2025-04-12,1,0,2.5,2.8222578599548567,0.372348,1.990582,4
DOCTORS IN POP CULTURE,DOCTORS IN POP CULTURE,1,2025-01-21,2025-01-21,1,0,2.0,2.2311819777840745,0.215821,1.467043,4
DOCUMENTS OF OWNERSHIP,DOCUMENTS OF OWNERSHIP,1,2025-02-12,2025-02-12,1,0,4.0,3.7979964066723397,0.573459,2.912113,4
DOG BREEDS MINUS “ER” SOUND,DOG BREEDS MINUS “ER” SOUND,1,2025-02-16,2025-02-16,1,0,3.0,3.293525596954856,0.445268,2.459882,4
"DOG BREEDS, INFORMALLY","DOG BREEDS, INFORMALLY",1,2025-04-19,2025-04-19,1,0,3.0,2.172673751876456,0.202768,1.412779,4
DOG ___,DOG ___,1,2025-01-02,2025-01-02,1,1,2.8,3.7470619092517152,0.557864,2.869105,4
DOGS OF THE SCREEN,DOGS OF THE SCREEN,1,2025-06-14,2025-06-14,1,0,2.5,3.127151276531871,0.38259,2.331137,4
DOGS WITH FIRST LETTER CHANGED,DOGS WITH FIRST LETTER CHANGED,1,2025-12-28,2025-12-28,1,0,0.5,2.2242105666991328,0.192538,1.482305,4
DOMINANT,DOMINANT,1,2026-06-22,2026-06-22,1,0,2.0,1.7773988283412083,0.129023,1.031738,4
DOUBLE ___,DOUBLE ___,1,2024-11-19,2024-11-19,1,1,3.7,2.6880975253755666,0.311614,1.896957,4
DOWNRIGHT,DOWNRIGHT,1,2026-02-13,2026-02-13,1,0,2.4,2.9716742946181745,0.366916,2.167926,4
DR. SEUSS TITLE FIGURES,DR. SEUSS TITLE FIGURES,1,2024-08-20,2024-08-20,1,0,2.2,3.0135957596300162,0.367363,2.215712,4
DRAPED ACCESSORIES,DRAPED ACCESSORIES,1,2024-10-12,2024-10-12,1,0,2.4,1.8736531472556748,0.16784,1.103667,4
DRAPERY HANGING ITEMS,DRAPERY HANGING ITEMS,1,2025-06-16,2025-06-16,1,0,2.8,2.1388205587885025,0.206073,1.370524,4
DRAW ___,DRAW ___,1,2026-02-09,2026-02-09,1,1,2.3,1.8360565471682402,0.129742,1.098508,4
DRAWBACK,DRAWBACK,1,2024-07-26,2024-07-26,1,0,2.6,3.0756892081689005,0.415864,2.238653,4
DREAD-INDUCING FIGURES,DREAD-INDUCING FIGURES,1,2025-07-23,2025-07-23,1,0,2.8,2.0681608183093134,0.159662,1.335637,4
DRESS IN,DRESS IN,1,2025-10-11,2025-10-11,1,0,1.8,2.000900303457004,0.140343,1.277569,4
DRESS MEASUREMENTS,DRESS MEASUREMENTS,1,2026-04-19,2026-04-19,1,0,2.0,4.069128759518714,0.641363,3.156162,4
DRINK GARNISHES,DRINK GARNISHES,1,2024-06-18,2024-06-18,1,0,3.0,2.6004242738643697,0.280664,1.827034,4
DRIVING INSTRUCTOR DIRECTIVES,DRIVING INSTRUCTOR DIRECTIVES,1,2025-01-13,2025-01-13,1,0,2.6,1.8331023237200768,0.107055,1.117796,4
DRS,DRS,1,2025-07-06,2025-07-06,1,0,1.8,1.3508233902314695,0.080801,0.589161,4
DURATION,DURATION,1,2026-02-02,2026-02-02,1,0,2.5,3.2540281770141903,0.408,2.451706,4
DUST ___,DUST ___,1,2025-12-11,2025-12-11,1,1,1.5,2.1946387812915713,0.214822,1.425997,4
DUTCH SYMBOLS,DUTCH SYMBOLS,1,2025-01-01,2025-01-01,1,0,3.0,2.171295288096289,0.17966,1.434301,4
DVD BONUS FEATURES,DVD BONUS FEATURES,1,2026-02-10,2026-02-10,1,0,1.5,2.642562155951408,0.302715,1.853465,4
DVR BUTTONS,DVR BUTTONS,1,2024-11-06,2024-11-06,1,0,2.4,1.6256609077025914,0.090425,0.895753,4
EAR PIERCING SITES,EAR PIERCING SITES,1,2025-05-25,2025-05-25,1,0,2.3,2.825453705679745,0.311209,2.055398,4
EARN,EARN,1,2025-01-05,2025-01-05,1,0,2.0,2.633112812812712,0.249526,1.895782,4
EARNINGS,EARNINGS,1,2026-02-11,2026-02-11,1,0,2.5,2.9219852818110295,0.349113,2.128559,4
EASTER SUPPLIES,EASTER SUPPLIES,1,2026-02-19,2026-02-19,1,0,1.5,1.7836584097691786,0.139609,1.028354,4
EASY ___,EASY ___,1,2024-11-03,2024-11-03,1,1,2.2,1.424154882072722,0.069266,0.685068,4
ECCLESIASTICAL TITLES,ECCLESIASTICAL TITLES,1,2024-09-08,2024-09-08,1,0,3.3,3.0250493508627003,0.31579,2.280463,4
ECHOEY PLACES,ECHOEY PLACES,1,2025-10-01,2025-10-01,1,0,3.5,3.9616476961853233,0.60087,3.072992,4
EDDIE MURPHY ROLES,EDDIE MURPHY ROLES,1,2025-09-10,2025-09-10,1,0,3.3,2.9928266735702027,0.363769,2.19541,4
EFFERVESCENCE,EFFERVESCENCE,1,2024-10-09,2024-10-09,1,0,3.3,3.5396813333758512,0.474833,2.713533,4
EFFORTLESS,EFFORTLESS,1,2024-07-20,2024-07-20,1,0,2.6,1.8989157123466747,0.137687,1.162886,4
EGG ___,EGG ___,1,2026-03-20,2026-03-20,1,1,2.8,3.3016773067872545,0.456544,2.457985,4
EL ___,EL ___,1,2025-12-07,2025-12-07,1,1,2.8,2.448868004505737,0.236659,1.696665,4
ELECTRIC ___,ELECTRIC ___,1,2025-07-18,2025-07-18,1,1,2.5,3.408962812522576,0.486285,2.551682,4
ELECTROMAGNETIC SPECTRUM,ELECTROMAGNETIC SPECTRUM,1,2024-08-07,2024-08-07,1,0,3.3,2.827131155298738,0.314563,2.053974,4
ELECTRONIC DANCE MUSIC GENRES,ELECTRONIC DANCE MUSIC GENRES,1,2024-11-24,2024-11-24,1,0,3.0,2.868835334090503,0.381107,2.035413,4
ELEMENTARY,ELEMENTARY,1,2026-02-25,2026-02-25,1,0,2.3,2.979046381492937,0.343293,2.200031,4
"ELEMENTS OF ""SATURDAY NIGHT FEVER""","ELEMENTS OF ""SATURDAY NIGHT FEVER""",1,2026-02-19,2026-02-19,1,0,1.5,1.7836584097691786,0.139609,1.028354,4
ELEMENTS OF A CLASSIC “MOM” TATTOO,ELEMENTS OF A CLASSIC “MOM” TATTOO,1,2025-06-14,2025-06-14,1,0,2.5,3.127151276531871,0.38259,2.331137,4
ELEMENTS OF GREEK DRAMA,ELEMENTS OF GREEK DRAMA,1,2025-04-15,2025-04-15,1,0,2.7,2.7561168037083834,0.321631,1.9652,4
ELEMENTS OF JOKE-TELLING,ELEMENTS OF JOKE-TELLING,1,2026-02-26,2026-02-26,1,0,2.3,3.4114494360251344,0.450213,2.590615,4
ELEMENTS OF WRITING,ELEMENTS OF WRITING,1,2024-11-15,2024-11-15,1,0,3.0,2.812021940699483,0.262188,2.088965,4
EMAIL FOLDERS,EMAIL FOLDERS,1,2024-12-13,2024-12-13,1,0,1.5,2.7823623716590102,0.303154,2.013874,4
EMANATE,EMANATE,1,2025-10-27,2025-10-27,1,0,2.3,2.16580316159763,0.179189,1.428453,4
EMBED,EMBED,1,2024-09-28,2024-09-28,1,0,4.2,2.742565965879518,0.30223,1.96901,4
EMBLEM,EMBLEM,1,2025-03-07,2025-03-07,1,0,4.3,2.8505320120561204,0.345278,2.050183,4
EMBODIMENT,EMBODIMENT,1,2024-07-13,2024-07-13,1,0,2.5,2.246231221386588,0.210742,1.489437,4
EMIT,EMIT,1,2026-04-12,2026-04-12,1,0,2.0,1.7093734659942297,0.113419,0.969075,4
EMOJI,EMOJI,1,2024-07-18,2024-07-18,1,0,3.2,3.083462839978366,0.364348,2.299113,4
EMOTICON MOUTHS,EMOTICON MOUTHS,1,2025-04-01,2025-04-01,1,0,4.6,4.347280326418446,0.712361,3.405193,4
EMPLOY,EMPLOY,1,2025-04-05,2025-04-05,1,0,3.8,2.9464273741350198,0.349796,2.155998,4
EMULATE,EMULATE,1,2025-08-03,2025-08-03,1,0,2.6,1.6716795216802003,0.095165,0.94396,4
ENCOURAGING RESPONSES IN A GUESSING GAME,ENCOURAGING RESPONSES IN A GUESSING GAME,1,2025-05-18,2025-05-18,1,0,2.3,2.3951548509027716,0.239781,1.631743,4
ENDING IN ACCESSORIES,ENDING IN ACCESSORIES,1,2025-10-24,2025-10-24,1,0,2.5,2.176988187062299,0.173877,1.446634,4
ENDING IN BODIES OF WATER,ENDING IN BODIES OF WATER,1,2026-04-11,2026-04-11,1,0,2.5,2.1553551709914607,0.172479,1.423142,4
"ENDING IN CANDY BRANDS MINUS ""S""","ENDING IN CANDY BRANDS MINUS ""S""",1,2026-05-08,2026-05-08,1,0,2.0,2.166091717697892,0.179971,1.428003,4
ENDING IN COLOR HOMOPHONES,ENDING IN COLOR HOMOPHONES,1,2025-11-30,2025-11-30,1,0,2.7,3.2922514305603268,0.436024,2.46766,4
ENDING IN COLORS,ENDING IN COLORS,1,2025-11-24,2025-11-24,1,0,2.5,2.7312149337427107,0.242163,2.016017,4
ENDING IN FAMILY WORDS,ENDING IN FAMILY WORDS,1,2026-02-25,2026-02-25,1,0,2.3,2.979046381492937,0.343293,2.200031,4
ENDING IN FEMALE ANIMALS,ENDING IN FEMALE ANIMALS,1,2026-03-14,2026-03-14,1,0,2.0,2.734235212201777,0.305861,1.955794,4
ENDING IN HORSE GAITS,ENDING IN HORSE GAITS,1,2026-06-27,2026-06-27,1,0,2.5,3.699199124738877,0.5452723224206825,2.8266278558013673,4
ENDING IN METHODS OF TRANSPORTATION,ENDING IN METHODS OF TRANSPORTATION,1,2026-06-05,2026-06-05,1,0,1.8,2.6847765227879137,0.328858,1.875892,4
ENDING IN MODAL AUXILIARY VERBS,ENDING IN MODAL AUXILIARY VERBS,1,2026-06-02,2026-06-02,1,0,2.0,1.9906148429434527,0.162259,1.243819,4
ENDING IN MUSIC GENRES,ENDING IN MUSIC GENRES,1,2026-03-19,2026-03-19,1,0,1.5,1.9283406122694644,0.129178,1.20525,4
ENDING IN NBA PLAYERS,ENDING IN NBA PLAYERS,1,2026-04-27,2026-04-27,1,0,3.0,3.647664762450059,0.510224,2.802383,4
ENDING IN NICKNAME HOMOPHONES,ENDING IN NICKNAME HOMOPHONES,1,2026-03-23,2026-03-23,1,0,2.0,2.6590819926914016,0.318585,1.856602,4
"ENDING IN SYNONYMS FOR ""AGGREGATE""","ENDING IN SYNONYMS FOR ""AGGREGATE""",1,2026-06-19,2026-06-19,1,0,2.0,3.3674237712580686,0.445111,2.545063,4
"ENDING IN SYNONYMS FOR ""ASAP""","ENDING IN SYNONYMS FOR ""ASAP""",1,2026-05-16,2026-05-16,1,0,2.0,2.448761099685459,0.247786,1.685415,4
"ENDING IN SYNONYMS FOR ""CLIP""","ENDING IN SYNONYMS FOR ""CLIP""",1,2025-07-09,2025-07-09,1,0,2.5,1.8092234372785252,0.143525,1.053852,4
"ENDING IN SYNONYMS FOR ""LOCATION""","ENDING IN SYNONYMS FOR ""LOCATION""",1,2025-11-18,2025-11-18,1,0,2.3,2.4869504565812637,0.265705,1.711435,4
ENDING IN SYNONYMS FOR “FRIEND”,ENDING IN SYNONYMS FOR “FRIEND”,1,2024-12-11,2024-12-11,1,0,1.0,3.6991824560853694,0.54633,2.825551,4
"ENDING IN THE ""LITTLE WOMEN"" MARCH SISTERS","ENDING IN THE ""LITTLE WOMEN"" MARCH SISTERS",1,2026-05-27,2026-05-27,1,0,2.3,2.814435556032095,0.32029,2.03364,4
ENDING IN U.S. COINS,ENDING IN U.S. COINS,1,2026-01-12,2026-01-12,1,0,1.7,1.5128963126418156,0.070486,0.78595,4
ENDING IN WORDS FOR CELLULAR CONNECTIVITY,ENDING IN WORDS FOR CELLULAR CONNECTIVITY,1,2026-03-27,2026-03-27,1,0,1.8,2.4531381133026846,0.253975,1.684262,4
ENDING WITH ALCOHOLIC BEVERAGES,ENDING WITH ALCOHOLIC BEVERAGES,1,2025-12-27,2025-12-27,1,0,2.7,3.0852984739655733,0.348613,2.31696,4
ENDING WITH ANIMALS,ENDING WITH ANIMALS,1,2025-11-03,2025-11-03,1,0,3.5,2.126651661319326,0.173547,1.389049,4
ENDING WITH BEER BRANDS,ENDING WITH BEER BRANDS,1,2025-01-17,2025-01-17,1,0,3.5,3.3657932554626133,0.415025,2.573273,4
ENDING WITH BUILDING MATERIALS,ENDING WITH BUILDING MATERIALS,1,2025-05-16,2025-05-16,1,0,4.0,2.906871721487373,0.347026,2.113257,4
ENDING WITH CHEMICAL ELEMENTS,ENDING WITH CHEMICAL ELEMENTS,1,2024-08-24,2024-08-24,1,0,2.4,2.552507447468171,0.296334,1.756233,4
ENDING WITH COLORS,ENDING WITH COLORS,1,2025-05-13,2025-05-13,1,0,2.8,1.7724629545659456,0.137249,1.017833,4
ENDING WITH DRINKING VESSELS,ENDING WITH DRINKING VESSELS,1,2026-01-29,2026-01-29,1,0,2.3,2.045913316808098,0.154628,1.315074,4
ENDING WITH FISH,ENDING WITH FISH,1,2025-07-17,2025-07-17,1,0,2.8,2.8915347909294775,0.36416,2.078477,4
ENDING WITH GREEK LETTERS,ENDING WITH GREEK LETTERS,1,2024-09-12,2024-09-12,1,0,3.2,3.020568909004718,0.36094,2.230158,4
ENDING WITH HOMOPHONES OF PARTS OF THE LEG,ENDING WITH HOMOPHONES OF PARTS OF THE LEG,1,2025-07-06,2025-07-06,1,0,1.8,1.3508233902314695,0.080801,0.589161,4
ENDING WITH KEYBOARD KEYS,ENDING WITH KEYBOARD KEYS,1,2025-08-28,2025-08-28,1,0,2.3,1.8416859985579874,0.12207,1.112657,4
ENDING WITH KINDS OF DOGS,ENDING WITH KINDS OF DOGS,1,2025-06-06,2025-06-06,1,0,2.5,2.2638870304851424,0.190736,1.529757,4
ENDING WITH MEDIEVAL WEAPONS,ENDING WITH MEDIEVAL WEAPONS,1,2025-04-05,2025-04-05,1,0,3.8,2.9464273741350198,0.349796,2.155998,4
ENDING WITH NUMBER HOMOPHONES,ENDING WITH NUMBER HOMOPHONES,1,2025-09-30,2025-09-30,1,0,3.0,2.8438708856934483,0.358919,2.028878,4
ENDING WITH PLAYING CARDS,ENDING WITH PLAYING CARDS,1,2025-06-26,2025-06-26,1,0,2.3,3.1676377833463265,0.393526,2.366783,4
ENDING WITH SILENT “T”,ENDING WITH SILENT “T”,1,2025-03-16,2025-03-16,1,0,3.3,3.2904688144108176,0.460119,2.441514,4
"ENDING WITH SYNONYMS FOR ""SWINDLE""","ENDING WITH SYNONYMS FOR ""SWINDLE""",1,2025-10-13,2025-10-13,1,0,3.3,1.4404835069390474,0.075822,0.697299,4
ENDING WITH SYNONYMS FOR “PLUNGE”,ENDING WITH SYNONYMS FOR “PLUNGE”,1,2025-01-01,2025-01-01,1,0,3.0,2.171295288096289,0.17966,1.434301,4
ENDING WITH SYNONYMS FOR “YUCK”,ENDING WITH SYNONYMS FOR “YUCK”,1,2025-04-30,2025-04-30,1,0,3.3,3.0048200037735575,0.362604,2.210374,4
ENDING WITH TABLEWARE,ENDING WITH TABLEWARE,1,2024-10-09,2024-10-09,1,0,3.3,3.5396813333758512,0.474833,2.713533,4
ENDING WITH UNITS OF MEASURE,ENDING WITH UNITS OF MEASURE,1,2025-02-27,2025-02-27,1,0,3.3,1.9597184807383035,0.135854,1.234676,4
ENDS OF LIQUOR BRANDS,ENDS OF LIQUOR BRANDS,1,2026-04-02,2026-04-02,1,0,2.3,2.772527997338338,0.309351,1.996362,4
ENDURING SONG,ENDURING SONG,1,2026-06-13,2026-06-13,1,0,1.8,1.8952609581249844,0.124869,1.171499,4
ENERGY FOR AN ELECTRONIC DEVICE,ENERGY FOR AN ELECTRONIC DEVICE,1,2024-07-20,2024-07-20,1,0,2.6,1.8989157123466747,0.137687,1.162886,4
ENGAGING IN AN ACTIVITY WITH PINS OR NEEDLES,ENGAGING IN AN ACTIVITY WITH PINS OR NEEDLES,1,2025-06-12,2025-06-12,1,0,2.5,2.745614056974755,0.321952,1.952795,4
ENHANCE THE TASTE OF,ENHANCE THE TASTE OF,1,2025-11-15,2025-11-15,1,0,2.3,1.9562992647791764,0.138026,1.22857,4
"ENSURE, AS A VICTORY","ENSURE, AS A VICTORY",1,2025-06-01,2025-06-01,1,0,2.5,2.8021119507742234,0.329852,2.009899,4
ENTHUSIASM,ENTHUSIASM,1,2025-02-25,2025-02-25,1,0,4.5,2.856137996534099,0.32597,2.075941,4
ENTRYWAY,ENTRYWAY,1,2025-09-14,2025-09-14,1,0,2.0,2.529249999616039,0.256265,1.769543,4
EQUESTRIAN GEAR,EQUESTRIAN GEAR,1,2026-01-11,2026-01-11,1,0,2.0,2.4119137024848487,0.178347,1.712459,4
EQUIP,EQUIP,1,2024-11-04,2024-11-04,1,0,2.8,2.975758406410736,0.316376,2.223165,4
EQUIPMENT,EQUIPMENT,1,2025-10-11,2025-10-11,1,0,1.8,2.000900303457004,0.140343,1.277569,4
ERA,ERA,1,2025-07-12,2025-07-12,1,0,2.8,3.1469121545305283,0.383364,2.353099,4
ESCAPADE,ESCAPADE,1,2024-11-08,2024-11-08,1,0,2.8,3.287480694312322,0.447323,2.450872,4
ESPRIT,ESPRIT,1,2026-06-04,2026-06-04,1,0,3.3,3.960536059883411,0.601319,3.071264,4
ESTABLISH,ESTABLISH,1,2025-06-07,2025-06-07,1,0,2.5,3.5283216097902406,0.490953,2.684343,4
ESTABLISHES,ESTABLISHES,1,2025-10-12,2025-10-12,1,0,2.0,1.4258332008365944,0.071938,0.684327,4
EUROPEAN CAPITALS MINUS SECOND-TO-LAST LETTER,EUROPEAN CAPITALS MINUS SECOND-TO-LAST LETTER,1,2025-12-08,2025-12-08,1,0,2.3,3.055560681885874,0.378632,2.252726,4
EVENT WITH DANCING,EVENT WITH DANCING,1,2024-10-25,2024-10-25,1,0,3.2,2.814495527028836,0.315262,2.038737,4
EVENTS WITH DANCING,EVENTS WITH DANCING,1,2026-04-06,2026-04-06,1,0,3.3,3.455601126799843,0.478262,2.613365,4
EVERYDAY,EVERYDAY,1,2025-06-06,2025-06-06,1,0,2.5,2.2638870304851424,0.190736,1.529757,4
"EXAGGERATED, AS A PERFORMANCE","EXAGGERATED, AS A PERFORMANCE",1,2025-07-16,2025-07-16,1,0,2.8,2.7506907322206273,0.299359,1.981229,4
EXCEPTIONAL,EXCEPTIONAL,1,2025-03-18,2025-03-18,1,0,3.0,3.4451505287590334,0.464226,2.615377,4
EXCERPT,EXCERPT,1,2025-08-13,2025-08-13,1,0,2.0,3.5164612587535724,0.499827,2.661823,4
EXCESSIVELY,EXCESSIVELY,1,2024-09-03,2024-09-03,1,0,3.1,2.9806734207088716,0.363165,2.182031,4
EXERTION,EXERTION,1,2024-07-20,2024-07-20,1,0,2.6,1.8989157123466747,0.137687,1.162886,4
EXHIBIT NERVOUSNESS,EXHIBIT NERVOUSNESS,1,2025-09-19,2025-09-19,1,0,2.0,3.673629596604347,0.530404,2.812077,4
EXHIBITION,EXHIBITION,1,2026-02-10,2026-02-10,1,0,1.5,2.642562155951408,0.302715,1.853465,4
EXPEDITION,EXPEDITION,1,2025-06-02,2025-06-02,1,0,2.3,2.5928383773490515,0.279228,1.819742,4
EXPENDITURE,EXPENDITURE,1,2025-02-26,2025-02-26,1,0,2.3,1.0131675573912868,0.016627,0.264843,4
EXPERIENCE,EXPERIENCE,1,2026-02-21,2026-02-21,1,0,1.8,2.5273283202856804,0.224175,1.799422,4
EXPERIENCE LEVELS,EXPERIENCE LEVELS,1,2026-01-12,2026-01-12,1,0,1.7,1.5128963126418156,0.070486,0.78595,4
EXPERIMENTAL,EXPERIMENTAL,1,2024-07-16,2024-07-16,1,0,2.6,2.320219786757353,0.259026,1.526281,4
EXPLOIT,EXPLOIT,1,2026-01-26,2026-01-26,1,0,3.3,3.392794979459107,0.479052,2.540313,4
EXPLOSIVE SOUND,EXPLOSIVE SOUND,1,2024-08-27,2024-08-27,1,0,3.4,2.479602705763149,0.211587,1.757099,4
EXPRESSIONLESS,EXPRESSIONLESS,1,2025-06-16,2025-06-16,1,0,2.8,2.1388205587885025,0.206073,1.370524,4
EXTERIOR,EXTERIOR,1,2024-12-05,2024-12-05,1,0,3.4,3.064551985672648,0.377292,2.264411,4
EXTREMELY,EXTREMELY,1,2024-09-21,2024-09-21,1,0,2.2,1.8738087241892498,0.120147,1.151539,4
EYEWEAR IN THE SINGULAR,EYEWEAR IN THE SINGULAR,1,2026-04-08,2026-04-08,1,0,2.0,1.8458848374747503,0.124543,1.115015,4
EYE___,EYE___,1,2026-05-25,2026-05-25,1,1,3.0,2.955499508395663,0.358612,2.15762,4
FABRICATION,FABRICATION,1,2025-01-12,2025-01-12,1,0,3.8,4.086945360420125,0.622421,3.195603,4
FACADE,FACADE,1,2024-07-15,2024-07-15,1,0,2.4,2.090221453661263,0.174417,1.346264,4
FACIAL FEATURES,FACIAL FEATURES,1,2026-01-23,2026-01-23,1,0,3.0,3.315702697720767,0.420151,2.510515,4
"FAIL TO TAKE ADVANTAGE OF, AS AN OPPORTUNITY","FAIL TO TAKE ADVANTAGE OF, AS AN OPPORTUNITY",1,2025-07-10,2025-07-10,1,0,3.3,2.0374182947479786,0.157877,1.302051,4
FAMILY MEMBER NICKNAME PLUS A LETTER,FAMILY MEMBER NICKNAME PLUS A LETTER,1,2025-12-02,2025-12-02,1,0,2.0,2.9626473558913067,0.360048,2.164408,4
FAMOUS BRIDGES,FAMOUS BRIDGES,1,2026-01-20,2026-01-20,1,0,2.0,2.331325720037914,0.213782,1.584303,4
FAMOUS PERSON,FAMOUS PERSON,1,2025-08-29,2025-08-29,1,0,2.5,3.0615178008954973,0.355868,2.282344,4
FAMOUS PLAYWRIGHTS,FAMOUS PLAYWRIGHTS,1,2026-02-24,2026-02-24,1,0,2.3,2.3285253352335653,0.22813,1.566733,4
FAMOUS POETS,FAMOUS POETS,1,2025-09-01,2025-09-01,1,0,3.5,3.985037254059262,0.609108,3.091665,4
FAMOUS PRIMATES,FAMOUS PRIMATES,1,2024-10-07,2024-10-07,1,0,3.2,3.51396246722269,0.503943,2.654832,4
FAMOUS PUPPETS,FAMOUS PUPPETS,1,2025-02-16,2025-02-16,1,0,3.0,3.293525596954856,0.445268,2.459882,4
FAMOUS REVOLUTIONS IN HISTORY,FAMOUS REVOLUTIONS IN HISTORY,1,2026-05-03,2026-05-03,1,0,2.0,2.4971941981405603,0.2218,1.767126,4
FAMOUS RIDDLE-GIVERS,FAMOUS RIDDLE-GIVERS,1,2025-05-22,2025-05-22,1,0,2.3,2.556835788972099,0.259959,1.797588,4
FAMOUS SMILES,FAMOUS SMILES,1,2025-03-10,2025-03-10,1,0,3.3,3.633209144800795,0.509077,2.786898,4
FAMOUS STREETS IN LOS ANGELES,FAMOUS STREETS IN LOS ANGELES,1,2025-12-08,2025-12-08,1,0,2.3,3.055560681885874,0.378632,2.252726,4
FANTASY,FANTASY,1,2025-10-09,2025-10-09,1,0,2.8,1.64913477262992,0.112066,0.90112,4
FANTASY CREATURES,FANTASY CREATURES,1,2024-12-13,2024-12-13,1,0,1.5,2.7823623716590102,0.303154,2.013874,4
FARM FIXTURES,FARM FIXTURES,1,2026-05-24,2026-05-24,1,0,2.5,2.494992654158743,0.253378,1.733015,4
FARMERS’ THINGS,FARMERS’ THINGS,1,2025-07-03,2025-07-03,1,0,2.8,2.3518262403297125,0.23072,1.590952,4
FASTENERS,FASTENERS,1,2025-01-04,2025-01-04,1,0,3.0,2.581596857467162,0.28127,1.804766,4
FAUX,FAUX,1,2025-03-08,2025-03-08,1,0,2.8,2.749114972552631,0.254734,2.024041,4
"FEATURED IN ""ALICE'S ADVENTURES IN WONDERLAND""","FEATURED IN ""ALICE'S ADVENTURES IN WONDERLAND""",1,2026-06-14,2026-06-14,1,0,2.2,2.479187254510362,0.255404,1.712804,4
FEATURED IN GOLDILOCKS AND THE THREE BEARS,FEATURED IN GOLDILOCKS AND THE THREE BEARS,1,2026-01-29,2026-01-29,1,0,2.3,2.045913316808098,0.154628,1.315074,4
FEATURED IN THE MONTY HALL PROBLEM,FEATURED IN THE MONTY HALL PROBLEM,1,2025-01-10,2025-01-10,1,0,2.3,2.593370294015799,0.257588,1.841994,4
FEATURED IN “ELOISE”,FEATURED IN “ELOISE”,1,2024-11-26,2024-11-26,1,0,2.3,2.2809857177154194,0.220516,1.51965,4
FEATURED IN “JACK AND THE BEANSTALK”,FEATURED IN “JACK AND THE BEANSTALK”,1,2024-09-13,2024-09-13,1,0,3.7,4.113388224258581,0.627346,3.221102,4
FEATURED IN “JURASSIC PARK”,FEATURED IN “JURASSIC PARK”,1,2024-09-11,2024-09-11,1,0,4.0,2.6093043271064653,0.283512,1.834403,4
FEATURES OF A BIRD'S HEAD,FEATURES OF A BIRD'S HEAD,1,2026-05-01,2026-05-01,1,0,2.0,2.5886386692874086,0.268005,1.826133,4
FEATURES OF A CAR'S CENTER CONSOLE,FEATURES OF A CAR'S CENTER CONSOLE,1,2025-11-24,2025-11-24,1,0,2.5,2.7312149337427107,0.242163,2.016017,4
FEATURES OF A CARTOON CUPID,FEATURES OF A CARTOON CUPID,1,2025-11-06,2025-11-06,1,0,2.8,2.3941153536259243,0.172426,1.697902,4
FEATURES OF A CATWOMAN COSTUME,FEATURES OF A CATWOMAN COSTUME,1,2026-04-16,2026-04-16,1,0,2.0,3.1183398857353204,0.387739,2.31585,4
FEATURES OF A CLASSIC VOTING BOOTH,FEATURES OF A CLASSIC VOTING BOOTH,1,2026-03-26,2026-03-26,1,0,3.3,2.96945189115923,0.369003,2.163282,4
FEATURES OF A DUCK,FEATURES OF A DUCK,1,2026-01-18,2026-01-18,1,0,1.7,2.257844735277249,0.159355,1.554186,4
FEATURES OF A SKI RESORT,FEATURES OF A SKI RESORT,1,2025-01-25,2025-01-25,1,0,3.3,2.4837337513792477,0.281905,1.691534,4
FEATURES OF A STRONG PASSWORD,FEATURES OF A STRONG PASSWORD,1,2026-02-08,2026-02-08,1,0,2.0,2.753749253054427,0.298413,1.985694,4
FEATURES OF A TEAPOT,FEATURES OF A TEAPOT,1,2025-12-21,2025-12-21,1,0,1.5,3.242259955334835,0.417584,2.428582,4
FEATURES OF A TOOTHED WHALE,FEATURES OF A TOOTHED WHALE,1,2025-05-19,2025-05-19,1,0,3.0,2.582511197881245,0.303716,1.783372,4
FEATURES OF A WEDDING,FEATURES OF A WEDDING,1,2026-03-24,2026-03-24,1,0,3.0,2.8889282254334376,0.34842,2.091218,4
FEATURES OF AN AIRPORT TERMINAL,FEATURES OF AN AIRPORT TERMINAL,1,2026-03-27,2026-03-27,1,0,1.8,2.4531381133026846,0.253975,1.684262,4
FEATURES OF JUSTICE PERSONIFIED,FEATURES OF JUSTICE PERSONIFIED,1,2024-11-12,2024-11-12,1,0,3.0,2.341674628127728,0.243283,1.566709,4
FEATURES OF STRINGED INSTRUMENTS,FEATURES OF STRINGED INSTRUMENTS,1,2025-03-15,2025-03-15,1,0,3.3,2.9202556834992186,0.352521,2.123161,4
FEATURES OF THE NATIONAL MALL IN D.C.,FEATURES OF THE NATIONAL MALL IN D.C.,1,2025-05-22,2025-05-22,1,0,2.3,2.556835788972099,0.259959,1.797588,4
FEATURING BIRDS,FEATURING BIRDS,1,2026-03-12,2026-03-12,1,0,2.3,2.4150426240539535,0.213892,1.680514,4
"FEATURING SILENT AND PRONOUNCED ""K""S","FEATURING SILENT AND PRONOUNCED ""K""S",1,2026-06-20,2026-06-20,1,0,2.3,2.030401688129261,0.194552,1.257303,4
FEEL AROUND (FOR),FEEL AROUND (FOR),1,2024-12-10,2024-12-10,1,0,3.8,1.9005088549122773,0.160755,1.141651,4
FEMALE ANIMALS,FEMALE ANIMALS,1,2024-12-25,2024-12-25,1,0,2.5,3.3355730879743435,0.441927,2.511601,4
FENCING GEAR,FENCING GEAR,1,2025-06-19,2025-06-19,1,0,2.0,2.3524581086576957,0.209584,1.612815,4
FICTION CATEGORIES,FICTION CATEGORIES,1,2025-06-23,2025-06-23,1,0,2.8,3.1725658348176666,0.391291,2.374688,4
FICTION GENRES,FICTION GENRES,1,2025-10-30,2025-10-30,1,0,3.3,2.827132024443618,0.319966,2.048572,4
FICTIONAL CLOWNS,FICTIONAL CLOWNS,1,2024-10-15,2024-10-15,1,0,3.5,2.775261457986903,0.321408,1.98745,4
FICTIONAL INSPECTORS,FICTIONAL INSPECTORS,1,2026-03-14,2026-03-14,1,0,2.0,2.734235212201777,0.305861,1.955794,4
FICTIONAL MISTERS,FICTIONAL MISTERS,1,2025-01-15,2025-01-15,1,0,4.0,3.3480035980524923,0.442648,2.525182,4
FICTIONAL PIGS,FICTIONAL PIGS,1,2025-12-14,2025-12-14,1,0,3.0,3.0228912641248984,0.350603,2.243167,4
FICTIONAL PIRATES,FICTIONAL PIRATES,1,2025-11-30,2025-11-30,1,0,2.7,3.2922514305603268,0.436024,2.46766,4
FICTIONAL SPIES,FICTIONAL SPIES,1,2025-09-08,2025-09-08,1,0,3.5,3.6014080027752464,0.51441,2.744976,4
FIGURE IN GREEK MYTH,FIGURE IN GREEK MYTH,1,2026-03-20,2026-03-20,1,0,2.8,3.3016773067872545,0.456544,2.457985,4
FIGURES IN CLASSIC DISNEY ANIMATED FILMS,FIGURES IN CLASSIC DISNEY ANIMATED FILMS,1,2025-06-17,2025-06-17,1,0,1.8,1.5234155731281698,0.075749,0.79279,4
FIGURES IN “SHREK”,FIGURES IN “SHREK”,1,2024-11-05,2024-11-05,1,0,3.0,3.267646808143719,0.396857,2.478518,4
FILAMENT,FILAMENT,1,2025-03-17,2025-03-17,1,0,2.0,2.0709542499546196,0.15086,1.347653,4
FILE EXTENSIONS,FILE EXTENSIONS,1,2025-11-04,2025-11-04,1,0,2.8,2.4800294558993796,0.25826,1.710917,4
FILE MENU OPTIONS,FILE MENU OPTIONS,1,2024-09-22,2024-09-22,1,0,2.8,2.0870508131379033,0.182751,1.334282,4
FINANCIAL ABBREVIATIONS,FINANCIAL ABBREVIATIONS,1,2025-11-26,2025-11-26,1,0,2.7,2.7117573873072804,0.277703,1.95809,4
FINDINGS,FINDINGS,1,2025-12-19,2025-12-19,1,0,2.0,2.114264608485192,0.188739,1.359605,4
FINE PRINT,FINE PRINT,1,2025-05-22,2025-05-22,1,0,2.3,2.556835788972099,0.259959,1.797588,4
FINEST,FINEST,1,2025-10-08,2025-10-08,1,0,3.5,3.156688296144221,0.372434,2.375277,4
FINGERS,FINGERS,1,2024-07-31,2024-07-31,1,0,3.6,2.1352466350406805,0.212219,1.360266,4
FINISHED,FINISHED,1,2025-09-09,2025-09-09,1,0,3.3,2.5933337899308264,0.279393,1.820147,4
FIRED OBJECTS,FIRED OBJECTS,1,2025-07-06,2025-07-06,1,0,1.8,1.3508233902314695,0.080801,0.589161,4
FIREPLACE ACCESSORIES,FIREPLACE ACCESSORIES,1,2026-02-19,2026-02-19,1,0,1.5,1.7836584097691786,0.139609,1.028354,4
FIRST AID KIT ITEMS,FIRST AID KIT ITEMS,1,2024-08-17,2024-08-17,1,0,1.8,1.5772538835938996,0.055976,0.874507,4
FIRST AMENDMENT FREEDOMS,FIRST AMENDMENT FREEDOMS,1,2025-08-17,2025-08-17,1,0,2.0,2.949617135845746,0.322919,2.186545,4
FIRST APPEARANCE,FIRST APPEARANCE,1,2025-09-01,2025-09-01,1,0,3.5,3.985037254059262,0.609108,3.091665,4
FIRST IN A COMEDY DUO,FIRST IN A COMEDY DUO,1,2024-12-22,2024-12-22,1,0,3.5,3.5368618273841355,0.511942,2.67318,4
FIRST NAMES IN JAZZ,FIRST NAMES IN JAZZ,1,2025-02-06,2025-02-06,1,0,2.5,2.0957587756936977,0.188119,1.338933,4
FIRST NAMES OF YANKEES LEGENDS,FIRST NAMES OF YANKEES LEGENDS,1,2024-08-14,2024-08-14,1,0,2.4,1.9536527186186419,0.151888,1.211663,4
FIRST WORD IN BOND MOVIE TITLES,FIRST WORD IN BOND MOVIE TITLES,1,2024-06-18,2024-06-18,1,0,3.0,2.6004242738643697,0.280664,1.827034,4
FIRST WORDS IN '70S ROCK SONG TITLES,FIRST WORDS IN '70S ROCK SONG TITLES,1,2025-09-29,2025-09-29,1,0,2.3,2.4551467071210737,0.241881,1.698667,4
FIRST WORDS OF CANADIAN PROVINCES/TERRITORIES,FIRST WORDS OF CANADIAN PROVINCES/TERRITORIES,1,2024-07-01,2024-07-01,1,0,3.2,3.134067062344473,0.386662,2.335022,4
FIRST WORDS OF HBO SHOWS,FIRST WORDS OF HBO SHOWS,1,2024-11-29,2024-11-29,1,0,3.3,3.2660762633450044,0.440583,2.432985,4
FIRST WORDS OF KIDS' GAMES,FIRST WORDS OF KIDS' GAMES,1,2026-01-17,2026-01-17,1,0,2.0,2.512744069194131,0.215584,1.791233,4
FIRST WORDS OF ROBIN HOOD CHARACTER NAMES,FIRST WORDS OF ROBIN HOOD CHARACTER NAMES,1,2026-01-27,2026-01-27,1,0,2.8,3.564283348357818,0.522299,2.694373,4
FIRST ___,FIRST ___,1,2025-07-31,2025-07-31,1,1,2.5,3.008839798844977,0.371931,2.205672,4
FIRST-CLASS LEVERS,FIRST-CLASS LEVERS,1,2026-01-08,2026-01-08,1,0,3.0,2.580636452374423,0.253841,1.83109,4
FISH MINUS A LETTER,FISH MINUS A LETTER,1,2026-05-19,2026-05-19,1,0,2.3,3.2235290140193413,0.421623,2.402992,4
FISSURE,FISSURE,1,2024-11-15,2024-11-15,1,0,3.0,2.812021940699483,0.262188,2.088965,4
FITNESS,FITNESS,1,2024-10-01,2024-10-01,1,0,3.6,3.063721083167075,0.384733,2.256014,4
FITNESS CLASS TYPES,FITNESS CLASS TYPES,1,2026-06-18,2026-06-18,1,0,1.7,2.615981967221863,0.282872,1.842726,4
FITTING,FITTING,1,2025-11-28,2025-11-28,1,0,2.3,3.7019532899637877,0.511292,2.863777,4
FIVE-SIDED THINGS,FIVE-SIDED THINGS,1,2026-05-08,2026-05-08,1,0,2.0,2.166091717697892,0.179971,1.428003,4
FIX A HOLE IN CLOTHING,FIX A HOLE IN CLOTHING,1,2025-10-04,2025-10-04,1,0,1.8,1.3148972866039843,0.064659,0.563968,4
FIXED,FIXED,1,2026-01-14,2026-01-14,1,0,2.0,2.8272597887410233,0.286284,2.082401,4
FIXED IN PLACE,FIXED IN PLACE,1,2026-02-12,2026-02-12,1,0,2.5,2.731125411820039,0.32038,1.937697,4
FLABBERGAST,FLABBERGAST,1,2025-10-05,2025-10-05,1,0,2.8,2.59804716261673,0.305504,1.799459,4
FLAG DESIGNS,FLAG DESIGNS,1,2026-05-06,2026-05-06,1,0,4.0,3.46799513279302,0.473152,2.632735,4
FLAVOR ASSORTMENT,FLAVOR ASSORTMENT,1,2024-09-09,2024-09-09,1,0,3.3,2.751182668222881,0.300626,1.980528,4
FLINCH,FLINCH,1,2025-06-29,2025-06-29,1,0,2.5,2.7868010945627373,0.266489,2.055646,4
FLOORING OPTIONS,FLOORING OPTIONS,1,2025-09-15,2025-09-15,1,0,2.8,1.4736144406314655,0.062197,0.749043,4
FLOP,FLOP,1,2025-11-30,2025-11-30,1,0,2.7,3.2922514305603268,0.436024,2.46766,4
FLUFFY WHITE THINGS,FLUFFY WHITE THINGS,1,2024-08-06,2024-08-06,1,0,2.7,2.3895253995130235,0.204021,1.661026,4
FLUSH,FLUSH,1,2025-12-17,2025-12-17,1,0,2.7,2.294773832096608,0.212015,1.544015,4
FLUSTER,FLUSTER,1,2024-10-26,2024-10-26,1,0,2.3,1.8554723746494157,0.128918,1.121671,4
FLUSTERED STATE,FLUSTERED STATE,1,2024-10-01,2024-10-01,1,0,3.6,3.063721083167075,0.384733,2.256014,4
FOAMY THINGS,FOAMY THINGS,1,2025-11-13,2025-11-13,1,0,1.7,2.937254419068261,0.377345,2.117895,4
FOLDERS ON A MAC,FOLDERS ON A MAC,1,2025-05-21,2025-05-21,1,0,2.5,2.946954945077366,0.335369,2.171032,4
FOLK TALE CHARACTERS,FOLK TALE CHARACTERS,1,2026-03-19,2026-03-19,1,0,1.5,1.9283406122694644,0.129178,1.20525,4
FOLKTALE CHARACTERS,FOLKTALE CHARACTERS,1,2025-10-17,2025-10-17,1,0,2.0,1.148051889655873,0.028737,0.407925,4
FOLLOW A MEANDERING COURSE,FOLLOW A MEANDERING COURSE,1,2025-02-17,2025-02-17,1,0,2.8,2.3971460618235545,0.231698,1.642117,4
FONT-MODIFYING WORDS,FONT-MODIFYING WORDS,1,2025-04-13,2025-04-13,1,0,3.5,2.0574216641682415,0.160532,1.322411,4
FONTS,FONTS,1,2025-09-07,2025-09-07,1,0,3.0,3.1595868943200442,0.39394,2.357106,4
FOOD NAMED AFTER CITIES,FOOD NAMED AFTER CITIES,1,2024-09-25,2024-09-25,1,0,3.0,2.5494332820265257,0.222451,1.826579,4
FOOD PROCUREMENT METHODS,FOOD PROCUREMENT METHODS,1,2026-03-26,2026-03-26,1,0,3.3,2.96945189115923,0.369003,2.163282,4
FOOD ___,FOOD ___,1,2024-07-22,2024-07-22,1,1,3.7,3.4486210242660986,0.459883,2.623713,4
FOOD-RELATED JUMBLES,FOOD-RELATED JUMBLES,1,2024-11-07,2024-11-07,1,0,3.6,2.8871673379059355,0.343733,2.093879,4
FOOTBALL GEAR,FOOTBALL GEAR,1,2024-12-01,2024-12-01,1,0,3.0,2.4559419746865547,0.238488,1.702975,4
FOOTBALL POSITIONS,FOOTBALL POSITIONS,1,2024-10-15,2024-10-15,1,0,3.5,2.775261457986903,0.321408,1.98745,4
FOOTWEAR MINUS “ER” SOUND,FOOTWEAR MINUS “ER” SOUND,1,2024-08-26,2024-08-26,1,0,3.0,2.3925109121768777,0.261484,1.606998,4
FOOT___,FOOT___,1,2025-04-07,2025-04-07,1,1,3.8,3.661670163051324,0.472472,2.856249,4
FOR ALL TIME,FOR ALL TIME,1,2025-10-12,2025-10-12,1,0,2.0,1.4258332008365944,0.071938,0.684327,4
FORBIDDEN,FORBIDDEN,1,2025-11-17,2025-11-17,1,0,2.7,3.0165369459049747,0.346476,2.239983,4
FORCE TO LEAVE,FORCE TO LEAVE,1,2025-07-15,2025-07-15,1,0,3.3,3.3066809738631813,0.457909,2.462377,4
FORD MODELS,FORD MODELS,1,2025-10-15,2025-10-15,1,0,3.3,3.6574156988622226,0.50254,2.821286,4
FORMATS OF GOLD,FORMATS OF GOLD,1,2025-03-03,2025-03-03,1,0,3.3,2.7332930591515243,0.310471,1.9501,4
FORMS OF SUGAR,FORMS OF SUGAR,1,2024-11-14,2024-11-14,1,0,2.6,2.562127143003407,0.256397,1.807238,4
FORTIFIED WINES,FORTIFIED WINES,1,2025-08-19,2025-08-19,1,0,3.0,2.4057679790361988,0.257291,1.626444,4
FOUND AT THE END OF A STRING/CORD,FOUND AT THE END OF A STRING/CORD,1,2024-08-28,2024-08-28,1,0,3.7,3.264191957244499,0.428934,2.442466,4
FOUND IN A CASINO,FOUND IN A CASINO,1,2026-05-06,2026-05-06,1,0,4.0,3.46799513279302,0.473152,2.632735,4
FOUND IN THE TRUNK OF A CAR,FOUND IN THE TRUNK OF A CAR,1,2026-04-11,2026-04-11,1,0,2.5,2.1553551709914607,0.172479,1.423142,4
FOUND ON A BOOK JACKET,FOUND ON A BOOK JACKET,1,2026-01-18,2026-01-18,1,0,1.7,2.257844735277249,0.159355,1.554186,4
FOUND ON SHEET MUSIC,FOUND ON SHEET MUSIC,1,2024-10-08,2024-10-08,1,0,3.0,2.6126018627823497,0.236418,1.885291,4
FOURTH ESTATE,FOURTH ESTATE,1,2026-05-28,2026-05-28,1,0,1.8,2.4850365995548276,0.214286,1.760652,4
FOX___,FOX___,1,2025-04-09,2025-04-09,1,1,2.8,3.0030652002602176,0.353242,2.217717,4
FRANKFURTER,FRANKFURTER,1,2025-01-17,2025-01-17,1,0,3.5,3.3657932554626133,0.415025,2.573273,4
FRAUDSTER,FRAUDSTER,1,2024-11-28,2024-11-28,1,0,2.3,1.6948274572774134,0.128698,0.93706,4
FREELOADER,FREELOADER,1,2026-03-06,2026-03-06,1,0,3.5,2.687705541034548,0.262427,1.945693,4
FREE___,FREE___,1,2026-04-14,2026-04-14,1,1,2.3,3.0126996712584195,0.381506,2.200538,4
FRENCH FOOD WORDS,FRENCH FOOD WORDS,1,2025-09-04,2025-09-04,1,0,2.3,2.27566307446842,0.201044,1.532998,4
FRENCH WORDS,FRENCH WORDS,1,2024-10-24,2024-10-24,1,0,3.5,3.4843976349741714,0.495362,2.629397,4
FRENCH ___,FRENCH ___,1,2024-07-31,2024-07-31,1,1,3.6,2.1352466350406805,0.212219,1.360266,4
FREUDIAN CONCEPTS,FREUDIAN CONCEPTS,1,2025-12-23,2025-12-23,1,0,1.0,3.28005298216522,0.442515,2.447134,4
FRUIT ANAGRAMS,FRUIT ANAGRAMS,1,2026-05-18,2026-05-18,1,0,2.2,2.108234481305623,0.197793,1.343613,4
FRUITS WITH THEIR SECOND LETTERS CHANGED,FRUITS WITH THEIR SECOND LETTERS CHANGED,1,2025-03-07,2025-03-07,1,0,4.3,2.8505320120561204,0.345278,2.050183,4
FUN TIME,FUN TIME,1,2024-12-31,2024-12-31,1,0,2.8,2.370803149646333,0.231842,1.611664,4
FUND,FUND,1,2025-01-19,2025-01-19,1,0,3.0,2.6011169823339744,0.28358,1.824915,4
FUNDAMENTAL,FUNDAMENTAL,1,2024-07-11,2024-07-11,1,0,2.4,2.1550883435132064,0.168571,1.426743,4
FUNDRAISING EVENT,FUNDRAISING EVENT,1,2025-05-19,2025-05-19,1,0,3.0,2.582511197881245,0.303716,1.783372,4
FURNISH,FURNISH,1,2025-09-18,2025-09-18,1,0,3.4,3.55689735516497,0.477777,2.730397,4
FURNITURE,FURNITURE,1,2024-11-04,2024-11-04,1,0,2.8,2.975758406410736,0.316376,2.223165,4
FURTHEST POINT,FURTHEST POINT,1,2026-01-05,2026-01-05,1,0,2.0,3.816330148777533,0.572593,2.934073,4
FUTURE LIKELIHOOD,FUTURE LIKELIHOOD,1,2024-07-10,2024-07-10,1,0,2.7,2.1733299562610875,0.183498,1.432804,4
"FUZZY, AS A MEMORY","FUZZY, AS A MEMORY",1,2025-05-09,2025-05-09,1,0,2.7,2.207094496571249,0.17546,1.47969,4
GAME DAY FARE,GAME DAY FARE,1,2025-01-30,2025-01-30,1,0,2.8,2.110817579889895,0.167392,1.376986,4
GAME-CHANGING INVENTIONS,GAME-CHANGING INVENTIONS,1,2026-03-23,2026-03-23,1,0,2.0,2.6590819926914016,0.318585,1.856602,4
GAMES OF CHANCE,GAMES OF CHANCE,1,2026-02-04,2026-02-04,1,0,2.0,3.1812755356632225,0.38682,2.38918,4
GAMES WHERE YOU SAY THE GAME’S NAME,GAMES WHERE YOU SAY THE GAME’S NAME,1,2024-10-22,2024-10-22,1,0,2.5,2.3418371582203457,0.193152,1.617027,4
GARDENING TOOLS,GARDENING TOOLS,1,2026-01-15,2026-01-15,1,0,1.7,1.7377267102796008,0.100429,1.014687,4
GAS PUMP OPTIONS,GAS PUMP OPTIONS,1,2024-07-19,2024-07-19,1,0,3.0,1.5448695453536647,0.097078,0.796145,4
GATHERING SPOT OUTSIDE A RESIDENCE,GATHERING SPOT OUTSIDE A RESIDENCE,1,2024-09-18,2024-09-18,1,0,3.2,4.028457124844753,0.630668,3.120062,4
GEAR FOR A BOXER,GEAR FOR A BOXER,1,2026-01-24,2026-01-24,1,0,2.8,2.9298562578470886,0.337386,2.149342,4
GEOMETRY ADJECTIVES,GEOMETRY ADJECTIVES,1,2025-09-07,2025-09-07,1,0,3.0,3.1595868943200442,0.39394,2.357106,4
GERMAN WORDS,GERMAN WORDS,1,2025-03-18,2025-03-18,1,0,3.0,3.4451505287590334,0.464226,2.615377,4
GESTURES MADE WITH THE INDEX AND MIDDLE FINGERS,GESTURES MADE WITH THE INDEX AND MIDDLE FINGERS,1,2026-05-03,2026-05-03,1,0,2.0,2.4971941981405603,0.2218,1.767126,4
"GET BETTER, AS A BROKEN BONE","GET BETTER, AS A BROKEN BONE",1,2025-05-07,2025-05-07,1,0,2.8,2.6642942545386017,0.274033,1.907151,4
"GET EXCITED, WITH ""UP""","GET EXCITED, WITH ""UP""",1,2024-09-17,2024-09-17,1,0,2.8,3.687041371252362,0.520606,2.837306,4
GET LOW,GET LOW,1,2026-05-28,2026-05-28,1,0,1.8,2.4850365995548276,0.214286,1.760652,4
GET READY FOR A NIGHT OUT,GET READY FOR A NIGHT OUT,1,2026-06-15,2026-06-15,1,0,2.0,1.6075322837891504,0.086282,0.879038,4
GET RED IN THE FACE,GET RED IN THE FACE,1,2024-09-09,2024-09-09,1,0,3.3,2.751182668222881,0.300626,1.980528,4
GETTING COZY,GETTING COZY,1,2025-06-12,2025-06-12,1,0,2.5,2.745614056974755,0.321952,1.952795,4
GHOST ___,GHOST ___,1,2026-06-04,2026-06-04,1,1,3.3,3.960536059883411,0.601319,3.071264,4
GIST,GIST,1,2024-11-11,2024-11-11,1,0,2.8,2.663142637572195,0.310074,1.869785,4
GIVE A TITLE TO,GIVE A TITLE TO,1,2024-12-10,2024-12-10,1,0,3.8,1.9005088549122773,0.160755,1.141651,4
GLASSWARE,GLASSWARE,1,2026-05-16,2026-05-16,1,0,2.0,2.448761099685459,0.247786,1.685415,4
GLIMPSE,GLIMPSE,1,2025-04-20,2025-04-20,1,0,3.5,3.061643826903141,0.394986,2.243371,4
GLITZINESS,GLITZINESS,1,2024-07-18,2024-07-18,1,0,3.2,3.083462839978366,0.364348,2.299113,4
GLOOMY,GLOOMY,1,2026-04-09,2026-04-09,1,0,1.8,2.414787964604024,0.246597,1.647516,4
GO BACK AND FORTH,GO BACK AND FORTH,1,2026-03-05,2026-03-05,1,0,2.0,2.3688406205066004,0.230503,1.610745,4
GO OUT WITH,GO OUT WITH,1,2024-06-19,2024-06-19,1,0,2.8,2.3875480949103256,0.241086,1.621686,4
GO ___,GO ___,1,2024-11-16,2024-11-16,1,1,2.8,3.329682893120503,0.4174,2.529351,4
"GOAD, WITH ""ON""","GOAD, WITH ""ON""",1,2025-12-08,2025-12-08,1,0,2.3,3.055560681885874,0.378632,2.252726,4
GODDESS,GODDESS,1,2025-06-14,2025-06-14,1,0,2.5,3.127151276531871,0.38259,2.331137,4
GOLD ___,GOLD ___,1,2024-06-27,2024-06-27,1,1,2.5,2.7940167353590453,0.346075,1.984362,4
GOLDILOCKS,GOLDILOCKS,1,2025-10-31,2025-10-31,1,0,2.3,1.8710839549894878,0.145715,1.122836,4
GOOD LUCK SYMBOLS,GOOD LUCK SYMBOLS,1,2026-03-19,2026-03-19,1,0,1.5,1.9283406122694644,0.129178,1.20525,4
GOOD THINGS TO GET AT WORK,GOOD THINGS TO GET AT WORK,1,2024-11-26,2024-11-26,1,0,2.3,2.2809857177154194,0.220516,1.51965,4
GOODS TO BE TRANSPORTED,GOODS TO BE TRANSPORTED,1,2025-11-02,2025-11-02,1,0,2.0,2.225695066154697,0.153582,1.522969,4
GOSSIP,GOSSIP,1,2025-10-07,2025-10-07,1,0,2.3,2.053006408176283,0.174751,1.303112,4
GOSSIPING,GOSSIPING,1,2025-06-12,2025-06-12,1,0,2.5,2.745614056974755,0.321952,1.952795,4
GRADUATED INSTRUMENTS,GRADUATED INSTRUMENTS,1,2025-05-17,2025-05-17,1,0,3.8,2.591104433312839,0.282077,1.814898,4
GRADUATION GEAR,GRADUATION GEAR,1,2026-04-15,2026-04-15,1,0,1.7,2.174983938968311,0.19064,1.427565,4
GRAND ___,GRAND ___,1,2026-01-16,2026-01-16,1,1,1.8,2.9512406984821595,0.375116,2.136216,4
GRASSY AREA,GRASSY AREA,1,2024-10-17,2024-10-17,1,0,3.3,3.5425851464209566,0.47361,2.718097,4
GRAZE,GRAZE,1,2025-11-20,2025-11-20,1,0,3.0,3.1228437945050707,0.386926,2.321845,4
GREAT AMERICAN SONGBOOK SONGS,GREAT AMERICAN SONGBOOK SONGS,1,2025-04-25,2025-04-25,1,0,2.3,1.73953713906528,0.118355,0.998844,4
GREAT MANY,GREAT MANY,1,2025-06-28,2025-06-28,1,0,3.3,3.7590682766282746,0.579022,2.861761,4
GREEDILY CONTROL,GREEDILY CONTROL,1,2026-03-15,2026-03-15,1,0,2.0,2.9002192865735044,0.33662,2.116009,4
GREEK MYTHOLOGICAL FIGURES MINUS A LETTER,GREEK MYTHOLOGICAL FIGURES MINUS A LETTER,1,2025-12-13,2025-12-13,1,0,3.3,3.6245880967330306,0.555619,2.730437,4
GREEK PREFIXES,GREEK PREFIXES,1,2025-05-14,2025-05-14,1,0,3.3,2.493268270716214,0.256976,1.727433,4
GREEN CONDIMENTS,GREEN CONDIMENTS,1,2025-11-07,2025-11-07,1,0,1.3,1.4367122873033955,0.067654,0.701128,4
GREEN THINGS,GREEN THINGS,1,2026-02-26,2026-02-26,1,0,2.3,3.4114494360251344,0.450213,2.590615,4
GREEN ___,GREEN ___,1,2024-10-23,2024-10-23,1,1,2.8,3.085153326770562,0.389592,2.275814,4
GRILL FUEL SOURCES,GRILL FUEL SOURCES,1,2024-06-30,2024-06-30,1,0,3.7,4.134359821075506,0.634533,3.238044,4
GROOMING ITEMS,GROOMING ITEMS,1,2026-01-30,2026-01-30,1,0,2.0,2.5630606046048574,0.232566,1.832143,4
GROSS THINGS THAT FORM ON WET SURFACES,GROSS THINGS THAT FORM ON WET SURFACES,1,2026-06-10,2026-06-10,1,0,1.5,2.5299340166368403,0.250994,1.775601,4
GROUNDBREAKING,GROUNDBREAKING,1,2024-11-06,2024-11-06,1,0,2.4,1.6256609077025914,0.090425,0.895753,4
GROUP,GROUP,1,2026-01-11,2026-01-11,1,0,2.0,2.4119137024848487,0.178347,1.712459,4
GROUP OF ADVISORS,GROUP OF ADVISORS,1,2024-11-02,2024-11-02,1,0,3.0,3.378852157289224,0.432908,2.570415,4
GROUP OF BUILDINGS,GROUP OF BUILDINGS,1,2024-07-30,2024-07-30,1,0,2.0,2.55556336086733,0.233538,1.822545,4
GROUP WITHIN A GROUP,GROUP WITHIN A GROUP,1,2024-06-27,2024-06-27,1,0,2.5,2.7940167353590453,0.346075,1.984362,4
GROUPS OF TEN,GROUPS OF TEN,1,2025-08-12,2025-08-12,1,0,2.8,2.8484399803292217,0.329534,2.06352,4
GUIDE,GUIDE,1,2024-11-10,2024-11-10,1,0,3.0,1.9326854675261185,0.149202,1.190225,4
GUITAR EFFECTS PEDALS,GUITAR EFFECTS PEDALS,1,2026-03-18,2026-03-18,1,0,3.0,3.238858122273314,0.433844,2.408408,4
GUITAR PLAYING TECHNIQUES,GUITAR PLAYING TECHNIQUES,1,2025-05-27,2025-05-27,1,0,2.3,2.6366745685322095,0.261853,1.887553,4
GUM BRANDS,GUM BRANDS,1,2025-09-28,2025-09-28,1,0,3.0,3.2053908295122167,0.415888,2.387858,4
GUM FLAVORS,GUM FLAVORS,1,2025-04-25,2025-04-25,1,0,2.3,1.73953713906528,0.118355,0.998844,4
GUMMY BEAR DESCRIPTORS,GUMMY BEAR DESCRIPTORS,1,2026-06-03,2026-06-03,1,0,2.5,3.304633268525178,0.433861,2.484069,4
GYMNASTICS MOVES,GYMNASTICS MOVES,1,2025-09-07,2025-09-07,1,0,3.0,3.1595868943200442,0.39394,2.357106,4
HAIR PRODUCTS,HAIR PRODUCTS,1,2025-04-28,2025-04-28,1,0,2.8,1.9283188836474567,0.124859,1.209544,4
HAIR SALON FIXTURES,HAIR SALON FIXTURES,1,2024-06-20,2024-06-20,1,0,3.5,4.522243536548623,0.760173,3.558686,4
HAIR SALON OFFERINGS,HAIR SALON OFFERINGS,1,2024-09-05,2024-09-05,1,0,3.1,3.4407691694174067,0.453456,2.621106,4
HAIRDOS,HAIRDOS,1,2026-05-23,2026-05-23,1,0,,2.3833675080360495,0.21594,1.642022,4
HALLOWEEN SYMBOLS,HALLOWEEN SYMBOLS,1,2024-10-08,2024-10-08,1,0,3.0,2.6126018627823497,0.236418,1.885291,4
HALT,HALT,1,2025-10-14,2025-10-14,1,0,2.8,3.5244130652635,0.484387,2.686412,4
"HANDLE, AS A BILL","HANDLE, AS A BILL",1,2025-08-15,2025-08-15,1,0,2.5,2.8880017169910306,0.313854,2.124718,4
HANKER (FOR),HANKER (FOR),1,2026-04-03,2026-04-03,1,0,2.0,3.3702606601473906,0.456428,2.53701,4
HANS CHRISTIAN ANDERSEN FIGURES,HANS CHRISTIAN ANDERSEN FIGURES,1,2025-12-14,2025-12-14,1,0,3.0,3.0228912641248984,0.350603,2.243167,4
HAPPY NEW YEAR!,HAPPY NEW YEAR!,1,2025-12-31,2025-12-31,1,0,2.5,2.2964460668463182,0.237009,1.520945,4
HAPPY ___,HAPPY ___,1,2025-10-12,2025-10-12,1,1,2.0,1.4258332008365944,0.071938,0.684327,4
HARD TO MAKE OUT,HARD TO MAKE OUT,1,2025-09-26,2025-09-26,1,0,3.0,2.61430191016823,0.254204,1.869461,4
HARDLY BUSTLING,HARDLY BUSTLING,1,2025-01-05,2025-01-05,1,0,2.0,2.633112812812712,0.249526,1.895782,4
HAZARDOUS ELEMENTAL METALS,HAZARDOUS ELEMENTAL METALS,1,2026-06-25,2026-06-25,1,0,1.0,1.3571107842956092,0.056975,0.620221,4
HBO SHOWS,HBO SHOWS,1,2025-06-22,2025-06-22,1,0,2.8,3.560565146559865,0.502395,2.709999,4
HEARSAY,HEARSAY,1,2024-08-24,2024-08-24,1,0,2.4,2.552507447468171,0.296334,1.756233,4
HEARTWARMING,HEARTWARMING,1,2024-11-03,2024-11-03,1,0,2.2,1.424154882072722,0.069266,0.685068,4
HELICAL THINGS,HELICAL THINGS,1,2025-04-21,2025-04-21,1,0,2.8,2.4840388212322355,0.215449,1.758341,4
HELP PUT ON A PARTY,HELP PUT ON A PARTY,1,2024-09-04,2024-09-04,1,0,2.7,2.4273314635166128,0.249625,1.65892,4
HELPFUL DEED,HELPFUL DEED,1,2025-03-09,2025-03-09,1,0,2.8,1.7128717741374646,0.112934,0.973585,4
HERALDIC ACHIEVEMENTS,HERALDIC ACHIEVEMENTS,1,2026-06-02,2026-06-02,1,0,2.0,1.9906148429434527,0.162259,1.243819,4
HERBS AND SPICES,HERBS AND SPICES,1,2025-07-26,2025-07-26,1,0,2.8,3.1106705513114923,0.398894,2.295871,4
HEROES OF ACTION MOVIE FRANCHISES,HEROES OF ACTION MOVIE FRANCHISES,1,2025-05-08,2025-05-08,1,0,4.0,2.480242396395055,0.266818,1.702604,4
HIDE FROM VIEW,HIDE FROM VIEW,1,2024-06-18,2024-06-18,1,0,3.0,2.6004242738643697,0.280664,1.827034,4
HINDER,HINDER,1,2024-07-17,2024-07-17,1,0,2.7,3.27501454929408,0.401633,2.482219,4
HIT SONGS OF 1998,HIT SONGS OF 1998,1,2025-06-13,2025-06-13,1,0,2.8,3.753495319655747,0.521316,2.913055,4
HIT THE ___,HIT THE ___,1,2025-08-01,2025-08-01,1,1,2.5,3.2946702607622202,0.476209,2.430258,4
HITCHCOCK MOVIES,HITCHCOCK MOVIES,1,2025-12-16,2025-12-16,1,0,2.7,3.0271344294305567,0.376569,2.222083,4
HOLD DEAR,HOLD DEAR,1,2025-06-02,2025-06-02,1,0,2.3,2.5928383773490515,0.279228,1.819742,4
HOLLOW CYLINDERS,HOLLOW CYLINDERS,1,2026-01-10,2026-01-10,1,0,2.3,2.2555736597050067,0.209761,1.501167,4
HOME STRUCTURES,HOME STRUCTURES,1,2026-05-03,2026-05-03,1,0,2.0,2.4971941981405603,0.2218,1.767126,4
HOMOPHONES OF BODIES OF WATER,HOMOPHONES OF BODIES OF WATER,1,2025-02-14,2025-02-14,1,0,2.5,1.8313127544115249,0.12275,1.100042,4
HOMOPHONES OF BODY FEATURES,HOMOPHONES OF BODY FEATURES,1,2024-08-11,2024-08-11,1,0,2.0,1.7119974143878758,0.117268,0.968245,4
HOMOPHONES OF COORDINATING CONJUNCTIONS,HOMOPHONES OF COORDINATING CONJUNCTIONS,1,2024-10-20,2024-10-20,1,0,2.0,2.0582117168644407,0.181713,1.302139,4
HOMOPHONES OF GEMSTONES,HOMOPHONES OF GEMSTONES,1,2025-05-07,2025-05-07,1,0,2.8,2.6642942545386017,0.274033,1.907151,4
HOMOPHONES OF GENESIS FIGURES,HOMOPHONES OF GENESIS FIGURES,1,2025-09-18,2025-09-18,1,0,3.4,3.55689735516497,0.477777,2.730397,4
HOMOPHONES OF GREETINGS,HOMOPHONES OF GREETINGS,1,2026-02-06,2026-02-06,1,0,2.5,2.450219524794614,0.272141,1.662738,4
"HOMOPHONES OF KINDS OF DOGS, FAMILIARLY","HOMOPHONES OF KINDS OF DOGS, FAMILIARLY",1,2026-05-15,2026-05-15,1,0,2.3,3.1189048299075197,0.40508,2.299159,4
HOMOPHONES OF MUSIC GENRES,HOMOPHONES OF MUSIC GENRES,1,2024-12-08,2024-12-08,1,0,3.0,2.461017780787547,0.262495,1.684808,4
HOMOPHONES OF NON-NUMERIC AMOUNTS,HOMOPHONES OF NON-NUMERIC AMOUNTS,1,2026-03-13,2026-03-13,1,0,2.0,2.5980219574152015,0.271196,1.833738,4
HOMOPHONES OF PARTS OF THE FOOT,HOMOPHONES OF PARTS OF THE FOOT,1,2025-05-19,2025-05-19,1,0,3.0,2.582511197881245,0.303716,1.783372,4
HOMOPHONES OF PLACES TO PARK A SHIP,HOMOPHONES OF PLACES TO PARK A SHIP,1,2025-12-19,2025-12-19,1,0,2.0,2.114264608485192,0.188739,1.359605,4
HOMOPHONES OF POSSESSIVE ADJECTIVES,HOMOPHONES OF POSSESSIVE ADJECTIVES,1,2026-04-30,2026-04-30,1,0,1.3,2.7491436543336807,0.335242,1.943566,4
HOMOPHONES OF SLANG FOR MONEY,HOMOPHONES OF SLANG FOR MONEY,1,2025-06-08,2025-06-08,1,0,2.5,2.84863379963753,0.332137,2.06114,4
HOMOPHONES OF SUVS,HOMOPHONES OF SUVS,1,2026-06-11,2026-06-11,1,0,3.0,2.968919974492482,0.374819,2.156854,4
"HOMOPHONES OF SYNONYMS FOR ""VEND""","HOMOPHONES OF SYNONYMS FOR ""VEND""",1,2025-10-18,2025-10-18,1,0,2.7,3.6792894680649053,0.507529,2.841464,4
HOMOPHONES OF SYNONYMS FOR “DESPICABLE”,HOMOPHONES OF SYNONYMS FOR “DESPICABLE”,1,2025-07-11,2025-07-11,1,0,3.0,3.714347295956964,0.529094,2.860235,4
HOMOPHONES OF SYNONYMS FOR “NAB”,HOMOPHONES OF SYNONYMS FOR “NAB”,1,2025-07-24,2025-07-24,1,0,2.8,2.4095331146576884,0.228116,1.659951,4
HOMOPHONES OF WAYS OF LOOKING,HOMOPHONES OF WAYS OF LOOKING,1,2026-05-27,2026-05-27,1,0,2.3,2.814435556032095,0.32029,2.03364,4
HOMOPHONES OF WAYS TO COOK SOMETHING,HOMOPHONES OF WAYS TO COOK SOMETHING,1,2026-02-19,2026-02-19,1,0,1.5,1.7836584097691786,0.139609,1.028354,4
HOMOPHONES OF WAYS TO GET SMALLER,HOMOPHONES OF WAYS TO GET SMALLER,1,2026-02-13,2026-02-13,1,0,2.4,2.9716742946181745,0.366916,2.167926,4
"HOMOPHONES OF WORDS MEANING ""BRUTAL""","HOMOPHONES OF WORDS MEANING ""BRUTAL""",1,2026-01-29,2026-01-29,1,0,2.3,2.045913316808098,0.154628,1.315074,4
HONDA MODELS,HONDA MODELS,1,2025-12-17,2025-12-17,1,0,2.7,2.294773832096608,0.212015,1.544015,4
HOPPING MAD,HOPPING MAD,1,2024-08-25,2024-08-25,1,0,2.6,1.8969644820903857,0.118369,1.179959,4
HORROR MOVIES FROM 2022,HORROR MOVIES FROM 2022,1,2025-07-15,2025-07-15,1,0,3.3,3.3066809738631813,0.457909,2.462377,4
"HORROR MOVIES MINUS ""S""","HORROR MOVIES MINUS ""S""",1,2026-03-08,2026-03-08,1,0,2.8,3.4363973706694626,0.48459,2.584942,4
HORSE___,HORSE___,1,2025-07-15,2025-07-15,1,1,3.3,3.3066809738631813,0.457909,2.462377,4
HOT TUB COMPONENTS,HOT TUB COMPONENTS,1,2024-06-30,2024-06-30,1,0,3.7,4.134359821075506,0.634533,3.238044,4
HOT ___,HOT ___,1,2025-06-13,2025-06-13,1,1,2.8,3.753495319655747,0.521316,2.913055,4
HOTEL AMENITIES,HOTEL AMENITIES,1,2025-08-18,2025-08-18,1,0,2.8,2.0286668749481684,0.152354,1.297505,4
HOTTIE,HOTTIE,1,2024-07-27,2024-07-27,1,0,2.6,2.567083876255798,0.279211,1.790127,4
HOUSE STYLES,HOUSE STYLES,1,2024-08-17,2024-08-17,1,0,1.8,1.5772538835938996,0.055976,0.874507,4
HUMAN-POWERED WATERCRAFT,HUMAN-POWERED WATERCRAFT,1,2025-12-17,2025-12-17,1,0,2.7,2.294773832096608,0.212015,1.544015,4
HURL,HURL,1,2025-03-28,2025-03-28,1,0,3.0,2.111803190184163,0.166318,1.379194,4
HUSH-HUSH,HUSH-HUSH,1,2025-07-25,2025-07-25,1,0,2.3,2.569994642459945,0.260515,1.812172,4
HYPNOTIC STATE,HYPNOTIC STATE,1,2026-03-14,2026-03-14,1,0,2.0,2.734235212201777,0.305861,1.955794,4
ICE CREAM PARLOR ORDERS,ICE CREAM PARLOR ORDERS,1,2025-09-25,2025-09-25,1,0,3.0,2.5301269668002684,0.304113,1.722704,4
ICE CREAM TREATS,ICE CREAM TREATS,1,2025-06-29,2025-06-29,1,0,2.5,2.7868010945627373,0.266489,2.055646,4
ICE ___,ICE ___,1,2024-08-30,2024-08-30,1,1,3.9,2.681144366333111,0.275145,1.925426,4
ICON EMBROIDERED ON A POLO SHIRT,ICON EMBROIDERED ON A POLO SHIRT,1,2024-12-02,2024-12-02,1,0,3.0,3.5823450481154753,0.466447,2.771006,4
ICONIC ACTRESSES,ICONIC ACTRESSES,1,2026-01-26,2026-01-26,1,0,3.3,3.392794979459107,0.479052,2.540313,4
ICONIC SOUL SINGERS,ICONIC SOUL SINGERS,1,2025-11-05,2025-11-05,1,0,3.5,3.3348178010733562,0.460352,2.492307,4
ICONS ON AN IPHONE,ICONS ON AN IPHONE,1,2025-11-11,2025-11-11,1,0,2.3,2.6258867422778405,0.23926,1.897734,4
ILK,ILK,1,2025-04-02,2025-04-02,1,0,2.8,2.646590642471631,0.31317,1.847645,4
IMAGERY IN MAGRITTE PAINTINGS,IMAGERY IN MAGRITTE PAINTINGS,1,2025-06-04,2025-06-04,1,0,2.0,2.9533457673822627,0.369836,2.143918,4
IMAGES SEEN ON THE STREET,IMAGES SEEN ON THE STREET,1,2026-03-29,2026-03-29,1,0,1.5,2.4319674823081696,0.283546,1.630333,4
IMBIBE,IMBIBE,1,2025-12-04,2025-12-04,1,0,2.0,1.6513719515518297,0.094941,0.920819,4
IMPERIAL UNITS,IMPERIAL UNITS,1,2026-01-23,2026-01-23,1,0,3.0,3.315702697720767,0.420151,2.510515,4
IMPORTANT,IMPORTANT,1,2025-09-13,2025-09-13,1,0,2.8,3.3388289046959723,0.4408,2.516474,4
"IMPOSE, AS A PENALTY","IMPOSE, AS A PENALTY",1,2025-03-14,2025-03-14,1,0,3.3,2.0637707675188834,0.186178,1.30407,4
IMPOSTOR,IMPOSTOR,1,2024-07-23,2024-07-23,1,0,3.0,3.322307329666219,0.43969,2.498575,4
"IN ""A VISIT FROM ST. NICHOLAS""","IN ""A VISIT FROM ST. NICHOLAS""",1,2025-09-02,2025-09-02,1,0,2.8,2.037008927509354,0.195516,1.263941,4
IN A BAD MOOD,IN A BAD MOOD,1,2024-07-16,2024-07-16,1,0,2.6,2.320219786757353,0.259026,1.526281,4
IN A MONOPOLY BOX,IN A MONOPOLY BOX,1,2026-06-23,2026-06-23,1,0,2.8,2.564878855694459,0.262127,1.804674,4
IN FASHION,IN FASHION,1,2025-06-27,2025-06-27,1,0,1.8,1.783786174066584,0.153779,1.014331,4
IN PRISTINE CONDITION,IN PRISTINE CONDITION,1,2024-10-29,2024-10-29,1,0,3.8,3.2562227678369653,0.408009,2.454222,4
IN THE KNOW,IN THE KNOW,1,2025-10-28,2025-10-28,1,0,2.3,2.4281719266158692,0.26328,1.646232,4
IN THE NATO ALPHABET,IN THE NATO ALPHABET,1,2025-07-12,2025-07-12,1,0,2.8,3.1469121545305283,0.383364,2.353099,4
IN THE NATO PHONETIC ALPHABET,IN THE NATO PHONETIC ALPHABET,1,2025-10-15,2025-10-15,1,0,3.3,3.6574156988622226,0.50254,2.821286,4
IN THE SLIGHTEST,IN THE SLIGHTEST,1,2025-10-27,2025-10-27,1,0,2.3,2.16580316159763,0.179189,1.428453,4
"IN “STAR LIGHT, STAR BRIGHT”","IN “STAR LIGHT, STAR BRIGHT”",1,2025-03-15,2025-03-15,1,0,3.3,2.9202556834992186,0.352521,2.123161,4
INCIDENT,INCIDENT,1,2024-09-06,2024-09-06,1,0,2.9,2.747672192051321,0.294024,1.983091,4
INCREASE,INCREASE,1,2025-08-29,2025-08-29,1,0,2.5,3.0615178008954973,0.355868,2.282344,4
"INCREASE, IN A WAY","INCREASE, IN A WAY",1,2024-09-26,2024-09-26,1,0,2.6,2.364572249999413,0.261564,1.574773,4
"INCREASE, WITH ""UP""","INCREASE, WITH ""UP""",1,2025-09-08,2025-09-08,1,0,3.5,3.6014080027752464,0.51441,2.744976,4
"INCREASED, WITH “UP”","INCREASED, WITH “UP”",1,2025-03-26,2025-03-26,1,0,3.2,3.6811277094867543,0.519231,2.831877,4
INDICATE,INDICATE,1,2024-10-28,2024-10-28,1,0,2.3,3.2393500582755674,0.399943,2.442875,4
"INDICATE, AS EMOTIONS","INDICATE, AS EMOTIONS",1,2026-06-06,2026-06-06,1,0,2.5,3.2899899155817676,0.410027,2.491055,4
INDICATION TO PROCEED,INDICATION TO PROCEED,1,2024-06-28,2024-06-28,1,0,2.7,2.4223712536847013,0.217238,1.6856,4
INDIVIDUALITY,INDIVIDUALITY,1,2024-11-04,2024-11-04,1,0,2.8,2.975758406410736,0.316376,2.223165,4
INDUSTRIAL REVOLUTION INVENTORS,INDUSTRIAL REVOLUTION INVENTORS,1,2025-06-28,2025-06-28,1,0,3.3,3.7590682766282746,0.579022,2.861761,4
INEXPERIENCED,INEXPERIENCED,1,2026-01-19,2026-01-19,1,0,2.8,3.4476406288411128,0.44294,2.639528,4
INFLUENCE,INFLUENCE,1,2025-08-10,2025-08-10,1,0,2.5,2.876260438802965,0.334613,2.09045,4
INFLUX,INFLUX,1,2025-12-22,2025-12-22,1,0,2.0,2.494227806664073,0.264537,1.720976,4
INFO ON A BASEBALL CARD,INFO ON A BASEBALL CARD,1,2025-02-08,2025-02-08,1,0,3.8,1.8573532041703995,0.125807,1.126946,4
INFO ON A MUSEUM PLACARD,INFO ON A MUSEUM PLACARD,1,2024-11-07,2024-11-07,1,0,3.6,2.8871673379059355,0.343733,2.093879,4
INFO ON A NUTRITION LABEL,INFO ON A NUTRITION LABEL,1,2025-04-21,2025-04-21,1,0,2.8,2.4840388212322355,0.215449,1.758341,4
INFO ON A RECORD,INFO ON A RECORD,1,2025-01-18,2025-01-18,1,0,3.0,2.442676216378431,0.222691,1.703509,4
INFORMANT,INFORMANT,1,2025-07-07,2025-07-07,1,0,2.3,2.8119689228617837,0.296548,2.054544,4
INGREDIENTS IN AN OLD FASHIONED,INGREDIENTS IN AN OLD FASHIONED,1,2025-01-10,2025-01-10,1,0,2.3,2.593370294015799,0.257588,1.841994,4
INGREDIENTS IN BUBBLE TEA,INGREDIENTS IN BUBBLE TEA,1,2025-05-04,2025-05-04,1,0,3.5,3.1839020914915097,0.384031,2.394991,4
INGREDIENTS IN CLASSIC POUND CAKE,INGREDIENTS IN CLASSIC POUND CAKE,1,2025-03-12,2025-03-12,1,0,4.0,3.596672032322454,0.510483,2.743454,4
INHALATION,INHALATION,1,2025-07-20,2025-07-20,1,0,2.5,3.2811672259017723,0.423313,2.467618,4
INSPIRED,INSPIRED,1,2024-09-24,2024-09-24,1,0,3.0,3.0438011516553214,0.317727,2.300101,4
INSTALLED ON A WALL,INSTALLED ON A WALL,1,2025-01-16,2025-01-16,1,0,2.0,2.3881399825738145,0.224743,1.63871,4
INSTRUCT,INSTRUCT,1,2025-07-30,2025-07-30,1,0,3.0,2.3801933909331687,0.249249,1.605061,4
INSTRUMENT HOMOPHONES,INSTRUMENT HOMOPHONES,1,2024-07-26,2024-07-26,1,0,2.6,3.0756892081689005,0.415864,2.238653,4
INSTRUMENTS YOU BLOW INTO,INSTRUMENTS YOU BLOW INTO,1,2024-11-15,2024-11-15,1,0,3.0,2.812021940699483,0.262188,2.088965,4
INTANGIBLE QUALITY,INTANGIBLE QUALITY,1,2025-01-30,2025-01-30,1,0,2.8,2.110817579889895,0.167392,1.376986,4
INTENTION,INTENTION,1,2025-12-30,2025-12-30,1,0,2.3,2.1417547919044186,0.169762,1.410211,4
INTEREST,INTEREST,1,2026-04-06,2026-04-06,1,0,3.3,3.455601126799843,0.478262,2.613365,4
INTERJECTIONS,INTERJECTIONS,1,2025-04-18,2025-04-18,1,0,3.0,3.146315051997758,0.401854,2.333922,4
INTERTWINE,INTERTWINE,1,2026-01-20,2026-01-20,1,0,2.0,2.331325720037914,0.213782,1.584303,4
INTERVAL,INTERVAL,1,2026-03-18,2026-03-18,1,0,3.0,3.238858122273314,0.433844,2.408408,4
INTIMATE AND UNDISCLOSED,INTIMATE AND UNDISCLOSED,1,2025-09-13,2025-09-13,1,0,2.8,3.3388289046959723,0.4408,2.516474,4
INTO IT,INTO IT,1,2025-09-18,2025-09-18,1,0,3.4,3.55689735516497,0.477777,2.730397,4
INUNDATION,INUNDATION,1,2025-11-27,2025-11-27,1,0,3.3,3.3981228375753885,0.430451,2.595044,4
INVESTMENT VERBS,INVESTMENT VERBS,1,2024-12-18,2024-12-18,1,0,3.3,2.743898364981029,0.315183,1.95759,4
INVOLUNTARY ACTIONS,INVOLUNTARY ACTIONS,1,2026-05-05,2026-05-05,1,0,2.5,3.3443662267284076,0.442656,2.520989,4
INVOLVED IN A DENTIST VISIT,INVOLVED IN A DENTIST VISIT,1,2024-10-05,2024-10-05,1,0,3.2,2.9732665680388966,0.361776,2.174898,4
IPHONE MESSAGE TAPBACK RESPONSES,IPHONE MESSAGE TAPBACK RESPONSES,1,2024-10-25,2024-10-25,1,0,3.2,2.814495527028836,0.315262,2.038737,4
IRRITATE,IRRITATE,1,2025-07-29,2025-07-29,1,0,2.3,2.8858158176170585,0.327099,2.108958,4
ITEM IN A COLLECTION,ITEM IN A COLLECTION,1,2025-07-28,2025-07-28,1,0,2.0,2.8906908512507,0.31968,2.121986,4
ITEM SOLD IN PAIRS,ITEM SOLD IN PAIRS,1,2024-10-03,2024-10-03,1,0,3.7,3.449918657572397,0.453754,2.631335,4
ITEMS AT A COFFEE STATION,ITEMS AT A COFFEE STATION,1,2026-02-06,2026-02-06,1,0,2.5,2.450219524794614,0.272141,1.662738,4
ITEMS IN A LINEN CLOSET,ITEMS IN A LINEN CLOSET,1,2025-05-26,2025-05-26,1,0,2.0,1.8202720069969864,0.151221,1.058868,4
ITEMS IN A MONOPOLY BOX,ITEMS IN A MONOPOLY BOX,1,2024-09-28,2024-09-28,1,0,4.2,2.742565965879518,0.30223,1.96901,4
ITEMS IN A SEWING KIT,ITEMS IN A SEWING KIT,1,2025-06-20,2025-06-20,1,0,2.8,2.5541518695817116,0.239335,1.815124,4
ITEMS IN A SOUVENIR SHOP,ITEMS IN A SOUVENIR SHOP,1,2025-10-17,2025-10-17,1,0,2.0,1.148051889655873,0.028737,0.407925,4
ITEMS TO RECYCLE,ITEMS TO RECYCLE,1,2026-01-21,2026-01-21,1,0,2.3,3.130102023400513,0.410633,2.306489,4
JAMESES,JAMESES,1,2026-02-25,2026-02-25,1,0,2.3,2.979046381492937,0.343293,2.200031,4
JELLY ___,JELLY ___,1,2026-05-13,2026-05-13,1,1,2.2,2.5371340128253026,0.239212,1.795667,4
JOBS THAT INVOLVE TRAVELING,JOBS THAT INVOLVE TRAVELING,1,2026-02-28,2026-02-28,1,0,2.8,2.820188425994846,0.34436,2.016189,4
JOHNS,JOHNS,1,2025-07-08,2025-07-08,1,0,2.5,1.653831631563098,0.095493,0.923097,4
JOIN,JOIN,1,2025-09-03,2025-09-03,1,0,2.8,1.633244196783269,0.096233,0.89867,4
JOKE AROUND WITH,JOKE AROUND WITH,1,2024-07-24,2024-07-24,1,0,2.4,3.104254523805067,0.332178,2.355205,4
JOSTLE,JOSTLE,1,2026-01-13,2026-01-13,1,0,2.0,1.9686506826732173,0.127886,1.252921,4
JUDY BLUME BOOKS,JUDY BLUME BOOKS,1,2026-05-19,2026-05-19,1,0,2.3,3.2235290140193413,0.421623,2.402992,4
"KAFKA WORKS, WITH ""THE""","KAFKA WORKS, WITH ""THE""",1,2025-12-01,2025-12-01,1,0,3.3,3.172793550776307,0.429061,2.33718,4
KEEP APART,KEEP APART,1,2025-01-26,2025-01-26,1,0,3.0,2.194354570915711,0.198605,1.441887,4
"KEEP GOING ON ABOUT, WITH “ON”","KEEP GOING ON ABOUT, WITH “ON”",1,2025-01-30,2025-01-30,1,0,2.8,2.110817579889895,0.167392,1.376986,4
KEEP TABS ON,KEEP TABS ON,1,2025-09-16,2025-09-16,1,0,2.3,1.62514724307833,0.131275,0.854312,4
"KEY TO SUCCESS, SO TO SPEAK","KEY TO SUCCESS, SO TO SPEAK",1,2024-06-25,2024-06-25,1,0,3.2,2.2804981274375673,0.211467,1.528138,4
KEYBOARD SHORTCUT COMMANDS,KEYBOARD SHORTCUT COMMANDS,1,2025-06-09,2025-06-09,1,0,2.5,2.659353165894057,0.251502,1.923997,4
KIDDO,KIDDO,1,2024-08-04,2024-08-04,1,0,2.6,2.042744414574499,0.181532,1.284524,4
KINDS OF ACTORS,KINDS OF ACTORS,1,2025-11-15,2025-11-15,1,0,2.3,1.9562992647791764,0.138026,1.22857,4
KINDS OF ANTS,KINDS OF ANTS,1,2025-10-22,2025-10-22,1,0,2.8,3.113204977782467,0.419168,2.278513,4
KINDS OF BAGS,KINDS OF BAGS,1,2026-04-21,2026-04-21,1,0,1.5,2.1829600815348877,0.212867,1.414515,4
KINDS OF BAR APPARATUSES,KINDS OF BAR APPARATUSES,1,2026-04-08,2026-04-08,1,0,2.0,1.8458848374747503,0.124543,1.115015,4
KINDS OF BEANS,KINDS OF BEANS,1,2024-10-21,2024-10-21,1,0,1.8,1.8837022003617832,0.128388,1.154681,4
KINDS OF BEARS,KINDS OF BEARS,1,2025-09-26,2025-09-26,1,0,3.0,2.61430191016823,0.254204,1.869461,4
KINDS OF BEES,KINDS OF BEES,1,2026-01-20,2026-01-20,1,0,2.0,2.331325720037914,0.213782,1.584303,4
KINDS OF BOOTS,KINDS OF BOOTS,1,2024-08-16,2024-08-16,1,0,3.4,1.613891816878356,0.087699,0.884938,4
KINDS OF BRACELETS,KINDS OF BRACELETS,1,2025-06-03,2025-06-03,1,0,2.3,2.849980105057125,0.334969,2.059857,4
KINDS OF BROS,KINDS OF BROS,1,2024-12-20,2024-12-20,1,0,1.5,1.3969002369160588,0.070396,0.65258,4
KINDS OF CAKE,KINDS OF CAKE,1,2024-07-03,2024-07-03,1,0,2.8,2.5739353453472567,0.295687,1.781534,4
KINDS OF CAMERA LENSES,KINDS OF CAMERA LENSES,1,2025-09-12,2025-09-12,1,0,2.5,2.1267785564718507,0.182378,1.380364,4
KINDS OF CARVINGS,KINDS OF CARVINGS,1,2025-05-02,2025-05-02,1,0,4.0,3.4610393663159233,0.481206,2.616678,4
"KINDS OF CHAIN REACTION ""EFFECTS""","KINDS OF CHAIN REACTION ""EFFECTS""",1,2026-02-27,2026-02-27,1,0,2.0,1.9282111096822987,0.153344,1.180935,4
KINDS OF CHAIRS,KINDS OF CHAIRS,1,2026-06-20,2026-06-20,1,0,2.3,2.030401688129261,0.194552,1.257303,4
KINDS OF CHARTS,KINDS OF CHARTS,1,2024-08-21,2024-08-21,1,0,3.4,3.93173086026028,0.58474,3.054701,4
KINDS OF CHEESES,KINDS OF CHEESES,1,2025-06-25,2025-06-25,1,0,3.0,2.5547150754641503,0.233345,1.821762,4
KINDS OF COATS,KINDS OF COATS,1,2025-10-06,2025-10-06,1,0,2.5,3.0527029335194245,0.365426,2.262644,4
KINDS OF COMPLEXES,KINDS OF COMPLEXES,1,2026-02-15,2026-02-15,1,0,2.3,2.554422173639487,0.260204,1.794566,4
KINDS OF CONES,KINDS OF CONES,1,2026-03-11,2026-03-11,1,0,1.8,2.218272568876876,0.16489,1.503121,4
KINDS OF CONTESTS,KINDS OF CONTESTS,1,2025-10-26,2025-10-26,1,0,2.5,2.4538082240054013,0.259892,1.679116,4
KINDS OF COOKIES,KINDS OF COOKIES,1,2025-10-04,2025-10-04,1,0,1.8,1.3148972866039843,0.064659,0.563968,4
KINDS OF CORDS,KINDS OF CORDS,1,2025-03-20,2025-03-20,1,0,2.7,2.5821678856535235,0.226895,1.859798,4
KINDS OF CRACKERS,KINDS OF CRACKERS,1,2024-11-26,2024-11-26,1,0,2.3,2.2809857177154194,0.220516,1.51965,4
KINDS OF DIGITAL STORAGE,KINDS OF DIGITAL STORAGE,1,2025-03-26,2025-03-26,1,0,3.2,3.6811277094867543,0.519231,2.831877,4
KINDS OF EARRINGS,KINDS OF EARRINGS,1,2024-11-02,2024-11-02,1,0,3.0,3.378852157289224,0.432908,2.570415,4
KINDS OF GREETING CARDS,KINDS OF GREETING CARDS,1,2024-08-05,2024-08-05,1,0,2.6,1.6016690324266003,0.097135,0.861439,4
KINDS OF INSTRUMENTS,KINDS OF INSTRUMENTS,1,2025-10-26,2025-10-26,1,0,2.5,2.4538082240054013,0.259892,1.679116,4
KINDS OF JEANS,KINDS OF JEANS,1,2025-06-23,2025-06-23,1,0,2.8,3.1725658348176666,0.391291,2.374688,4
KINDS OF JEWELRY,KINDS OF JEWELRY,1,2025-12-03,2025-12-03,1,0,1.7,1.4908939099968468,0.069151,0.76197,4
KINDS OF JOKES,KINDS OF JOKES,1,2025-08-09,2025-08-09,1,0,2.8,2.631841253852823,0.307116,1.836729,4
KINDS OF KNIVES,KINDS OF KNIVES,1,2024-08-12,2024-08-12,1,0,2.4,1.9867801757315389,0.163419,1.238247,4
KINDS OF KNOTS,KINDS OF KNOTS,1,2026-05-05,2026-05-05,1,0,2.5,3.3443662267284076,0.442656,2.520989,4
KINDS OF LANGUAGE,KINDS OF LANGUAGE,1,2025-11-08,2025-11-08,1,0,2.8,2.749260119747642,0.314402,1.96454,4
KINDS OF LETTUCE,KINDS OF LETTUCE,1,2025-04-24,2025-04-24,1,0,2.8,2.2813672723178744,0.220358,1.520247,4
KINDS OF LIP MAKEUP,KINDS OF LIP MAKEUP,1,2024-06-17,2024-06-17,1,0,3.5,3.101886973151111,0.381187,2.303472,4
KINDS OF LISTS,KINDS OF LISTS,1,2025-07-05,2025-07-05,1,0,2.3,2.095560610660988,0.162941,1.363883,4
KINDS OF LIZARDS,KINDS OF LIZARDS,1,2026-06-06,2026-06-06,1,0,2.5,3.2899899155817676,0.410027,2.491055,4
KINDS OF LUGGAGE,KINDS OF LUGGAGE,1,2025-09-23,2025-09-23,1,0,2.5,2.562108890960921,0.268901,1.794713,4
KINDS OF MACHINES,KINDS OF MACHINES,1,2025-06-26,2025-06-26,1,0,2.3,3.1676377833463265,0.393526,2.366783,4
KINDS OF MUSHROOMS,KINDS OF MUSHROOMS,1,2025-01-03,2025-01-03,1,0,1.7,2.6770159281516537,0.33399,1.861831,4
KINDS OF NECKLINES,KINDS OF NECKLINES,1,2026-01-24,2026-01-24,1,0,2.8,2.9298562578470886,0.337386,2.149342,4
KINDS OF NUMBERS,KINDS OF NUMBERS,1,2026-03-13,2026-03-13,1,0,2.0,2.5980219574152015,0.271196,1.833738,4
KINDS OF PANTS,KINDS OF PANTS,1,2024-10-13,2024-10-13,1,0,3.0,3.2904357869053653,0.439691,2.461904,4
"KINDS OF PANTS MINUS ""S""","KINDS OF PANTS MINUS ""S""",1,2025-05-24,2025-05-24,1,0,1.6,2.767827661825638,0.322848,1.977457,4
KINDS OF PAPER,KINDS OF PAPER,1,2024-12-17,2024-12-17,1,0,3.2,3.4088680757306227,0.450277,2.587581,4
KINDS OF PARKING,KINDS OF PARKING,1,2026-01-23,2026-01-23,1,0,3.0,3.315702697720767,0.420151,2.510515,4
KINDS OF PAYMENT FOR AN AUTHOR,KINDS OF PAYMENT FOR AN AUTHOR,1,2026-02-09,2026-02-09,1,0,2.3,1.8360565471682402,0.129742,1.098508,4
KINDS OF PENGUINS,KINDS OF PENGUINS,1,2025-05-17,2025-05-17,1,0,3.8,2.591104433312839,0.282077,1.814898,4
KINDS OF PIANOS,KINDS OF PIANOS,1,2024-08-29,2024-08-29,1,0,3.0,3.4482942257911033,0.491517,2.591703,4
KINDS OF PICKLES,KINDS OF PICKLES,1,2024-11-08,2024-11-08,1,0,2.8,3.287480694312322,0.447323,2.450872,4
KINDS OF PIES,KINDS OF PIES,1,2026-05-21,2026-05-21,1,0,3.0,3.9624221042736765,0.589095,3.085658,4
KINDS OF PIZZA,KINDS OF PIZZA,1,2025-05-13,2025-05-13,1,0,2.8,1.7724629545659456,0.137249,1.017833,4
KINDS OF PLANTS,KINDS OF PLANTS,1,2025-05-16,2025-05-16,1,0,4.0,2.906871721487373,0.347026,2.113257,4
KINDS OF PLAY FIGHTS,KINDS OF PLAY FIGHTS,1,2024-12-16,2024-12-16,1,0,3.3,3.801286120044301,0.547504,2.941853,4
KINDS OF POKER,KINDS OF POKER,1,2025-08-22,2025-08-22,1,0,3.3,2.858614190298094,0.339337,2.065423,4
KINDS OF PUPPETS,KINDS OF PUPPETS,1,2026-04-29,2026-04-29,1,0,1.7,2.5270684459664685,0.265304,1.757994,4
KINDS OF REELS,KINDS OF REELS,1,2024-09-18,2024-09-18,1,0,3.2,4.028457124844753,0.630668,3.120062,4
KINDS OF RICE,KINDS OF RICE,1,2026-06-03,2026-06-03,1,0,2.5,3.304633268525178,0.433861,2.484069,4
KINDS OF ROCKS,KINDS OF ROCKS,1,2025-10-09,2025-10-09,1,0,2.8,1.64913477262992,0.112066,0.90112,4
KINDS OF ROOMS IN A MANSION,KINDS OF ROOMS IN A MANSION,1,2026-05-29,2026-05-29,1,0,3.3,2.9416088349185983,0.33474,2.16551,4
KINDS OF SALAD,KINDS OF SALAD,1,2024-08-31,2024-08-31,1,0,2.9,2.736116041722761,0.310531,1.953288,4
KINDS OF SCHEMES,KINDS OF SCHEMES,1,2026-05-11,2026-05-11,1,0,2.0,2.5219483134765808,0.28649,1.730917,4
KINDS OF SHIRTS,KINDS OF SHIRTS,1,2024-11-21,2024-11-21,1,0,3.3,2.8539208079444367,0.340128,2.059232,4
KINDS OF SHORTS,KINDS OF SHORTS,1,2025-03-29,2025-03-29,1,0,3.6,3.6577233761498507,0.538675,2.785505,4
KINDS OF SNAKES,KINDS OF SNAKES,1,2025-08-24,2025-08-24,1,0,2.0,2.586314575877468,0.299343,1.792121,4
KINDS OF SOCKS,KINDS OF SOCKS,1,2025-07-09,2025-07-09,1,0,2.5,1.8092234372785252,0.143525,1.053852,4
KINDS OF SOFT/LIGHTWEIGHT PAPER,KINDS OF SOFT/LIGHTWEIGHT PAPER,1,2025-08-16,2025-08-16,1,0,2.2,2.504706217341053,0.252398,1.745171,4
KINDS OF SONGS,KINDS OF SONGS,1,2025-07-11,2025-07-11,1,0,3.0,3.714347295956964,0.529094,2.860235,4
KINDS OF STEAKS,KINDS OF STEAKS,1,2025-07-23,2025-07-23,1,0,2.8,2.0681608183093134,0.159662,1.335637,4
KINDS OF TAPE,KINDS OF TAPE,1,2024-10-30,2024-10-30,1,0,3.1,2.3365544956378406,0.216301,1.5878,4
KINDS OF TENNIS COURTS,KINDS OF TENNIS COURTS,1,2024-12-17,2024-12-17,1,0,3.2,3.4088680757306227,0.450277,2.587581,4
KINDS OF TOMATOES,KINDS OF TOMATOES,1,2025-11-18,2025-11-18,1,0,2.3,2.4869504565812637,0.265705,1.711435,4
KINDS OF WALLS,KINDS OF WALLS,1,2026-03-13,2026-03-13,1,0,2.0,2.5980219574152015,0.271196,1.833738,4
"KINDS OF WOOD PLUS ""S""","KINDS OF WOOD PLUS ""S""",1,2026-05-31,2026-05-31,1,0,2.0,2.6617615663573875,0.33041,1.84786,4
KING ___,KING ___,1,2025-09-10,2025-09-10,1,1,3.3,2.9928266735702027,0.363769,2.19541,4
KNEE SLAPPER,KNEE SLAPPER,1,2026-02-16,2026-02-16,1,0,3.0,3.9240267600412397,0.574541,3.056036,4
KNICKKNACK,KNICKKNACK,1,2025-03-22,2025-03-22,1,0,2.3,2.9319482895739872,0.309613,2.179522,4
KNOCKOFF,KNOCKOFF,1,2025-07-02,2025-07-02,1,0,3.5,3.893702295167332,0.593926,3.001761,4
KNUCKLEHEAD,KNUCKLEHEAD,1,2024-10-07,2024-10-07,1,0,3.2,3.51396246722269,0.503943,2.654832,4
LABOR PROTEST ACTIONS,LABOR PROTEST ACTIONS,1,2026-05-24,2026-05-24,1,0,2.5,2.494992654158743,0.253378,1.733015,4
LACKING,LACKING,1,2025-01-15,2025-01-15,1,0,4.0,3.3480035980524923,0.442648,2.525182,4
LANDFORMS BY WATER,LANDFORMS BY WATER,1,2026-06-08,2026-06-08,1,0,2.8,3.4388135934367163,0.483536,2.588776,4
LANDMARKS IN DOWNTOWN NYC,LANDMARKS IN DOWNTOWN NYC,1,2025-08-12,2025-08-12,1,0,2.8,2.8484399803292217,0.329534,2.06352,4
LANDS OF THE IMAGINATION,LANDS OF THE IMAGINATION,1,2025-08-21,2025-08-21,1,0,2.5,2.7970135469063435,0.322075,2.01181,4
LANGUAGE HOMOPHONES,LANGUAGE HOMOPHONES,1,2024-08-23,2024-08-23,1,0,3.6,3.129426697828515,0.406206,2.310139,4
LAPTOP SPECS,LAPTOP SPECS,1,2024-11-12,2024-11-12,1,0,3.0,2.341674628127728,0.243283,1.566709,4
LARGE AMOUNT OF MONEY,LARGE AMOUNT OF MONEY,1,2024-09-11,2024-09-11,1,0,4.0,2.6093043271064653,0.283512,1.834403,4
LARGE BOAT,LARGE BOAT,1,2024-08-11,2024-08-11,1,0,2.0,1.7119974143878758,0.117268,0.968245,4
LARGE GROUP,LARGE GROUP,1,2024-11-25,2024-11-25,1,0,3.0,2.7043853004325173,0.266455,1.960856,4
LAS VEGAS CASINO HOTELS,LAS VEGAS CASINO HOTELS,1,2025-09-22,2025-09-22,1,0,2.3,1.7234240621292707,0.140033,0.958627,4
LAST WORDS IN LONG-RUNNING CHILDREN’S SHOW TITLES,LAST WORDS IN LONG-RUNNING CHILDREN’S SHOW TITLES,1,2025-09-17,2025-09-17,1,0,2.0,1.59682528800865,0.106437,0.846564,4
LAST WORDS IN “AMERICA THE BEAUTIFUL”,LAST WORDS IN “AMERICA THE BEAUTIFUL”,1,2025-01-09,2025-01-09,1,0,2.5,1.5469928662962547,0.09515,0.800516,4
LAST WORDS OF CANDY BRANDS IN THE SINGULAR,LAST WORDS OF CANDY BRANDS IN THE SINGULAR,1,2026-04-19,2026-04-19,1,0,2.0,4.069128759518714,0.641363,3.156162,4
LAST WORDS OF FAMOUS OPERA TITLES,LAST WORDS OF FAMOUS OPERA TITLES,1,2025-05-15,2025-05-15,1,0,3.0,2.9595705830150205,0.381119,2.139797,4
LAST ___,LAST ___,1,2025-07-31,2025-07-31,1,1,2.5,3.008839798844977,0.371931,2.205672,4
LATIN DANCES WITH A VOWEL CHANGED,LATIN DANCES WITH A VOWEL CHANGED,1,2025-04-16,2025-04-16,1,0,3.0,2.6792365933208377,0.297657,1.900719,4
LATIN PREPOSITIONS,LATIN PREPOSITIONS,1,2025-11-10,2025-11-10,1,0,2.0,1.8603482774279372,0.134343,1.121856,4
LATIN WORDS,LATIN WORDS,1,2024-07-02,2024-07-02,1,0,2.7,2.8826947183518765,0.36953,2.062936,4
LAUNDRY DAY VERBS,LAUNDRY DAY VERBS,1,2026-04-28,2026-04-28,1,0,3.0,2.953163246957398,0.331467,2.182077,4
LAUNDRY SERVICES,LAUNDRY SERVICES,1,2025-12-20,2025-12-20,1,0,2.3,2.5671351558037356,0.261944,1.807453,4
LAY IT ON THICK,LAY IT ON THICK,1,2025-12-14,2025-12-14,1,0,3.0,3.0228912641248984,0.350603,2.243167,4
"LEAD, AS A TV PROGRAM","LEAD, AS A TV PROGRAM",1,2024-07-25,2024-07-25,1,0,2.6,3.265985872277452,0.373655,2.499809,4
LEAVE QUICKLY,LEAVE QUICKLY,1,2025-07-24,2025-07-24,1,0,2.8,2.4095331146576884,0.228116,1.659951,4
LEES OF HOLLYWOOD,LEES OF HOLLYWOOD,1,2026-02-05,2026-02-05,1,0,1.5,1.6105369176403714,0.092837,0.87594,4
"LEFT-LEANING, POLITICALLY","LEFT-LEANING, POLITICALLY",1,2025-09-25,2025-09-25,1,0,3.0,2.5301269668002684,0.304113,1.722704,4
LEGAL DRAMAS,LEGAL DRAMAS,1,2025-06-26,2025-06-26,1,0,2.3,3.1676377833463265,0.393526,2.366783,4
LEGAL SESSION,LEGAL SESSION,1,2024-11-03,2024-11-03,1,0,2.2,1.424154882072722,0.069266,0.685068,4
LEGENDS OF CLASSIC HOLLYWOOD,LEGENDS OF CLASSIC HOLLYWOOD,1,2025-08-01,2025-08-01,1,0,2.5,3.2946702607622202,0.476209,2.430258,4
LEGISLATIVE ROLES,LEGISLATIVE ROLES,1,2024-09-17,2024-09-17,1,0,2.8,3.687041371252362,0.520606,2.837306,4
LEGWEAR IN THE SINGULAR,LEGWEAR IN THE SINGULAR,1,2026-01-03,2026-01-03,1,0,2.8,3.071456472601806,0.413534,2.236113,4
LENIENT,LENIENT,1,2025-11-23,2025-11-23,1,0,3.3,2.9705400605493737,0.349052,2.184485,4
LETTER HOMOPHONES,LETTER HOMOPHONES,1,2025-12-11,2025-12-11,1,0,1.5,2.1946387812915713,0.214822,1.425997,4
LETTER SIGN-OFFS,LETTER SIGN-OFFS,1,2025-05-10,2025-05-10,1,0,3.0,2.0100619596403195,0.159767,1.268686,4
LEVELS OF BIOLOGICAL ORGANIZATION,LEVELS OF BIOLOGICAL ORGANIZATION,1,2025-02-27,2025-02-27,1,0,3.3,1.9597184807383035,0.135854,1.234676,4
LIAISON,LIAISON,1,2025-07-08,2025-07-08,1,0,2.5,1.653831631563098,0.095493,0.923097,4
LIBRARY SECTIONS,LIBRARY SECTIONS,1,2025-12-21,2025-12-21,1,0,1.5,3.242259955334835,0.417584,2.428582,4
LIGHT BROWN SHADES,LIGHT BROWN SHADES,1,2025-11-02,2025-11-02,1,0,2.0,2.225695066154697,0.153582,1.522969,4
LIGHT-UP SIGNS,LIGHT-UP SIGNS,1,2024-07-11,2024-07-11,1,0,2.4,2.1550883435132064,0.168571,1.426743,4
LIGHTNING ___,LIGHTNING ___,1,2024-06-20,2024-06-20,1,1,3.5,4.522243536548623,0.760173,3.558686,4
LINEUP,LINEUP,1,2024-10-24,2024-10-24,1,0,3.5,3.4843976349741714,0.495362,2.629397,4
LINGERIE,LINGERIE,1,2025-05-26,2025-05-26,1,0,2.0,1.8202720069969864,0.151221,1.058868,4
LIQUIDS YOU PUT INTO CARS,LIQUIDS YOU PUT INTO CARS,1,2025-08-23,2025-08-23,1,0,1.8,1.3198687953193395,0.051243,0.583104,4
LIQUOR BOTTLE SIZES,LIQUOR BOTTLE SIZES,1,2024-07-15,2024-07-15,1,0,2.4,2.090221453661263,0.174417,1.346264,4
LITIGATION VERBS,LITIGATION VERBS,1,2025-03-15,2025-03-15,1,0,3.3,2.9202556834992186,0.352521,2.123161,4
LITTLE BIT,LITTLE BIT,1,2025-11-22,2025-11-22,1,0,3.0,2.877797086951347,0.34086,2.085971,4
LITTLE BITE,LITTLE BITE,1,2026-03-01,2026-03-01,1,0,2.0,1.450925413531054,0.065457,0.719678,4
LIVING ROOM FURNITURE,LIVING ROOM FURNITURE,1,2026-01-12,2026-01-12,1,0,1.7,1.5128963126418156,0.070486,0.78595,4
LOCAL WATERING HOLE,LOCAL WATERING HOLE,1,2025-06-01,2025-06-01,1,0,2.5,2.8021119507742234,0.329852,2.009899,4
LOGOS WITH HORSES,LOGOS WITH HORSES,1,2024-09-07,2024-09-07,1,0,3.4,2.7717953082042395,0.265639,2.039231,4
LONG SANDWICH,LONG SANDWICH,1,2026-05-13,2026-05-13,1,0,2.2,2.5371340128253026,0.239212,1.795667,4
LONG___,LONG___,1,2024-12-07,2024-12-07,1,1,3.7,3.63707597037328,0.537447,2.762977,4
LOOK AT WITH AWE,LOOK AT WITH AWE,1,2026-04-18,2026-04-18,1,0,1.5,1.562966880051415,0.086425,0.82762,4
LOONEY TUNES CHARACTERS MINUS A LETTER,LOONEY TUNES CHARACTERS MINUS A LETTER,1,2024-07-23,2024-07-23,1,0,3.0,3.322307329666219,0.43969,2.498575,4
LOOP,LOOP,1,2024-12-21,2024-12-21,1,0,3.0,2.861504097025114,0.277064,2.131021,4
"LOSE IT, WITH ""OUT""","LOSE IT, WITH ""OUT""",1,2025-10-19,2025-10-19,1,0,2.7,2.721294514078888,0.335649,1.911117,4
LOVELY PERSON,LOVELY PERSON,1,2025-02-28,2025-02-28,1,0,2.8,1.7346768808946038,0.135025,0.976582,4
LOVING,LOVING,1,2025-09-27,2025-09-27,1,0,2.8,1.6211761201202082,0.077404,0.903614,4
LOWDOWN,LOWDOWN,1,2024-09-18,2024-09-18,1,0,3.2,4.028457124844753,0.630668,3.120062,4
LOWERCASE LETTERS,LOWERCASE LETTERS,1,2026-02-07,2026-02-07,1,0,2.3,2.9858387487325357,0.322807,2.228332,4
LOWEST PART,LOWEST PART,1,2025-07-09,2025-07-09,1,0,2.5,1.8092234372785252,0.143525,1.053852,4
LUCIDITY,LUCIDITY,1,2025-02-28,2025-02-28,1,0,2.8,1.7346768808946038,0.135025,0.976582,4
LUMINARY,LUMINARY,1,2025-03-21,2025-03-21,1,0,3.3,3.2275001369774636,0.393895,2.435289,4
LUNCH ORDERS,LUNCH ORDERS,1,2024-12-30,2024-12-30,1,0,3.0,3.1653084750671043,0.403321,2.354308,4
M.L.B. TEAM MEMBER,M.L.B. TEAM MEMBER,1,2024-11-29,2024-11-29,1,0,3.3,3.2660762633450044,0.440583,2.432985,4
MADE OF KERATIN,MADE OF KERATIN,1,2024-10-13,2024-10-13,1,0,3.0,3.2904357869053653,0.439691,2.461904,4
MADE WITH HORIZONTAL LINES,MADE WITH HORIZONTAL LINES,1,2025-02-26,2025-02-26,1,0,2.3,1.0131675573912868,0.016627,0.264843,4
MADONNA SONGS,MADONNA SONGS,1,2025-10-05,2025-10-05,1,0,2.8,2.59804716261673,0.305504,1.799459,4
MAGAZINES PLUS A LETTER,MAGAZINES PLUS A LETTER,1,2026-01-22,2026-01-22,1,0,2.0,2.28112825747579,0.182012,1.558318,4
MAGIC WORDS,MAGIC WORDS,1,2024-10-28,2024-10-28,1,0,2.3,3.2393500582755674,0.399943,2.442875,4
MAGIC ___,MAGIC ___,1,2024-11-05,2024-11-05,1,1,3.0,3.267646808143719,0.396857,2.478518,4
MAGNANIMOUS,MAGNANIMOUS,1,2025-02-06,2025-02-06,1,0,2.5,2.0957587756936977,0.188119,1.338933,4
MAIN FOLDERS IN A COMPUTER,MAIN FOLDERS IN A COMPUTER,1,2025-11-27,2025-11-27,1,0,3.3,3.3981228375753885,0.430451,2.595044,4
MAINSTAY,MAINSTAY,1,2024-08-08,2024-08-08,1,0,2.3,1.5371863046117522,0.078569,0.805814,4
MAKE A HASH OF,MAKE A HASH OF,1,2025-11-05,2025-11-05,1,0,3.5,3.3348178010733562,0.460352,2.492307,4
"MAKE EQUAL, AS A SCORE","MAKE EQUAL, AS A SCORE",1,2025-08-08,2025-08-08,1,0,2.8,3.283446992922818,0.4264,2.467154,4
MAKE GLOSSY,MAKE GLOSSY,1,2026-05-01,2026-05-01,1,0,2.0,2.5886386692874086,0.268005,1.826133,4
"MAKE GOOD ON, AS A PROMISE","MAKE GOOD ON, AS A PROMISE",1,2024-09-29,2024-09-29,1,0,4.5,1.941421242718083,0.145235,1.204243,4
MAKE HAPPY,MAKE HAPPY,1,2025-05-11,2025-05-11,1,0,2.8,2.710493650651314,0.32251,1.911829,4
MAKE INTO SMALLER PIECES WHILE COOKING,MAKE INTO SMALLER PIECES WHILE COOKING,1,2025-08-05,2025-08-05,1,0,2.0,2.105786969322679,0.218317,1.320273,4
"MAKE NICER, WITH ""UP""","MAKE NICER, WITH ""UP""",1,2026-03-11,2026-03-11,1,0,1.8,2.218272568876876,0.16489,1.503121,4
MALICIOUS SOFTWARE,MALICIOUS SOFTWARE,1,2025-09-28,2025-09-28,1,0,3.0,3.2053908295122167,0.415888,2.387858,4
MAMMALS MINUS LAST LETTER,MAMMALS MINUS LAST LETTER,1,2026-01-26,2026-01-26,1,0,3.3,3.392794979459107,0.479052,2.540313,4
MANIA,MANIA,1,2025-08-03,2025-08-03,1,0,2.6,1.6716795216802003,0.095165,0.94396,4
MAP APP OPTIONS,MAP APP OPTIONS,1,2025-06-19,2025-06-19,1,0,2.0,2.3524581086576957,0.209584,1.612815,4
MAP FEATURES,MAP FEATURES,1,2025-09-14,2025-09-14,1,0,2.0,2.529249999616039,0.256265,1.769543,4
MARIAH CAREY NUMBER ONE HITS,MARIAH CAREY NUMBER ONE HITS,1,2024-07-07,2024-07-07,1,0,4.2,3.522872071390716,0.494972,2.674054,4
"MARINE INVERTEBRATES, FAMILIARLY","MARINE INVERTEBRATES, FAMILIARLY",1,2024-11-21,2024-11-21,1,0,3.3,2.8539208079444367,0.340128,2.059232,4
MARK AS COMPLETED,MARK AS COMPLETED,1,2025-01-04,2025-01-04,1,0,3.0,2.581596857467162,0.28127,1.804766,4
MARK ONLINE FOR LATER,MARK ONLINE FOR LATER,1,2024-09-12,2024-09-12,1,0,3.2,3.020568909004718,0.36094,2.230158,4
MARVEL CHARACTERS,MARVEL CHARACTERS,1,2026-05-23,2026-05-23,1,0,,2.3833675080360495,0.21594,1.642022,4
MASS OF SMOKE,MASS OF SMOKE,1,2026-04-20,2026-04-20,1,0,1.3,2.81708470962727,0.342542,2.014436,4
"MASSES, IN IDIOMS","MASSES, IN IDIOMS",1,2026-04-25,2026-04-25,1,0,2.3,2.6548735931809553,0.3184,1.851945,4
MASSIVE,MASSIVE,1,2025-02-09,2025-02-09,1,0,2.5,1.8724641570594152,0.122224,1.147915,4
MASTICATE,MASTICATE,1,2025-12-24,2025-12-24,1,0,2.0,3.092543665687812,0.409215,2.264694,4
MATERIALS ASSOCIATED WITH FANCY DINING,MATERIALS ASSOCIATED WITH FANCY DINING,1,2025-03-29,2025-03-29,1,0,3.6,3.6577233761498507,0.538675,2.785505,4
MATH ABBREVIATIONS,MATH ABBREVIATIONS,1,2024-07-21,2024-07-21,1,0,2.7,2.6108079477493966,0.310177,1.809468,4
"MATT DAMON MOVIES, WITH ""THE""","MATT DAMON MOVIES, WITH ""THE""",1,2025-09-25,2025-09-25,1,0,3.0,2.5301269668002684,0.304113,1.722704,4
MATTER AT HAND,MATTER AT HAND,1,2026-05-26,2026-05-26,1,0,1.8,2.2541256643344156,0.231927,1.477335,4
MATTRESS SIZES,MATTRESS SIZES,1,2024-08-12,2024-08-12,1,0,2.4,1.9867801757315389,0.163419,1.238247,4
MAY___,MAY___,1,2025-09-03,2025-09-03,1,1,2.8,1.633244196783269,0.096233,0.89867,4
MEASURED BY SI UNITS,MEASURED BY SI UNITS,1,2026-01-19,2026-01-19,1,0,2.8,3.4476406288411128,0.44294,2.639528,4
MEASURED IN DEGREES,MEASURED IN DEGREES,1,2024-06-17,2024-06-17,1,0,3.5,3.101886973151111,0.381187,2.303472,4
MEASURED IN FOOTBALL STATS,MEASURED IN FOOTBALL STATS,1,2024-09-05,2024-09-05,1,0,3.1,3.4407691694174067,0.453456,2.621106,4
MEASURING DEVICES,MEASURING DEVICES,1,2025-12-30,2025-12-30,1,0,2.3,2.1417547919044186,0.169762,1.410211,4
MECHANICAL WATCH PARTS,MECHANICAL WATCH PARTS,1,2025-12-28,2025-12-28,1,0,0.5,2.2242105666991328,0.192538,1.482305,4
MEDDLE,MEDDLE,1,2025-07-17,2025-07-17,1,0,2.8,2.8915347909294775,0.36416,2.078477,4
MEDICAL ROLES,MEDICAL ROLES,1,2024-10-29,2024-10-29,1,0,3.8,3.2562227678369653,0.408009,2.454222,4
MEDICINE FORMATS,MEDICINE FORMATS,1,2025-05-21,2025-05-21,1,0,2.5,2.946954945077366,0.335369,2.171032,4
MEH,MEH,1,2024-08-16,2024-08-16,1,0,3.4,1.613891816878356,0.087699,0.884938,4
MEMBER OF A CARTOON DUO,MEMBER OF A CARTOON DUO,1,2024-09-23,2024-09-23,1,0,3.3,3.4898019778399196,0.454705,2.676272,4
MEMBER OF A CLASSIC BACKING BAND,MEMBER OF A CLASSIC BACKING BAND,1,2025-09-15,2025-09-15,1,0,2.8,1.4736144406314655,0.062197,0.749043,4
MEMBER OF A DALLAS PRO SPORTS TEAM,MEMBER OF A DALLAS PRO SPORTS TEAM,1,2025-12-08,2025-12-08,1,0,2.3,3.055560681885874,0.378632,2.252726,4
MEMBER OF A DETROIT SPORTS TEAM,MEMBER OF A DETROIT SPORTS TEAM,1,2026-03-26,2026-03-26,1,0,3.3,2.96945189115923,0.369003,2.163282,4
MEMBER OF A GIRL GROUP,MEMBER OF A GIRL GROUP,1,2025-08-13,2025-08-13,1,0,2.0,3.5164612587535724,0.499827,2.661823,4
MEMBER OF A KINGDOM IN TAXONOMY,MEMBER OF A KINGDOM IN TAXONOMY,1,2025-05-17,2025-05-17,1,0,3.8,2.591104433312839,0.282077,1.814898,4
MEMBER OF A SEPTET,MEMBER OF A SEPTET,1,2024-09-15,2024-09-15,1,0,2.9,2.289192183675277,0.194768,1.55484,4
MEMBER OF A TEAM WITH THE MOST CHAMPIONSHIPS IN THEIR RESPECTIVE SPORTS,MEMBER OF A TEAM WITH THE MOST CHAMPIONSHIPS IN THEIR RESPECTIVE SPORTS,1,2025-02-22,2025-02-22,1,0,3.0,2.4449611982687576,0.229145,1.699684,4
MEMBER OF A TITULAR GROUP IN AN ANIMATION FRANCHISE,MEMBER OF A TITULAR GROUP IN AN ANIMATION FRANCHISE,1,2025-12-06,2025-12-06,1,0,2.0,2.7282485422662233,0.2955,1.959267,4
MEMORY ___,MEMORY ___,1,2026-02-03,2026-02-03,1,1,2.8,2.5434379206421687,0.224056,1.818076,4
MESS AROUND (WITH),MESS AROUND (WITH),1,2026-05-16,2026-05-16,1,0,2.0,2.448761099685459,0.247786,1.685415,4
MESS UP THE SURFACE OF,MESS UP THE SURFACE OF,1,2025-04-16,2025-04-16,1,0,3.0,2.6792365933208377,0.297657,1.900719,4
METAL ELEMENTS,METAL ELEMENTS,1,2024-08-12,2024-08-12,1,0,2.4,1.9867801757315389,0.163419,1.238247,4
METAPHOR FOR SOMETHING UNEXPECTED,METAPHOR FOR SOMETHING UNEXPECTED,1,2025-04-21,2025-04-21,1,0,2.8,2.4840388212322355,0.215449,1.758341,4
METAPHORS FOR A DRAMATIC AND CHAOTIC EVENT,METAPHORS FOR A DRAMATIC AND CHAOTIC EVENT,1,2025-06-30,2025-06-30,1,0,3.3,3.543662016927657,0.515863,2.677083,4
METAPHORS FOR EASY THINGS,METAPHORS FOR EASY THINGS,1,2025-01-06,2025-01-06,1,0,2.8,2.5774258311865696,0.297116,1.784121,4
METAPHORS FOR POTENTIALLY VOLATILE SITUATIONS,METAPHORS FOR POTENTIALLY VOLATILE SITUATIONS,1,2025-10-13,2025-10-13,1,0,3.3,1.4404835069390474,0.075822,0.697299,4
METAPHORS FOR PUBLIC SCRUTINY,METAPHORS FOR PUBLIC SCRUTINY,1,2026-03-09,2026-03-09,1,0,2.3,1.8247611403037718,0.149361,1.065893,4
METAPHORS FOR QUICKNESS,METAPHORS FOR QUICKNESS,1,2026-03-17,2026-03-17,1,0,2.5,2.3597415427546675,0.22172,1.609059,4
METAPHORS FOR TROUBLE,METAPHORS FOR TROUBLE,1,2026-03-17,2026-03-17,1,0,2.5,2.3597415427546675,0.22172,1.609059,4
METHOD,METHOD,1,2026-02-09,2026-02-09,1,0,2.3,1.8360565471682402,0.129742,1.098508,4
METTLE,METTLE,1,2025-06-17,2025-06-17,1,0,1.8,1.5234155731281698,0.075749,0.79279,4
MICROSOFT PRODUCTS,MICROSOFT PRODUCTS,1,2024-08-10,2024-08-10,1,0,3.4,3.017804159140462,0.395012,2.192905,4
MILIEU,MILIEU,1,2025-03-21,2025-03-21,1,0,3.3,3.2275001369774636,0.393895,2.435289,4
MILITARY CLOTHING DESCRIPTORS,MILITARY CLOTHING DESCRIPTORS,1,2025-07-10,2025-07-10,1,0,3.3,2.0374182947479786,0.157877,1.302051,4
MINOR AILMENTS,MINOR AILMENTS,1,2024-06-23,2024-06-23,1,0,3.5,3.4195255302529457,0.453894,2.596226,4
MITIGATE,MITIGATE,1,2025-07-22,2025-07-22,1,0,1.5,2.46938243111562,0.231442,1.725485,4
"MLB PLAYER, FOR SHORT","MLB PLAYER, FOR SHORT",1,2026-02-12,2026-02-12,1,0,2.5,2.731125411820039,0.32038,1.937697,4
MODAL VERBS,MODAL VERBS,1,2025-02-13,2025-02-13,1,0,3.0,2.2986067610187613,0.195981,1.564459,4
MODERN CRIME SERIES PROTAGONISTS,MODERN CRIME SERIES PROTAGONISTS,1,2026-02-02,2026-02-02,1,0,2.5,3.2540281770141903,0.408,2.451706,4
MODERN INVENTIONS,MODERN INVENTIONS,1,2025-08-23,2025-08-23,1,0,1.8,1.3198687953193395,0.051243,0.583104,4
MODIFY DECEPTIVELY,MODIFY DECEPTIVELY,1,2026-05-19,2026-05-19,1,0,2.3,3.2235290140193413,0.421623,2.402992,4
MOLLIFY,MOLLIFY,1,2025-12-06,2025-12-06,1,0,2.0,2.7282485422662233,0.2955,1.959267,4
MOLLYCODDLE,MOLLYCODDLE,1,2025-02-14,2025-02-14,1,0,2.5,1.8313127544115249,0.12275,1.100042,4
MONOPOLY SQUARES,MONOPOLY SQUARES,1,2026-06-27,2026-06-27,1,0,2.5,3.699199124738877,0.5452723224206825,2.8266278558013673,4
MONTHLY EXPENSES,MONTHLY EXPENSES,1,2024-11-18,2024-11-18,1,0,2.3,1.7883596144267586,0.134775,1.038597,4
"MORE OR LESS, COLLOQUIALLY","MORE OR LESS, COLLOQUIALLY",1,2026-02-04,2026-02-04,1,0,2.0,3.1812755356632225,0.38682,2.38918,4
MORE READILY,MORE READILY,1,2026-05-23,2026-05-23,1,0,,2.3833675080360495,0.21594,1.642022,4
MOTHER ___,MOTHER ___,1,2025-05-11,2025-05-11,1,1,2.8,2.710493650651314,0.32251,1.911829,4
MOUSE ACTIONS,MOUSE ACTIONS,1,2025-08-07,2025-08-07,1,0,3.0,2.7185410630980757,0.317089,1.926509,4
MOVE AT BREAKNECK SPEED,MOVE AT BREAKNECK SPEED,1,2025-12-07,2025-12-07,1,0,2.8,2.448868004505737,0.236659,1.696665,4
MOVE IN THE WIND,MOVE IN THE WIND,1,2025-12-12,2025-12-12,1,0,2.3,2.3520583020127543,0.234784,1.587155,4
MOVE STEALTHILY,MOVE STEALTHILY,1,2024-08-24,2024-08-24,1,0,2.4,2.552507447468171,0.296334,1.756233,4
"MOVE STEALTHILY, WITH ""IN""","MOVE STEALTHILY, WITH ""IN""",1,2026-05-11,2026-05-11,1,0,2.0,2.5219483134765808,0.28649,1.730917,4
MOVE TO THE MUSIC,MOVE TO THE MUSIC,1,2025-07-20,2025-07-20,1,0,2.5,3.2811672259017723,0.423313,2.467618,4
MOVIE,MOVIE,1,2025-09-24,2025-09-24,1,0,2.0,1.7512923235714306,0.131339,0.999385,4
MOVIE CAMERA VERBS,MOVIE CAMERA VERBS,1,2025-05-01,2025-05-01,1,0,4.5,3.541751636480742,0.488085,2.702663,4
MOVIE SERIES WITH 2024 RELEASES,MOVIE SERIES WITH 2024 RELEASES,1,2025-01-29,2025-01-29,1,0,2.5,2.297529021367181,0.19381,1.56539,4
MOVIES FEATURING SUPERNATURAL ROMANCE,MOVIES FEATURING SUPERNATURAL ROMANCE,1,2025-08-09,2025-08-09,1,0,2.8,2.631841253852823,0.307116,1.836729,4
MOVIES FROM 1985,MOVIES FROM 1985,1,2025-03-29,2025-03-29,1,0,3.6,3.6577233761498507,0.538675,2.785505,4
MOVIES OF VARIOUS LENGTHS,MOVIES OF VARIOUS LENGTHS,1,2025-03-14,2025-03-14,1,0,3.3,2.0637707675188834,0.186178,1.30407,4
MOVIES WITH “S” REMOVED,MOVIES WITH “S” REMOVED,1,2024-10-17,2024-10-17,1,0,3.3,3.5425851464209566,0.47361,2.718097,4
MS. PAC-MAN,MS. PAC-MAN,1,2025-10-31,2025-10-31,1,0,2.3,1.8710839549894878,0.145715,1.122836,4
MULTI-TIME NBA MVPS,MULTI-TIME NBA MVPS,1,2026-05-15,2026-05-15,1,0,2.3,3.1189048299075197,0.40508,2.299159,4
MULTIPLICATION INDICATORS,MULTIPLICATION INDICATORS,1,2026-06-22,2026-06-22,1,0,2.0,1.7773988283412083,0.129023,1.031738,4
MUPPETS,MUPPETS,1,2026-03-09,2026-03-09,1,0,2.3,1.8247611403037718,0.149361,1.065893,4
MUSCLE NICKNAMES PLUS “S”,MUSCLE NICKNAMES PLUS “S”,1,2025-08-06,2025-08-06,1,0,2.3,2.436910309242475,0.253678,1.665888,4
"MUSCULAR, MINUS ""ED"" SOUND","MUSCULAR, MINUS ""ED"" SOUND",1,2026-04-09,2026-04-09,1,0,1.8,2.414787964604024,0.246597,1.647516,4
MUSIC GENRE SUFFIXES,MUSIC GENRE SUFFIXES,1,2026-06-07,2026-06-07,1,0,2.8,2.8718390987968436,0.338317,2.081659,4
MUSIC GENRES PLUS A LETTER,MUSIC GENRES PLUS A LETTER,1,2025-05-28,2025-05-28,1,0,3.0,3.8066426599416325,0.544416,2.951104,4
MUSIC PERFORMANCE DIRECTIONS,MUSIC PERFORMANCE DIRECTIONS,1,2026-05-16,2026-05-16,1,0,2.0,2.448761099685459,0.247786,1.685415,4
MUSIC PLAYER BUTTONS,MUSIC PLAYER BUTTONS,1,2026-05-10,2026-05-10,1,0,1.5,2.6070410738381464,0.282971,1.83234,4
MUSIC PUBLICATIONS,MUSIC PUBLICATIONS,1,2024-10-09,2024-10-09,1,0,3.3,3.5396813333758512,0.474833,2.713533,4
"MUSICAL ACTS WITH ""A"" AS THE ONLY VOWEL","MUSICAL ACTS WITH ""A"" AS THE ONLY VOWEL",1,2026-01-16,2026-01-16,1,0,1.8,2.9512406984821595,0.375116,2.136216,4
MUSICAL ARTISTS MINUS STARTING NUMBERS,MUSICAL ARTISTS MINUS STARTING NUMBERS,1,2026-01-09,2026-01-09,1,0,2.8,2.9475233658290865,0.378895,2.12816,4
MUSICAL INSTRUMENTS PLUS STARTING LETTER,MUSICAL INSTRUMENTS PLUS STARTING LETTER,1,2026-02-01,2026-02-01,1,0,2.5,2.751007100957059,0.311032,1.96992,4
MUSICALS PLUS STARTING LETTER,MUSICALS PLUS STARTING LETTER,1,2025-10-07,2025-10-07,1,0,2.3,2.053006408176283,0.174751,1.303112,4
MUSICALS WITH LAST LETTER CHANGED,MUSICALS WITH LAST LETTER CHANGED,1,2026-04-06,2026-04-06,1,0,3.3,3.455601126799843,0.478262,2.613365,4
N.B.A. PLAYER,N.B.A. PLAYER,1,2025-04-12,2025-04-12,1,0,2.5,2.8222578599548567,0.372348,1.990582,4
N.B.A. TEAMS,N.B.A. TEAMS,1,2025-10-21,2025-10-21,1,0,2.0,1.908874374385231,0.141799,1.170232,4
N.F.L. TEAM LOGOS,N.F.L. TEAM LOGOS,1,2025-09-28,2025-09-28,1,0,3.0,3.2053908295122167,0.415888,2.387858,4
N.F.L. TEAM MEMBER,N.F.L. TEAM MEMBER,1,2024-11-10,2024-11-10,1,0,3.0,1.9326854675261185,0.149202,1.190225,4
N.H.L. TEAM MEMBER,N.H.L. TEAM MEMBER,1,2025-09-20,2025-09-20,1,0,3.3,3.384847518673581,0.44349,2.566731,4
NAME ___,NAME ___,1,2024-12-31,2024-12-31,1,1,2.8,2.370803149646333,0.231842,1.611664,4
"NAMED ""APOLLO""","NAMED ""APOLLO""",1,2025-09-25,2025-09-25,1,0,3.0,2.5301269668002684,0.304113,1.722704,4
NAMES ENDING IN “K” PLUS WORD,NAMES ENDING IN “K” PLUS WORD,1,2025-06-02,2025-06-02,1,0,2.3,2.5928383773490515,0.279228,1.819742,4
"NAMES FEATURING ""!""","NAMES FEATURING ""!""",1,2024-12-30,2024-12-30,1,0,3.0,3.1653084750671043,0.403321,2.354308,4
NAMES THAT SOUND LIKE TWO LETTERS,NAMES THAT SOUND LIKE TWO LETTERS,1,2024-12-03,2024-12-03,1,0,3.8,3.7815434940881305,0.542262,2.92438,4
NASA SPACECRAFT,NASA SPACECRAFT,1,2024-10-22,2024-10-22,1,0,2.5,2.3418371582203457,0.193152,1.617027,4
NATURAL ABILITY,NATURAL ABILITY,1,2024-07-25,2024-07-25,1,0,2.6,3.265985872277452,0.373655,2.499809,4
NATURAL PRODUCERS OF HEAT,NATURAL PRODUCERS OF HEAT,1,2025-04-22,2025-04-22,1,0,3.0,2.1663889652469566,0.15001,1.458306,4
"NAVIGATE THROUGH, AS A RIVER","NAVIGATE THROUGH, AS A RIVER",1,2026-05-15,2026-05-15,1,0,2.3,3.1189048299075197,0.40508,2.299159,4
"NBA LEGENDS, FAMILIARLY","NBA LEGENDS, FAMILIARLY",1,2024-09-12,2024-09-12,1,0,3.2,3.020568909004718,0.36094,2.230158,4
NBC SITCOMS,NBC SITCOMS,1,2026-06-21,2026-06-21,1,0,1.7,2.23782485210426,0.21947,1.471037,4
NECKLINES,NECKLINES,1,2024-12-23,2024-12-23,1,0,3.0,2.9375073402284304,0.378006,2.117525,4
NEEDS FOR PAINTING A ROOM,NEEDS FOR PAINTING A ROOM,1,2024-09-25,2024-09-25,1,0,3.0,2.5494332820265257,0.222451,1.826579,4
NEEDS FOR PLAYING YAHTZEE,NEEDS FOR PLAYING YAHTZEE,1,2025-05-08,2025-05-08,1,0,4.0,2.480242396395055,0.266818,1.702604,4
NEEDS FOR SENDING A LETTER,NEEDS FOR SENDING A LETTER,1,2025-08-17,2025-08-17,1,0,2.0,2.949617135845746,0.322919,2.186545,4
NEEDS FOR TIE-DYEING A SHIRT,NEEDS FOR TIE-DYEING A SHIRT,1,2025-04-20,2025-04-20,1,0,3.5,3.061643826903141,0.394986,2.243371,4
"NERVOUSNESS, IN THE SINGULAR","NERVOUSNESS, IN THE SINGULAR",1,2024-07-28,2024-07-28,1,0,2.7,2.6770924129011204,0.298534,1.897375,4
NEW YORK METS LEGENDS,NEW YORK METS LEGENDS,1,2025-12-13,2025-12-13,1,0,3.3,3.6245880967330306,0.555619,2.730437,4
NEW YORK SPORTS TEAM MEMBERS,NEW YORK SPORTS TEAM MEMBERS,1,2025-05-24,2025-05-24,1,0,1.6,2.767827661825638,0.322848,1.977457,4
NEWS ANNOUNCEMENT,NEWS ANNOUNCEMENT,1,2025-06-22,2025-06-22,1,0,2.8,3.560565146559865,0.502395,2.709999,4
NEWS ARTICLE FEATURES,NEWS ARTICLE FEATURES,1,2025-10-09,2025-10-09,1,0,2.8,1.64913477262992,0.112066,0.90112,4
NEWSPAPER JOBS,NEWSPAPER JOBS,1,2025-06-06,2025-06-06,1,0,2.5,2.2638870304851424,0.190736,1.529757,4
NEWSPAPER NAMES,NEWSPAPER NAMES,1,2024-08-22,2024-08-22,1,0,2.8,2.9376385811053565,0.364408,2.131274,4
NEWSPAPER SECTIONS,NEWSPAPER SECTIONS,1,2024-08-31,2024-08-31,1,0,2.9,2.736116041722761,0.310531,1.953288,4
NHL TEAM MEMBER,NHL TEAM MEMBER,1,2026-01-27,2026-01-27,1,0,2.8,3.564283348357818,0.522299,2.694373,4
NICKNAME,NICKNAME,1,2024-08-13,2024-08-13,1,0,2.8,2.4887739225401475,0.244064,1.735174,4
"NICKNAMES FOR THE SEA, WITH “THE”","NICKNAMES FOR THE SEA, WITH “THE”",1,2024-08-04,2024-08-04,1,0,2.6,2.042744414574499,0.181532,1.284524,4
NICKNAMES THAT HAVE OTHER MEANINGS,NICKNAMES THAT HAVE OTHER MEANINGS,1,2025-10-11,2025-10-11,1,0,1.8,2.000900303457004,0.140343,1.277569,4
NOISY DISTURBANCE,NOISY DISTURBANCE,1,2024-10-20,2024-10-20,1,0,2.0,2.0582117168644407,0.181713,1.302139,4
NON-CASH WAY TO PAY,NON-CASH WAY TO PAY,1,2024-10-18,2024-10-18,1,0,2.8,1.7861328652434123,0.123665,1.047145,4
NON-PALINDROMIC WORDS IN A FAMOUS PALINDROME,NON-PALINDROMIC WORDS IN A FAMOUS PALINDROME,1,2026-05-15,2026-05-15,1,0,2.3,3.1189048299075197,0.40508,2.299159,4
NORM,NORM,1,2025-12-06,2025-12-06,1,0,2.0,2.7282485422662233,0.2955,1.959267,4
NOT BE GOOD,NOT BE GOOD,1,2025-08-30,2025-08-30,1,0,2.5,3.7283892006432016,0.533047,2.872438,4
NOT INCLUDING,NOT INCLUDING,1,2025-05-07,2025-05-07,1,0,2.8,2.6642942545386017,0.274033,1.907151,4
NOT PRESENT,NOT PRESENT,1,2024-08-09,2024-08-09,1,0,3.9,3.3341468212257594,0.421567,2.53032,4
"NOT SMOOTH, AS TERRAIN","NOT SMOOTH, AS TERRAIN",1,2024-09-23,2024-09-23,1,0,3.3,3.4898019778399196,0.454705,2.676272,4
NOT WORKING RELIABLY,NOT WORKING RELIABLY,1,2024-11-27,2024-11-27,1,0,2.7,2.8746316612972693,0.302777,2.120412,4
NOUNS FROM A FAMOUS LINE IN THE DECLARATION OF INDEPENDENCE,NOUNS FROM A FAMOUS LINE IN THE DECLARATION OF INDEPENDENCE,1,2025-06-22,2025-06-22,1,0,2.8,3.560565146559865,0.502395,2.709999,4
NOUNS IN A FAMOUS PALINDROME,NOUNS IN A FAMOUS PALINDROME,1,2025-03-29,2025-03-29,1,0,3.6,3.6577233761498507,0.538675,2.785505,4
NUMBERS WITH FIRST LETTER CHANGED,NUMBERS WITH FIRST LETTER CHANGED,1,2026-05-01,2026-05-01,1,0,2.0,2.5886386692874086,0.268005,1.826133,4
NYT OFFERINGS,NYT OFFERINGS,1,2024-10-24,2024-10-24,1,0,3.5,3.4843976349741714,0.495362,2.629397,4
OBFUSCATE,OBFUSCATE,1,2026-03-25,2026-03-25,1,0,2.8,2.674686619872431,0.289304,1.903837,4
OBJECT USED FOR SUPPORT,OBJECT USED FOR SUPPORT,1,2025-11-11,2025-11-11,1,0,2.3,2.6258867422778405,0.23926,1.897734,4
OBJECTS FROM GREEK MYTH,OBJECTS FROM GREEK MYTH,1,2024-12-28,2024-12-28,1,0,3.8,3.763862479788047,0.569377,2.876922,4
"OBJECTS IN 0-, 1-, 2- AND 3-DIMENSIONAL SPACE","OBJECTS IN 0-, 1-, 2- AND 3-DIMENSIONAL SPACE",1,2025-06-24,2025-06-24,1,0,1.5,2.358262258168385,0.171238,1.657839,4
OBJECTS PLAYED AS INSTRUMENTS,OBJECTS PLAYED AS INSTRUMENTS,1,2024-07-06,2024-07-06,1,0,3.2,2.349372644332606,0.232602,1.586247,4
OBJECTS THAT MAY BE RIGHT- OR LEFT-HANDED,OBJECTS THAT MAY BE RIGHT- OR LEFT-HANDED,1,2025-02-21,2025-02-21,1,0,4.0,3.4897055027582056,0.487757,2.643109,4
OBJECTS USED IN RITUAL PERFORMANCES,OBJECTS USED IN RITUAL PERFORMANCES,1,2026-05-24,2026-05-24,1,0,2.5,2.494992654158743,0.253378,1.733015,4
OBJECTS WITH TEETH,OBJECTS WITH TEETH,1,2024-12-12,2024-12-12,1,0,3.6,3.747319176136286,0.542336,2.884929,4
OBJECTS WITH THE PREFIX “MICRO-”,OBJECTS WITH THE PREFIX “MICRO-”,1,2025-03-27,2025-03-27,1,0,4.2,4.145833402640437,0.655845,3.229933,4
OBSCURE,OBSCURE,1,2026-04-04,2026-04-04,1,0,2.0,2.360276936000936,0.239245,1.59215,4
OBTAIN,OBTAIN,1,2024-09-05,2024-09-05,1,0,3.1,3.4407691694174067,0.453456,2.621106,4
OBVIOUS,OBVIOUS,1,2024-08-13,2024-08-13,1,0,2.8,2.4887739225401475,0.244064,1.735174,4
OCCASIONS WHEN ONE MIGHT KNEEL,OCCASIONS WHEN ONE MIGHT KNEEL,1,2024-11-17,2024-11-17,1,0,3.3,2.919901941532934,0.334083,2.141192,4
OCEANS,OCEANS,1,2026-05-29,2026-05-29,1,0,3.3,2.9416088349185983,0.33474,2.16551,4
OFF-TOPIC REMARKS,OFF-TOPIC REMARKS,1,2024-07-27,2024-07-27,1,0,2.6,2.567083876255798,0.279211,1.790127,4
OFFICIAL SANCTIONING,OFFICIAL SANCTIONING,1,2024-08-26,2024-08-26,1,0,3.0,2.3925109121768777,0.261484,1.606998,4
OINTMENT,OINTMENT,1,2026-04-09,2026-04-09,1,0,1.8,2.414787964604024,0.246597,1.647516,4
OLD SAYING,OLD SAYING,1,2024-06-30,2024-06-30,1,0,3.7,4.134359821075506,0.634533,3.238044,4
OLD TESTAMENT BOOKS,OLD TESTAMENT BOOKS,1,2025-04-08,2025-04-08,1,0,1.8,2.257975976154175,0.185408,1.528284,4
OLD TIMEY SLANG FOR LAW ENFORCEMENT,OLD TIMEY SLANG FOR LAW ENFORCEMENT,1,2026-04-25,2026-04-25,1,0,2.3,2.6548735931809553,0.3184,1.851945,4
OLD-TIMEY LOUNGING ACCESSORIES,OLD-TIMEY LOUNGING ACCESSORIES,1,2026-06-01,2026-06-01,1,0,3.0,3.2942791455660823,0.447615,2.458402,4
OLIVER STONE MOVIES,OLIVER STONE MOVIES,1,2025-11-23,2025-11-23,1,0,3.3,2.9705400605493737,0.349052,2.184485,4
OLYMPIC EVENTS SINCE 2000,OLYMPIC EVENTS SINCE 2000,1,2025-01-11,2025-01-11,1,0,2.6,3.2214091696562726,0.38686,2.435316,4
ON A BASEBALL FIELD,ON A BASEBALL FIELD,1,2025-09-11,2025-09-11,1,0,2.0,1.2625964934315173,0.037825,0.530627,4
ON BOARD,ON BOARD,1,2026-04-07,2026-04-07,1,0,2.0,2.761641957712494,0.295105,1.998083,4
ONE DOLLAR,ONE DOLLAR,1,2025-01-03,2025-01-03,1,0,1.7,2.6770159281516537,0.33399,1.861831,4
ONE IN A DOZEN,ONE IN A DOZEN,1,2025-09-16,2025-09-16,1,0,2.3,1.62514724307833,0.131275,0.854312,4
ONE IN A GROUP OF TWELVE,ONE IN A GROUP OF TWELVE,1,2025-01-02,2025-01-02,1,0,2.8,3.7470619092517152,0.557864,2.869105,4
ONE IN A RESEARCH STUDY,ONE IN A RESEARCH STUDY,1,2024-08-06,2024-08-06,1,0,2.7,2.3895253995130235,0.204021,1.661026,4
ONE IN A SEPTET,ONE IN A SEPTET,1,2025-10-10,2025-10-10,1,0,2.8,3.1123028053967086,0.413553,2.28309,4
ONE THING AFTER ANOTHER,ONE THING AFTER ANOTHER,1,2024-06-22,2024-06-22,1,0,1.7,2.3445671422893897,0.236191,1.577129,4
ONE WHO DOESN'T FIT IN,ONE WHO DOESN'T FIT IN,1,2026-02-22,2026-02-22,1,0,3.0,2.359138356207734,0.248707,1.581378,4
ONE WHO LIKES SHOWING OFF,ONE WHO LIKES SHOWING OFF,1,2024-07-23,2024-07-23,1,0,3.0,3.322307329666219,0.43969,2.498575,4
ONE-NAMED SINGER PLUS STARTING LETTER,ONE-NAMED SINGER PLUS STARTING LETTER,1,2025-10-28,2025-10-28,1,0,2.3,2.4281719266158692,0.26328,1.646232,4
ONES CELEBRATED WITH HOLIDAYS,ONES CELEBRATED WITH HOLIDAYS,1,2025-09-01,2025-09-01,1,0,3.5,3.985037254059262,0.609108,3.091665,4
ONES WEARING ROBES,ONES WEARING ROBES,1,2025-01-22,2025-01-22,1,0,3.3,2.5876582738624223,0.278259,1.814751,4
ONES WITH DISCERNING TASTES,ONES WITH DISCERNING TASTES,1,2025-01-31,2025-01-31,1,0,3.0,1.787871155004026,0.073677,1.099133,4
ONES WITH POINTY EARS,ONES WITH POINTY EARS,1,2025-08-07,2025-08-07,1,0,3.0,2.7185410630980757,0.317089,1.926509,4
ONETIME,ONETIME,1,2025-02-26,2025-02-26,1,0,2.3,1.0131675573912868,0.016627,0.264843,4
ONE’S CONSTITUTION,ONE’S CONSTITUTION,1,2025-05-23,2025-05-23,1,0,2.5,2.6184329557843284,0.300019,1.828399,4
ONLINE PERSONALITY,ONLINE PERSONALITY,1,2024-09-24,2024-09-24,1,0,3.0,3.0438011516553214,0.317727,2.300101,4
OPEN SPACE,OPEN SPACE,1,2024-07-18,2024-07-18,1,0,3.2,3.083462839978366,0.364348,2.299113,4
OPERATING,OPERATING,1,2025-01-14,2025-01-14,1,0,3.3,2.269878046145098,0.223543,1.503843,4
ORDINARY,ORDINARY,1,2025-08-11,2025-08-11,1,0,1.8,2.1003426457924363,0.182595,1.349731,4
ORGAN MEATS,ORGAN MEATS,1,2025-12-07,2025-12-07,1,0,2.8,2.448868004505737,0.236659,1.696665,4
ORGAN PLUS A LETTER,ORGAN PLUS A LETTER,1,2025-11-19,2025-11-19,1,0,2.0,3.06432948458329,0.43556,2.205887,4
"ORGANIZATIONAL STRUCTURES, METAPHORICALLY","ORGANIZATIONAL STRUCTURES, METAPHORICALLY",1,2024-11-20,2024-11-20,1,0,2.8,2.178112860537416,0.202477,1.419328,4
ORGS WITH STARS IN THEIR LOGOS,ORGS WITH STARS IN THEIR LOGOS,1,2025-09-18,2025-09-18,1,0,3.4,3.55689735516497,0.477777,2.730397,4
ORIGINAL MONOPOLY TOKENS,ORIGINAL MONOPOLY TOKENS,1,2026-02-20,2026-02-20,1,0,3.5,3.0601628040270983,0.395771,2.240882,4
"ORNATE, AS PROSE","ORNATE, AS PROSE",1,2025-12-25,2025-12-25,1,0,2.5,3.3228010039582334,0.450645,2.488188,4
OSCAR-WINNING ACTORS,OSCAR-WINNING ACTORS,1,2024-12-27,2024-12-27,1,0,2.8,2.5990527632432454,0.303449,1.802671,4
OTHER HALF,OTHER HALF,1,2024-08-15,2024-08-15,1,0,3.2,2.9698256234577616,0.312857,2.219858,4
OUTDO,OUTDO,1,2025-01-23,2025-01-23,1,0,3.3,2.8744056836283898,0.331763,2.091166,4
OUTDOOR EVENTS,OUTDOOR EVENTS,1,2025-07-27,2025-07-27,1,0,2.8,2.093537241379633,0.15702,1.367476,4
OUTSPOKEN,OUTSPOKEN,1,2025-03-20,2025-03-20,1,0,2.7,2.5821678856535235,0.226895,1.859798,4
OVERLY SENTIMENTAL WORK,OVERLY SENTIMENTAL WORK,1,2024-09-16,2024-09-16,1,0,3.2,3.15144648337109,0.399645,2.342035,4
OVERSEE,OVERSEE,1,2026-03-22,2026-03-22,1,0,2.0,2.095608413629405,0.176335,1.350544,4
OVERSIMPLISTIC,OVERSIMPLISTIC,1,2026-04-15,2026-04-15,1,0,1.7,2.174983938968311,0.19064,1.427565,4
OWNED,OWNED,1,2025-01-29,2025-01-29,1,0,2.5,2.297529021367181,0.19381,1.56539,4
PACK (AWAY) FOR FUTURE USE,PACK (AWAY) FOR FUTURE USE,1,2024-07-02,2024-07-02,1,0,2.7,2.8826947183518765,0.36953,2.062936,4
PACKED,PACKED,1,2025-11-09,2025-11-09,1,0,2.3,2.3248010494214504,0.193384,1.597194,4
PAGES ON A WEBSITE,PAGES ON A WEBSITE,1,2024-10-06,2024-10-06,1,0,2.3,1.401086907804497,0.064242,0.663551,4
PAINT FINISHES,PAINT FINISHES,1,2025-10-08,2025-10-08,1,0,3.5,3.156688296144221,0.372434,2.375277,4
PAINTING MEDIA,PAINTING MEDIA,1,2026-06-04,2026-06-04,1,0,3.3,3.960536059883411,0.601319,3.071264,4
PAIRS OF RODS,PAIRS OF RODS,1,2025-08-20,2025-08-20,1,0,2.5,1.8874986251989636,0.11072,1.176717,4
PALINDROMES FEATURING “E”,PALINDROMES FEATURING “E”,1,2024-09-13,2024-09-13,1,0,3.7,4.113388224258581,0.627346,3.221102,4
PALM ___,PALM ___,1,2025-04-03,2025-04-03,1,1,3.3,4.028499712943888,0.5979,3.152879,4
PANTS FEATURES,PANTS FEATURES,1,2026-04-12,2026-04-12,1,0,2.0,1.7093734659942297,0.113419,0.969075,4
PAPER PUBLICATION,PAPER PUBLICATION,1,2026-01-04,2026-01-04,1,0,0.5,2.6023772424104195,0.266203,1.843742,4
PAPER ___,PAPER ___,1,2025-09-19,2025-09-19,1,1,2.0,3.673629596604347,0.530404,2.812077,4
PARK STAPLES,PARK STAPLES,1,2025-11-29,2025-11-29,1,0,2.3,2.659685179238334,0.248819,1.927062,4
PARTIALITY,PARTIALITY,1,2025-03-13,2025-03-13,1,0,3.3,3.00578996945998,0.377566,2.196528,4
PARTICIPATE IN SUMMER OLYMPIC EVENTS,PARTICIPATE IN SUMMER OLYMPIC EVENTS,1,2024-08-30,2024-08-30,1,0,3.9,2.681144366333111,0.275145,1.925426,4
PARTICLE,PARTICLE,1,2025-07-06,2025-07-06,1,0,1.8,1.3508233902314695,0.080801,0.589161,4
PARTS OF A BASKETBALL HOOP,PARTS OF A BASKETBALL HOOP,1,2025-07-24,2025-07-24,1,0,2.8,2.4095331146576884,0.228116,1.659951,4
PARTS OF A BIG RIG,PARTS OF A BIG RIG,1,2025-01-26,2025-01-26,1,0,3.0,2.194354570915711,0.198605,1.441887,4
PARTS OF A BIKE,PARTS OF A BIKE,1,2025-05-28,2025-05-28,1,0,3.0,3.8066426599416325,0.544416,2.951104,4
PARTS OF A CAR,PARTS OF A CAR,1,2025-02-27,2025-02-27,1,0,3.3,1.9597184807383035,0.135854,1.234676,4
PARTS OF A CLASSIC GIRL SCOUT UNIFORM,PARTS OF A CLASSIC GIRL SCOUT UNIFORM,1,2025-03-28,2025-03-28,1,0,3.0,2.111803190184163,0.166318,1.379194,4
PARTS OF A COLLEGE CAMPUS,PARTS OF A COLLEGE CAMPUS,1,2025-07-16,2025-07-16,1,0,2.8,2.7506907322206273,0.299359,1.981229,4
PARTS OF A COMPENSATION PACKAGE,PARTS OF A COMPENSATION PACKAGE,1,2025-02-05,2025-02-05,1,0,3.3,2.8771452282911167,0.346362,2.079719,4
PARTS OF A COURTROOM,PARTS OF A COURTROOM,1,2026-05-28,2026-05-28,1,0,1.8,2.4850365995548276,0.214286,1.760652,4
PARTS OF A FOOT,PARTS OF A FOOT,1,2025-01-03,2025-01-03,1,0,1.7,2.6770159281516537,0.33399,1.861831,4
PARTS OF A PIANO,PARTS OF A PIANO,1,2026-04-17,2026-04-17,1,0,2.5,1.9065276832084024,0.133901,1.17543,4
PARTS OF A PIRATE SHIP,PARTS OF A PIRATE SHIP,1,2026-03-31,2026-03-31,1,0,2.8,3.102088614763342,0.362697,2.322194,4
PARTS OF A RECORD PLAYER SETUP,PARTS OF A RECORD PLAYER SETUP,1,2025-10-06,2025-10-06,1,0,2.5,3.0527029335194245,0.365426,2.262644,4
PARTS OF A RIVER,PARTS OF A RIVER,1,2024-12-12,2024-12-12,1,0,3.6,3.747319176136286,0.542336,2.884929,4
PARTS OF A ROAD,PARTS OF A ROAD,1,2025-03-19,2025-03-19,1,0,3.0,2.9222903516640173,0.330849,2.147174,4
PARTS OF A SHERLOCK HOLMES COSTUME,PARTS OF A SHERLOCK HOLMES COSTUME,1,2026-04-05,2026-04-05,1,0,3.5,3.38442076853735,0.483485,2.526245,4
PARTS OF A SHOE,PARTS OF A SHOE,1,2025-04-30,2025-04-30,1,0,3.3,3.0048200037735575,0.362604,2.210374,4
PARTS OF A SINK,PARTS OF A SINK,1,2026-01-11,2026-01-11,1,0,2.0,2.4119137024848487,0.178347,1.712459,4
PARTS OF A SONG,PARTS OF A SONG,1,2025-06-04,2025-06-04,1,0,2.0,2.9533457673822627,0.369836,2.143918,4
PARTS OF A TABLE SETTING,PARTS OF A TABLE SETTING,1,2025-03-26,2025-03-26,1,0,3.2,3.6811277094867543,0.519231,2.831877,4
PARTS OF A THEATER,PARTS OF A THEATER,1,2026-06-10,2026-06-10,1,0,1.5,2.5299340166368403,0.250994,1.775601,4
PARTS OF A TOILET TANK,PARTS OF A TOILET TANK,1,2025-09-29,2025-09-29,1,0,2.3,2.4551467071210737,0.241881,1.698667,4
PARTS OF A TOOTH,PARTS OF A TOOTH,1,2025-11-20,2025-11-20,1,0,3.0,3.1228437945050707,0.386926,2.321845,4
PARTS OF A TOURNAMENT SETUP,PARTS OF A TOURNAMENT SETUP,1,2024-10-16,2024-10-16,1,0,3.0,2.6968072262211216,0.279656,1.938936,4
PARTS OF A TREE,PARTS OF A TREE,1,2025-04-23,2025-04-23,1,0,2.8,1.5506328450549798,0.098785,0.801069,4
PARTS OF A WEBSITE,PARTS OF A WEBSITE,1,2025-04-05,2025-04-05,1,0,3.8,2.9464273741350198,0.349796,2.155998,4
PARTS OF A WHEEL,PARTS OF A WHEEL,1,2025-07-10,2025-07-10,1,0,3.3,2.0374182947479786,0.157877,1.302051,4
PARTS OF A WORKOUT ROUTINE,PARTS OF A WORKOUT ROUTINE,1,2026-06-11,2026-06-11,1,0,3.0,2.968919974492482,0.374819,2.156854,4
PARTS OF AN ANGEL COSTUME,PARTS OF AN ANGEL COSTUME,1,2025-06-27,2025-06-27,1,0,1.8,1.783786174066584,0.153779,1.014331,4
PARTS OF AN ELECTRIC GUITAR,PARTS OF AN ELECTRIC GUITAR,1,2025-11-28,2025-11-28,1,0,2.3,3.7019532899637877,0.511292,2.863777,4
PARTS OF AN INDIANA JONES COSTUME,PARTS OF AN INDIANA JONES COSTUME,1,2025-01-23,2025-01-23,1,0,3.3,2.8744056836283898,0.331763,2.091166,4
PARTS OF THE EAR,PARTS OF THE EAR,1,2024-09-01,2024-09-01,1,0,3.4,3.121319314385012,0.391337,2.31568,4
PARTS OF THE FOOT PLUS STARTING LETTER,PARTS OF THE FOOT PLUS STARTING LETTER,1,2026-01-13,2026-01-13,1,0,2.0,1.9686506826732173,0.127886,1.252921,4
PATTERNS,PATTERNS,1,2025-07-22,2025-07-22,1,0,1.5,2.46938243111562,0.231442,1.725485,4
"PAY, WITH “UP”","PAY, WITH “UP”",1,2024-12-30,2024-12-30,1,0,3.0,3.1653084750671043,0.403321,2.354308,4
PAYMENT APPS MINUS A LETTER,PAYMENT APPS MINUS A LETTER,1,2026-06-11,2026-06-11,1,0,3.0,2.968919974492482,0.374819,2.156854,4
PAYMENT METHODS,PAYMENT METHODS,1,2026-03-25,2026-03-25,1,0,2.8,2.674686619872431,0.289304,1.903837,4
PBS SHOWS,PBS SHOWS,1,2024-09-19,2024-09-19,1,0,3.3,3.10737823050489,0.41123,2.279747,4
PC KEYBOARD KEYS,PC KEYBOARD KEYS,1,2026-01-25,2026-01-25,1,0,2.3,2.5856070919448984,0.27437,1.81628,4
PEACE ACTIVISTS,PEACE ACTIVISTS,1,2026-06-18,2026-06-18,1,0,1.7,2.615981967221863,0.282872,1.842726,4
PEACHY,PEACHY,1,2025-10-23,2025-10-23,1,0,2.0,2.771643207850185,0.299197,2.005498,4
PEACHY KEEN,PEACHY KEEN,1,2024-07-30,2024-07-30,1,0,2.0,2.55556336086733,0.233538,1.822545,4
PECULIAR,PECULIAR,1,2024-09-02,2024-09-02,1,0,2.8,2.9301448139473507,0.3612,2.12586,4
PELLET-FILLED THINGS,PELLET-FILLED THINGS,1,2026-05-04,2026-05-04,1,0,2.0,3.8087859712164693,0.551555,2.946431,4
PENNANT,PENNANT,1,2026-02-13,2026-02-13,1,0,2.4,2.9716742946181745,0.366916,2.167926,4
PEOPLE WHOSE FIRST NAMES ARE U.S. CITIES,PEOPLE WHOSE FIRST NAMES ARE U.S. CITIES,1,2025-10-30,2025-10-30,1,0,3.3,2.827132024443618,0.319966,2.048572,4
PEPPERS,PEPPERS,1,2026-04-10,2026-04-10,1,0,2.8,2.902467764378858,0.333966,2.12125,4
PERCEIVE,PERCEIVE,1,2025-01-02,2025-01-02,1,0,2.8,3.7470619092517152,0.557864,2.869105,4
PERCUSSION INSTRUMENTS,PERCUSSION INSTRUMENTS,1,2025-11-10,2025-11-10,1,0,2.0,1.8603482774279372,0.134343,1.121856,4
PERFORATE,PERFORATE,1,2025-08-07,2025-08-07,1,0,3.0,2.7185410630980757,0.317089,1.926509,4
PERFORM POORLY,PERFORM POORLY,1,2024-12-15,2024-12-15,1,0,3.4,2.634150571799798,0.287893,1.858609,4
PERFORM WELL ON,PERFORM WELL ON,1,2024-11-30,2024-11-30,1,0,3.0,2.4738081168461434,0.236406,1.725613,4
PERIODIC TABLE SYMBOLS,PERIODIC TABLE SYMBOLS,1,2025-10-20,2025-10-20,1,0,3.3,3.557227630219487,0.52802,2.680534,4
PERIPHERY,PERIPHERY,1,2025-03-05,2025-03-05,1,0,4.0,3.1453355257176523,0.382255,2.352394,4
PERSIST,PERSIST,1,2025-06-08,2025-06-08,1,0,2.5,2.84863379963753,0.332137,2.06114,4
PERSONAL GROOMING ITEMS,PERSONAL GROOMING ITEMS,1,2025-11-09,2025-11-09,1,0,2.3,2.3248010494214504,0.193384,1.597194,4
PERSONAL PROPERTY MINUS “S”,PERSONAL PROPERTY MINUS “S”,1,2025-04-18,2025-04-18,1,0,3.0,3.146315051997758,0.401854,2.333922,4
PESTER,PESTER,1,2025-08-26,2025-08-26,1,0,3.3,3.7935550763339716,0.55044,2.930022,4
PETER ___,PETER ___,1,2024-07-16,2024-07-16,1,1,2.6,2.320219786757353,0.259026,1.526281,4
PETITION (FOR),PETITION (FOR),1,2025-12-03,2025-12-03,1,0,1.7,1.4908939099968468,0.069151,0.76197,4
PHASE TRANSITIONS FOR LIQUIDS,PHASE TRANSITIONS FOR LIQUIDS,1,2025-07-21,2025-07-21,1,0,1.5,2.337580955741483,0.246713,1.558569,4
PHONETIC ELEMENTS OF SPEECH,PHONETIC ELEMENTS OF SPEECH,1,2025-11-28,2025-11-28,1,0,2.3,3.7019532899637877,0.511292,2.863777,4
PHOTOSHOP TOOLS,PHOTOSHOP TOOLS,1,2025-02-21,2025-02-21,1,0,4.0,3.4897055027582056,0.487757,2.643109,4
PHRASES WHOSE SECOND WORDS INCLUDE THEIR FIRST WORD,PHRASES WHOSE SECOND WORDS INCLUDE THEIR FIRST WORD,1,2026-05-14,2026-05-14,1,0,2.0,2.0834464693192705,0.183803,1.329083,4
PICK UP ON,PICK UP ON,1,2025-07-18,2025-07-18,1,0,2.5,3.408962812522576,0.486285,2.551682,4
PICK-UP ___,PICK-UP ___,1,2026-04-22,2026-04-22,1,1,2.3,2.891472212498096,0.37611,2.066455,4
PICNIC ACCESSORIES,PICNIC ACCESSORIES,1,2025-01-23,2025-01-23,1,0,3.3,2.8744056836283898,0.331763,2.091166,4
PICTURE HANGING NEEDS,PICTURE HANGING NEEDS,1,2025-04-07,2025-04-07,1,0,3.8,3.661670163051324,0.472472,2.856249,4
PICTURE TAKEN FROM A FILM,PICTURE TAKEN FROM A FILM,1,2026-03-22,2026-03-22,1,0,2.0,2.095608413629405,0.176335,1.350544,4
PICTURED ON THE U.S. GREAT SEAL,PICTURED ON THE U.S. GREAT SEAL,1,2025-03-30,2025-03-30,1,0,3.4,3.5391720144759917,0.483345,2.704435,4
PIECES OF OLYMPIC SPORTS EQUIPMENT,PIECES OF OLYMPIC SPORTS EQUIPMENT,1,2025-10-23,2025-10-23,1,0,2.0,2.771643207850185,0.299197,2.005498,4
PIPE-SMOKING ACCESSORIES,PIPE-SMOKING ACCESSORIES,1,2025-08-25,2025-08-25,1,0,3.2,2.895780563669777,0.353185,2.094337,4
PIPS ON A DIE,PIPS ON A DIE,1,2026-02-07,2026-02-07,1,0,2.3,2.9858387487325357,0.322807,2.228332,4
PIQUANCY,PIQUANCY,1,2025-09-05,2025-09-05,1,0,2.8,3.820132657628876,0.527031,2.98401,4
PIVOTAL POINT,PIVOTAL POINT,1,2026-02-26,2026-02-26,1,0,2.3,3.4114494360251344,0.450213,2.590615,4
PIXAR PROTAGONISTS,PIXAR PROTAGONISTS,1,2025-11-21,2025-11-21,1,0,3.5,3.631386547986791,0.50357,2.790308,4
PIZZA INGREDIENTS,PIZZA INGREDIENTS,1,2026-04-24,2026-04-24,1,0,2.0,3.1323565852200295,0.428364,2.291352,4
PLACE TO PLUG SOMETHING IN,PLACE TO PLUG SOMETHING IN,1,2024-06-26,2024-06-26,1,0,3.3,3.210815162710212,0.393307,2.41668,4
PLACED DOWN,PLACED DOWN,1,2024-06-29,2024-06-29,1,0,3.3,1.5173289515313808,0.042234,0.819302,4
PLACES IN FRANCE,PLACES IN FRANCE,1,2024-09-19,2024-09-19,1,0,3.3,3.10737823050489,0.41123,2.279747,4
PLACES THAT SELL GAS,PLACES THAT SELL GAS,1,2025-08-29,2025-08-29,1,0,2.5,3.0615178008954973,0.355868,2.282344,4
PLACES TO FIND PAPER MONEY,PLACES TO FIND PAPER MONEY,1,2025-05-12,2025-05-12,1,0,3.0,3.357902289094307,0.43014,2.549079,4
PLACES TO FIND SAND,PLACES TO FIND SAND,1,2026-03-12,2026-03-12,1,0,2.3,2.4150426240539535,0.213892,1.680514,4
PLACES TO FIND STARS,PLACES TO FIND STARS,1,2025-04-11,2025-04-11,1,0,2.5,2.2261713575491053,0.186741,1.490358,4
PLACES TO GET TRAPPED,PLACES TO GET TRAPPED,1,2025-08-28,2025-08-28,1,0,2.3,1.8416859985579874,0.12207,1.112657,4
PLACES TO LIE/SIT THAT MOVE,PLACES TO LIE/SIT THAT MOVE,1,2024-10-26,2024-10-26,1,0,2.3,1.8554723746494157,0.128918,1.121671,4
PLACES TO SHOP,PLACES TO SHOP,1,2025-05-13,2025-05-13,1,0,2.8,1.7724629545659456,0.137249,1.017833,4
PLACES USED IN RETAIL SUFFIXES,PLACES USED IN RETAIL SUFFIXES,1,2025-04-11,2025-04-11,1,0,2.5,2.2261713575491053,0.186741,1.490358,4
PLACES WHERE IDEAS ARE DEVELOPED,PLACES WHERE IDEAS ARE DEVELOPED,1,2026-03-05,2026-03-05,1,0,2.0,2.3688406205066004,0.230503,1.610745,4
PLACES WHERE THINGS DISAPPEAR,PLACES WHERE THINGS DISAPPEAR,1,2025-12-31,2025-12-31,1,0,2.5,2.2964460668463182,0.237009,1.520945,4
PLACES WITH CONVEYOR BELTS,PLACES WITH CONVEYOR BELTS,1,2026-05-22,2026-05-22,1,0,1.8,2.0320661005750487,0.166797,1.286973,4
PLACES WITH LANES,PLACES WITH LANES,1,2025-08-12,2025-08-12,1,0,2.8,2.8484399803292217,0.329534,2.06352,4
PLAGIARIZE,PLAGIARIZE,1,2026-01-21,2026-01-21,1,0,2.3,3.130102023400513,0.410633,2.306489,4
PLANETS/DWARF PLANET WITH FIRST LETTER CHANGED,PLANETS/DWARF PLANET WITH FIRST LETTER CHANGED,1,2025-05-04,2025-05-04,1,0,3.5,3.1839020914915097,0.384031,2.394991,4
PLAY A JOKE ON,PLAY A JOKE ON,1,2025-09-29,2025-09-29,1,0,2.3,2.4551467071210737,0.241881,1.698667,4
PLAY AROUND (WITH),PLAY AROUND (WITH),1,2026-03-30,2026-03-30,1,0,1.3,3.2265797125492184,0.403073,2.425052,4
PLAY MUSIC WITH PASSION,PLAY MUSIC WITH PASSION,1,2024-11-14,2024-11-14,1,0,2.6,2.562127143003407,0.256397,1.807238,4
PLAY SOME ELECTRIC GUITAR,PLAY SOME ELECTRIC GUITAR,1,2025-05-04,2025-05-04,1,0,3.5,3.1839020914915097,0.384031,2.394991,4
PLAYGROUND EQUIPMENT,PLAYGROUND EQUIPMENT,1,2024-08-28,2024-08-28,1,0,3.7,3.264191957244499,0.428934,2.442466,4
PLUMBING EQUIPMENT,PLUMBING EQUIPMENT,1,2025-06-05,2025-06-05,1,0,3.5,2.5164440189495973,0.23053,1.780544,4
PLUNGE,PLUNGE,1,2026-01-11,2026-01-11,1,0,2.0,2.4119137024848487,0.178347,1.712459,4
PLURAL ANIMALS IDENTICAL TO THEIR SINGULAR FORMS,PLURAL ANIMALS IDENTICAL TO THEIR SINGULAR FORMS,1,2025-03-18,2025-03-18,1,0,3.0,3.4451505287590334,0.464226,2.615377,4
PLURAL WORDS THAT ARE VERY DIFFERENT FROM THEIR SINGULAR FORMS,PLURAL WORDS THAT ARE VERY DIFFERENT FROM THEIR SINGULAR FORMS,1,2025-03-18,2025-03-18,1,0,3.0,3.4451505287590334,0.464226,2.615377,4
POINT OF VIEW,POINT OF VIEW,1,2024-11-22,2024-11-22,1,0,2.8,3.0942993383460315,0.369145,2.306784,4
POKER ACTIONS,POKER ACTIONS,1,2025-07-29,2025-07-29,1,0,2.3,2.8858158176170585,0.327099,2.108958,4
"POKER HANDS, FAMILIARLY","POKER HANDS, FAMILIARLY",1,2026-01-06,2026-01-06,1,0,2.0,4.131570735154601,0.647208,3.22216,4
POLICE PROCEDURALS,POLICE PROCEDURALS,1,2024-12-22,2024-12-22,1,0,3.5,3.5368618273841355,0.511942,2.67318,4
POLITE TERMS FOR SEX,POLITE TERMS FOR SEX,1,2025-08-02,2025-08-02,1,0,3.3,3.304322983802909,0.415721,2.501852,4
PONDER,PONDER,1,2025-11-09,2025-11-09,1,0,2.3,2.3248010494214504,0.193384,1.597194,4
POP SINGERS MINUS “S”,POP SINGERS MINUS “S”,1,2024-12-15,2024-12-15,1,0,3.4,2.634150571799798,0.287893,1.858609,4
POPCORN-MAKING METHODS,POPCORN-MAKING METHODS,1,2025-09-27,2025-09-27,1,0,2.8,1.6211761201202082,0.077404,0.903614,4
POPEYE,POPEYE,1,2025-10-31,2025-10-31,1,0,2.3,1.8710839549894878,0.145715,1.122836,4
PORTION,PORTION,1,2026-01-07,2026-01-07,1,0,1.8,1.9255758624052082,0.134261,1.196986,4
PORTMANTEAUX,PORTMANTEAUX,1,2026-03-15,2026-03-15,1,0,2.0,2.9002192865735044,0.33662,2.116009,4
POSE,POSE,1,2026-02-23,2026-02-23,1,0,1.5,2.0705335838325514,0.192379,1.30565,4
POSITIONS IN FAVOR,POSITIONS IN FAVOR,1,2024-06-19,2024-06-19,1,0,2.8,2.3875480949103256,0.241086,1.621686,4
POSSESSIVE ADJECTIVES PLUS A LETTER,POSSESSIVE ADJECTIVES PLUS A LETTER,1,2026-05-24,2026-05-24,1,0,2.5,2.494992654158743,0.253378,1.733015,4
POSSIBLE RESULTS OF A TRAFFIC VIOLATION,POSSIBLE RESULTS OF A TRAFFIC VIOLATION,1,2025-06-28,2025-06-28,1,0,3.3,3.7590682766282746,0.579022,2.861761,4
POTENCY,POTENCY,1,2026-05-20,2026-05-20,1,0,,2.3939563001128286,0.215413,1.654732,4
POTTERY EQUIPMENT,POTTERY EQUIPMENT,1,2026-04-22,2026-04-22,1,0,2.3,2.891472212498096,0.37611,2.066455,4
POT___,POT___,1,2025-01-03,2025-01-03,1,1,1.7,2.6770159281516537,0.33399,1.861831,4
PRANK VERBS,PRANK VERBS,1,2024-08-22,2024-08-22,1,0,2.8,2.9376385811053565,0.364408,2.131274,4
PRECIPICE,PRECIPICE,1,2025-06-05,2025-06-05,1,0,3.5,2.5164440189495973,0.23053,1.780544,4
PRECIPITATION,PRECIPITATION,1,2026-06-21,2026-06-21,1,0,1.7,2.23782485210426,0.21947,1.471037,4
PREDICT,PREDICT,1,2025-09-06,2025-09-06,1,0,2.3,2.4783693891779937,0.239861,1.727406,4
PREFIX MEANING “VERY”,PREFIX MEANING “VERY”,1,2024-09-19,2024-09-19,1,0,3.3,3.10737823050489,0.41123,2.279747,4
PREFIXES,PREFIXES,1,2024-09-14,2024-09-14,1,0,3.4,2.7702586600558563,0.312363,1.990739,4
PREMONITION,PREMONITION,1,2026-05-14,2026-05-14,1,0,2.0,2.0834464693192705,0.183803,1.329083,4
PRESENT GO-WITHS,PRESENT GO-WITHS,1,2026-01-13,2026-01-13,1,0,2.0,1.9686506826732173,0.127886,1.252921,4
PRESSED USING A PRESS,PRESSED USING A PRESS,1,2026-01-07,2026-01-07,1,0,1.8,1.9255758624052082,0.134261,1.196986,4
PRESUME,PRESUME,1,2024-09-20,2024-09-20,1,0,2.9,3.258527740059539,0.397055,2.467828,4
PRETEXT,PRETEXT,1,2026-05-13,2026-05-13,1,0,2.2,2.5371340128253026,0.239212,1.795667,4
PREVAILING,PREVAILING,1,2026-04-17,2026-04-17,1,0,2.5,1.9065276832084024,0.133901,1.17543,4
PRICK,PRICK,1,2025-04-08,2025-04-08,1,0,1.8,2.257975976154175,0.185408,1.528284,4
PRINCIPLED,PRINCIPLED,1,2026-03-23,2026-03-23,1,0,2.0,2.6590819926914016,0.318585,1.856602,4
PRINTED NOTIFICATION,PRINTED NOTIFICATION,1,2025-04-03,2025-04-03,1,0,3.3,4.028499712943888,0.5979,3.152879,4
PRO ATHLETE DATA,PRO ATHLETE DATA,1,2025-07-03,2025-07-03,1,0,2.8,2.3518262403297125,0.23072,1.590952,4
"PRO WRESTLING ICONS, WITH “THE”","PRO WRESTLING ICONS, WITH “THE”",1,2025-06-20,2025-06-20,1,0,2.8,2.5541518695817116,0.239335,1.815124,4
PROCURE IN ADVANCE,PROCURE IN ADVANCE,1,2024-09-24,2024-09-24,1,0,3.0,3.0438011516553214,0.317727,2.300101,4
PROFESSION,PROFESSION,1,2024-07-14,2024-07-14,1,0,2.6,1.9200715678782247,0.156635,1.168279,4
PROG BANDS,PROG BANDS,1,2026-06-24,2026-06-24,1,0,2.5,2.529045750569167,0.243632,1.781941,4
PROGRESS SLOWLY,PROGRESS SLOWLY,1,2024-11-01,2024-11-01,1,0,2.6,2.205725593384766,0.222587,1.430988,4
PROHIBIT,PROHIBIT,1,2024-10-08,2024-10-08,1,0,3.0,2.6126018627823497,0.236418,1.885291,4
"PROHIBIT, AS ENTRY","PROHIBIT, AS ENTRY",1,2025-05-21,2025-05-21,1,0,2.5,2.946954945077366,0.335369,2.171032,4
PROLIFIC ACTORS,PROLIFIC ACTORS,1,2025-10-18,2025-10-18,1,0,2.7,3.6792894680649053,0.507529,2.841464,4
PROMISE,PROMISE,1,2026-01-12,2026-01-12,1,0,1.7,1.5128963126418156,0.070486,0.78595,4
PROMOTE,PROMOTE,1,2024-08-01,2024-08-01,1,0,3.1,2.0148718074079377,0.095331,1.338656,4
PRONOUN HOMOPHONES,PRONOUN HOMOPHONES,1,2026-03-11,2026-03-11,1,0,1.8,2.218272568876876,0.16489,1.503121,4
PRONUNCIATION DESCRIPTORS,PRONUNCIATION DESCRIPTORS,1,2026-06-22,2026-06-22,1,0,2.0,1.7773988283412083,0.129023,1.031738,4
PROPER NOUN PORTMANTEAUX,PROPER NOUN PORTMANTEAUX,1,2024-12-11,2024-12-11,1,0,1.0,3.6991824560853694,0.54633,2.825551,4
PROPER NOUNS AFTER GERUNDS IN '90S MOVIE TITLES,PROPER NOUNS AFTER GERUNDS IN '90S MOVIE TITLES,1,2025-08-22,2025-08-22,1,0,3.3,2.858614190298094,0.339337,2.065423,4
PROPER NOUNS IN BROADWAY MUSICAL TITLES THAT ARE SPOKEN PHRASES,PROPER NOUNS IN BROADWAY MUSICAL TITLES THAT ARE SPOKEN PHRASES,1,2025-03-30,2025-03-30,1,0,3.4,3.5391720144759917,0.483345,2.704435,4
PROPS FOR CHARACTERS ON “THE SIMPSONS”,PROPS FOR CHARACTERS ON “THE SIMPSONS”,1,2025-02-12,2025-02-12,1,0,4.0,3.7979964066723397,0.573459,2.912113,4
PROTAGONIST,PROTAGONIST,1,2025-12-18,2025-12-18,1,0,1.7,1.898899198593949,0.147915,1.152639,4
PROTECTIVE COVERINGS IN NATURE,PROTECTIVE COVERINGS IN NATURE,1,2025-01-27,2025-01-27,1,0,3.0,1.4905827561296967,0.086293,0.74447,4
PROTUBERANCE,PROTUBERANCE,1,2026-02-14,2026-02-14,1,0,2.3,2.8528413300030957,0.325294,2.072824,4
PROVERBIAL THINGS THAT ARE SPILLED,PROVERBIAL THINGS THAT ARE SPILLED,1,2025-02-23,2025-02-23,1,0,3.5,2.6504444308709116,0.266636,1.898613,4
PROVERBIAL THINGS TO KICK,PROVERBIAL THINGS TO KICK,1,2024-12-28,2024-12-28,1,0,3.8,3.763862479788047,0.569377,2.876922,4
PROVIDE MORE DETAILS,PROVIDE MORE DETAILS,1,2024-07-30,2024-07-30,1,0,2.0,2.55556336086733,0.233538,1.822545,4
PROVIDE WITH A PLACE TO STAY,PROVIDE WITH A PLACE TO STAY,1,2026-02-03,2026-02-03,1,0,2.8,2.5434379206421687,0.224056,1.818076,4
PUBLIC STANDING,PUBLIC STANDING,1,2024-11-07,2024-11-07,1,0,3.6,2.8871673379059355,0.343733,2.093879,4
PUBLICITY,PUBLICITY,1,2024-11-22,2024-11-22,1,0,2.8,3.0942993383460315,0.369145,2.306784,4
PUBLICIZE,PUBLICIZE,1,2026-02-01,2026-02-01,1,0,2.5,2.751007100957059,0.311032,1.96992,4
PUPPY PURCHASES,PUPPY PURCHASES,1,2024-09-04,2024-09-04,1,0,2.7,2.4273314635166128,0.249625,1.65892,4
PURCHASES FOR A BABY,PURCHASES FOR A BABY,1,2024-07-06,2024-07-06,1,0,3.2,2.349372644332606,0.232602,1.586247,4
PURPLE ___,PURPLE ___,1,2024-10-23,2024-10-23,1,1,2.8,3.085153326770562,0.389592,2.275814,4
PURSUE,PURSUE,1,2026-03-04,2026-03-04,1,0,2.0,2.0533810096196947,0.165819,1.312475,4
PURSUIT,PURSUIT,1,2024-06-27,2024-06-27,1,0,2.5,2.7940167353590453,0.346075,1.984362,4
PUSH THROUGH A CROWD,PUSH THROUGH A CROWD,1,2024-07-24,2024-07-24,1,0,2.4,3.104254523805067,0.332178,2.355205,4
"PUSHES, AS A BUTTON","PUSHES, AS A BUTTON",1,2024-12-27,2024-12-27,1,0,2.8,2.5990527632432454,0.303449,1.802671,4
"PUT FORWARD, AS AN ANNOUNCEMENT","PUT FORWARD, AS AN ANNOUNCEMENT",1,2025-11-08,2025-11-08,1,0,2.8,2.749260119747642,0.314402,1.96454,4
PUT ON THE LINE,PUT ON THE LINE,1,2024-10-02,2024-10-02,1,0,2.8,2.4240938988374694,0.268732,1.636088,4
PUTDOWN,PUTDOWN,1,2025-01-21,2025-01-21,1,0,2.0,2.2311819777840745,0.215821,1.467043,4
QUALITIES OF A RAINY DAY,QUALITIES OF A RAINY DAY,1,2025-06-18,2025-06-18,1,0,3.0,2.6930725106704427,0.34448,1.869815,4
QUALITIES OF OVERCOOKED MEAT,QUALITIES OF OVERCOOKED MEAT,1,2025-05-04,2025-05-04,1,0,3.5,3.1839020914915097,0.384031,2.394991,4
QUALITIES OF THICK HAIR,QUALITIES OF THICK HAIR,1,2024-06-15,2024-06-15,1,0,2.8,2.800467528660683,0.327455,2.010404,4
QUANTITIES IN MECHANICS,QUANTITIES IN MECHANICS,1,2026-03-28,2026-03-28,1,0,2.8,3.440776991721329,0.425416,2.649155,4
QUANTITY,QUANTITY,1,2024-09-06,2024-09-06,1,0,2.9,2.747672192051321,0.294024,1.983091,4
QUEEN ___,QUEEN ___,1,2025-07-25,2025-07-25,1,1,2.3,2.569994642459945,0.260515,1.812172,4
QUICK FIX,QUICK FIX,1,2026-02-20,2026-02-20,1,0,3.5,3.0601628040270983,0.395771,2.240882,4
QUICK JUMP IN THE POOL,QUICK JUMP IN THE POOL,1,2024-10-11,2024-10-11,1,0,2.4,2.3353237864873257,0.183224,1.619461,4
QUITE THE LAUGH,QUITE THE LAUGH,1,2026-01-27,2026-01-27,1,0,2.8,3.564283348357818,0.522299,2.694373,4
QUITE THE PARTY,QUITE THE PARTY,1,2025-05-23,2025-05-23,1,0,2.5,2.6184329557843284,0.300019,1.828399,4
QUITE THE TALKER,QUITE THE TALKER,1,2025-08-19,2025-08-19,1,0,3.0,2.4057679790361988,0.257291,1.626444,4
RADIO LINGO,RADIO LINGO,1,2025-04-08,2025-04-08,1,0,1.8,2.257975976154175,0.185408,1.528284,4
RADIO TUNING OPTIONS,RADIO TUNING OPTIONS,1,2025-11-14,2025-11-14,1,0,2.2,3.3173671101665545,0.43138,2.501201,4
RAIN___,RAIN___,1,2025-11-05,2025-11-05,1,1,3.5,3.3348178010733562,0.460352,2.492307,4
"RARE THINGS, IDIOMATICALLY","RARE THINGS, IDIOMATICALLY",1,2026-06-16,2026-06-16,1,0,2.0,2.2344447476647464,0.215421,1.471197,4
RASPY,RASPY,1,2024-07-31,2024-07-31,1,0,3.6,2.1352466350406805,0.212219,1.360266,4
RATINGS SYSTEMS,RATINGS SYSTEMS,1,2024-09-10,2024-09-10,1,0,3.3,3.5622304281505333,0.506682,2.707628,4
RATIONALE,RATIONALE,1,2025-05-15,2025-05-15,1,0,3.0,2.9595705830150205,0.381119,2.139797,4
REACH BACK OUT,REACH BACK OUT,1,2026-05-22,2026-05-22,1,0,1.8,2.0320661005750487,0.166797,1.286973,4
REACT TO A STUBBED TOE,REACT TO A STUBBED TOE,1,2026-03-18,2026-03-18,1,0,3.0,3.238858122273314,0.433844,2.408408,4
REAL ___,REAL ___,1,2025-05-15,2025-05-15,1,1,3.0,2.9595705830150205,0.381119,2.139797,4
REALM OF EXPERTISE,REALM OF EXPERTISE,1,2024-07-22,2024-07-22,1,0,3.7,3.4486210242660986,0.459883,2.623713,4
REBOUND,REBOUND,1,2025-05-12,2025-05-12,1,0,3.0,3.357902289094307,0.43014,2.549079,4
RECEIVER OF GOODS OR SERVICES,RECEIVER OF GOODS OR SERVICES,1,2026-01-14,2026-01-14,1,0,2.0,2.8272597887410233,0.286284,2.082401,4
RECTANGULAR PRISMS,RECTANGULAR PRISMS,1,2025-02-25,2025-02-25,1,0,4.5,2.856137996534099,0.32597,2.075941,4
RED CHARACTERS,RED CHARACTERS,1,2026-06-24,2026-06-24,1,0,2.5,2.529045750569167,0.243632,1.781941,4
REFERENCE BOOKS,REFERENCE BOOKS,1,2026-02-15,2026-02-15,1,0,2.3,2.554422173639487,0.260204,1.794566,4
REGARD AS TRUE,REGARD AS TRUE,1,2024-07-15,2024-07-15,1,0,2.4,2.090221453661263,0.174417,1.346264,4
REGARDING,REGARDING,1,2024-08-11,2024-08-11,1,0,2.0,1.7119974143878758,0.117268,0.968245,4
REGION,REGION,1,2026-01-30,2026-01-30,1,0,2.0,2.5630606046048574,0.232566,1.832143,4
REITERATE,REITERATE,1,2024-08-08,2024-08-08,1,0,2.3,1.5371863046117522,0.078569,0.805814,4
RELATED TO BUYING A HOME,RELATED TO BUYING A HOME,1,2025-07-23,2025-07-23,1,0,2.8,2.0681608183093134,0.159662,1.335637,4
RELAX,RELAX,1,2025-09-21,2025-09-21,1,0,2.0,1.79932387709183,0.112138,1.073849,4
REMOTE CONTROL FUNCTIONS,REMOTE CONTROL FUNCTIONS,1,2025-01-05,2025-01-05,1,0,2.0,2.633112812812712,0.249526,1.895782,4
REMOTE RURAL AREA,REMOTE RURAL AREA,1,2024-06-16,2024-06-16,1,0,2.5,2.3442924925072126,0.227135,1.585869,4
REMOVE THE COVERING FROM,REMOVE THE COVERING FROM,1,2026-01-01,2026-01-01,1,0,2.5,3.1023988994856118,0.419775,2.265473,4
"REMOVE, AS AN ITEM FROM A LIST, WITH ""OFF""","REMOVE, AS AN ITEM FROM A LIST, WITH ""OFF""",1,2026-04-30,2026-04-30,1,0,1.3,2.7491436543336807,0.335242,1.943566,4
RENOVATIONS,RENOVATIONS,1,2025-08-16,2025-08-16,1,0,2.2,2.504706217341053,0.252398,1.745171,4
REPRESENTED BY CONSTELLATIONS,REPRESENTED BY CONSTELLATIONS,1,2025-10-20,2025-10-20,1,0,3.3,3.557227630219487,0.52802,2.680534,4
REPRESENTED BY THREE-DIGIT NUMBERS,REPRESENTED BY THREE-DIGIT NUMBERS,1,2025-04-19,2025-04-19,1,0,3.0,2.172673751876456,0.202768,1.412779,4
REPUTATION,REPUTATION,1,2025-04-30,2025-04-30,1,0,3.3,3.0048200037735575,0.362604,2.210374,4
RESIDE,RESIDE,1,2024-09-15,2024-09-15,1,0,2.9,2.289192183675277,0.194768,1.55484,4
RESISTANCE TRAINING EQUIPMENT,RESISTANCE TRAINING EQUIPMENT,1,2025-01-28,2025-01-28,1,0,3.5,3.4157317128504063,0.473291,2.572464,4
RESTAURANT COURSES,RESTAURANT COURSES,1,2024-06-24,2024-06-24,1,0,3.0,3.2748398511731387,0.420134,2.463517,4
RESTAURANT JOBS,RESTAURANT JOBS,1,2024-08-07,2024-08-07,1,0,3.3,2.827131155298738,0.314563,2.053974,4
RESTAURANT SEATING OPTIONS,RESTAURANT SEATING OPTIONS,1,2025-09-21,2025-09-21,1,0,2.0,1.79932387709183,0.112138,1.073849,4
RESTAURANT WATER OPTIONS,RESTAURANT WATER OPTIONS,1,2025-08-27,2025-08-27,1,0,2.0,1.3178428186033444,0.040757,0.591259,4
RESTRICT,RESTRICT,1,2025-04-14,2025-04-14,1,0,3.4,3.2153381926673292,0.40462,2.410571,4
RESULT,RESULT,1,2025-08-09,2025-08-09,1,0,2.8,2.631841253852823,0.307116,1.836729,4
RESULTS OF SOME ARITHMETIC,RESULTS OF SOME ARITHMETIC,1,2025-05-09,2025-05-09,1,0,2.7,2.207094496571249,0.17546,1.47969,4
RESULTS OF SOME DIGGING,RESULTS OF SOME DIGGING,1,2025-01-22,2025-01-22,1,0,3.3,2.5876582738624223,0.278259,1.814751,4
RETAIL CHAINS WITH A LETTER CHANGED,RETAIL CHAINS WITH A LETTER CHANGED,1,2024-10-30,2024-10-30,1,0,3.1,2.3365544956378406,0.216301,1.5878,4
RETRO DANCE CRAZES,RETRO DANCE CRAZES,1,2026-03-29,2026-03-29,1,0,1.5,2.4319674823081696,0.283546,1.630333,4
RETRO HAIR DIRECTIVES,RETRO HAIR DIRECTIVES,1,2026-02-18,2026-02-18,1,0,2.3,2.1625134482256683,0.181066,1.422791,4
RETRO SLANG FOR COOL,RETRO SLANG FOR COOL,1,2026-02-18,2026-02-18,1,0,2.3,2.1625134482256683,0.181066,1.422791,4
RHYME WITH U.S. COINS,RHYME WITH U.S. COINS,1,2025-02-25,2025-02-25,1,0,4.5,2.856137996534099,0.32597,2.075941,4
RHYMES FOR NEW YORK TIMES GAMES,RHYMES FOR NEW YORK TIMES GAMES,1,2025-11-27,2025-11-27,1,0,3.3,3.3981228375753885,0.430451,2.595044,4
RHYMES OF U.S. PRESIDENT NAMES,RHYMES OF U.S. PRESIDENT NAMES,1,2025-01-23,2025-01-23,1,0,3.3,2.8744056836283898,0.331763,2.091166,4
RIFFLE (THROUGH),RIFFLE (THROUGH),1,2026-02-17,2026-02-17,1,0,2.8,2.6191491311657016,0.237292,1.89195,4
RIHANNA #1 HITS,RIHANNA #1 HITS,1,2026-01-03,2026-01-03,1,0,2.8,3.071456472601806,0.413534,2.236113,4
RIPPED,RIPPED,1,2025-08-24,2025-08-24,1,0,2.0,2.586314575877468,0.299343,1.792121,4
RISQUÉ,RISQUÉ,1,2024-11-08,2024-11-08,1,0,2.8,3.287480694312322,0.447323,2.450872,4
ROAD,ROAD,1,2024-12-17,2024-12-17,1,0,3.2,3.4088680757306227,0.450277,2.587581,4
ROAD RUNNER CARTOON STAPLES,ROAD RUNNER CARTOON STAPLES,1,2024-10-13,2024-10-13,1,0,3.0,3.2904357869053653,0.439691,2.461904,4
ROBERT DE NIRO FILMS,ROBERT DE NIRO FILMS,1,2024-10-02,2024-10-02,1,0,2.8,2.4240938988374694,0.268732,1.636088,4
ROCK BANDS,ROCK BANDS,1,2026-04-01,2026-04-01,1,0,2.0,2.8326710847658134,0.331125,2.043786,4
ROCK GENRES,ROCK GENRES,1,2024-08-09,2024-08-09,1,0,3.9,3.3341468212257594,0.421567,2.53032,4
ROCK MUSIC SUBGENRES,ROCK MUSIC SUBGENRES,1,2025-10-08,2025-10-08,1,0,3.5,3.156688296144221,0.372434,2.375277,4
ROCK ___,ROCK ___,1,2025-12-20,2025-12-20,1,1,2.3,2.5671351558037356,0.261944,1.807453,4
RODENTS WHO ARE FIRST IN A CARTOON DUO,RODENTS WHO ARE FIRST IN A CARTOON DUO,1,2025-11-01,2025-11-01,1,0,3.3,3.241767150187701,0.424767,2.420832,4
RODS,RODS,1,2025-05-30,2025-05-30,1,0,2.8,2.900936331099757,0.344908,2.108546,4
RODS THAT CURVE AT ONE END,RODS THAT CURVE AT ONE END,1,2025-08-20,2025-08-20,1,0,2.5,1.8874986251989636,0.11072,1.176717,4
ROLLER ___,ROLLER ___,1,2026-02-11,2026-02-11,1,1,2.5,2.9219852818110295,0.349113,2.128559,4
ROMANTIC LETTER SIGN-OFFS,ROMANTIC LETTER SIGN-OFFS,1,2024-06-27,2024-06-27,1,0,2.5,2.7940167353590453,0.346075,1.984362,4
ROMANTIC PARTNER,ROMANTIC PARTNER,1,2024-07-19,2024-07-19,1,0,3.0,1.5448695453536647,0.097078,0.796145,4
ROMANTIC RAPPORT,ROMANTIC RAPPORT,1,2024-07-04,2024-07-04,1,0,2.3,1.8064065387214507,0.134243,1.059893,4
ROMANTIC VIBE,ROMANTIC VIBE,1,2025-09-15,2025-09-15,1,0,2.8,1.4736144406314655,0.062197,0.749043,4
ROOM FEATURES,ROOM FEATURES,1,2026-06-01,2026-06-01,1,0,3.0,3.2942791455660823,0.447615,2.458402,4
ROTATE,ROTATE,1,2024-08-20,2024-08-20,1,0,2.2,3.0135957596300162,0.367363,2.215712,4
ROULETTE BETS,ROULETTE BETS,1,2024-07-12,2024-07-12,1,0,3.0,3.0005264280648416,0.391998,2.17604,4
ROULETTE OPTIONS,ROULETTE OPTIONS,1,2025-08-27,2025-08-27,1,0,2.0,1.3178428186033444,0.040757,0.591259,4
ROUND FLAT THINGS,ROUND FLAT THINGS,1,2025-05-27,2025-05-27,1,0,2.3,2.6366745685322095,0.261853,1.887553,4
ROUND THREE-DIMENSIONAL OBJECTS,ROUND THREE-DIMENSIONAL OBJECTS,1,2025-04-09,2025-04-09,1,0,2.8,3.0030652002602176,0.353242,2.217717,4
RUB TOGETHER,RUB TOGETHER,1,2025-02-23,2025-02-23,1,0,3.5,2.6504444308709116,0.266636,1.898613,4
RUMMAGE,RUMMAGE,1,2024-10-14,2024-10-14,1,0,3.5,2.388562386985644,0.232699,1.63124,4
RUN-OF-THE-MILL,RUN-OF-THE-MILL,1,2025-11-16,2025-11-16,1,0,1.7,2.719052120287696,0.264396,1.97979,4
RUPTURE,RUPTURE,1,2026-05-18,2026-05-18,1,0,2.2,2.108234481305623,0.197793,1.343613,4
RUPTURED,RUPTURED,1,2025-09-06,2025-09-06,1,0,2.3,2.4783693891779937,0.239861,1.727406,4
SAILOR,SAILOR,1,2025-11-22,2025-11-22,1,0,3.0,2.877797086951347,0.34086,2.085971,4
SALAD INGREDIENTS,SALAD INGREDIENTS,1,2026-04-27,2026-04-27,1,0,3.0,3.647664762450059,0.510224,2.802383,4
SALTY SNACK UNIT,SALTY SNACK UNIT,1,2025-04-27,2025-04-27,1,0,3.2,3.1361903832870626,0.424343,2.299784,4
SALUTE,SALUTE,1,2025-05-29,2025-05-29,1,0,2.0,2.058362948073614,0.159779,1.324247,4
SAME OLD STUFF,SAME OLD STUFF,1,2026-02-08,2026-02-08,1,0,2.0,2.753749253054427,0.298413,1.985694,4
SANCTUARY,SANCTUARY,1,2024-12-01,2024-12-01,1,0,3.0,2.4559419746865547,0.238488,1.702975,4
SAND___,SAND___,1,2025-03-06,2025-03-06,1,1,2.8,2.7814245643331588,0.335898,1.980051,4
SASSINESS,SASSINESS,1,2025-07-22,2025-07-22,1,0,1.5,2.46938243111562,0.231442,1.725485,4
SASSY,SASSY,1,2024-10-27,2024-10-27,1,0,3.3,3.0376336995846636,0.372638,2.238094,4
"SATISFY, AS DEBTS","SATISFY, AS DEBTS",1,2025-11-10,2025-11-10,1,0,2.0,1.8603482774279372,0.134343,1.121856,4
SAUCES IN CHINESE CUISINE,SAUCES IN CHINESE CUISINE,1,2026-02-17,2026-02-17,1,0,2.8,2.6191491311657016,0.237292,1.89195,4
SAVORY STUFFED PASTRIES,SAVORY STUFFED PASTRIES,1,2026-06-03,2026-06-03,1,0,2.5,3.304633268525178,0.433861,2.484069,4
SCENTS OF WINE,SCENTS OF WINE,1,2025-02-10,2025-02-10,1,0,2.8,2.1965543766077675,0.227742,1.415281,4
SCHEME,SCHEME,1,2024-07-01,2024-07-01,1,0,3.2,3.134067062344473,0.386662,2.335022,4
SCHNOZZ,SCHNOZZ,1,2025-01-31,2025-01-31,1,0,3.0,1.787871155004026,0.073677,1.099133,4
SCHOOL FACILITIES,SCHOOL FACILITIES,1,2024-07-12,2024-07-12,1,0,3.0,3.0005264280648416,0.391998,2.17604,4
SCHOOL PERIODS,SCHOOL PERIODS,1,2025-01-25,2025-01-25,1,0,3.3,2.4837337513792477,0.281905,1.691534,4
SCHOOL SUPPLIES,SCHOOL SUPPLIES,1,2024-07-11,2024-07-11,1,0,2.4,2.1550883435132064,0.168571,1.426743,4
SCI-FI FRANCHISES,SCI-FI FRANCHISES,1,2025-02-09,2025-02-09,1,0,2.5,1.8724641570594152,0.122224,1.147915,4
"SCI-FI MOVIES, WITH “THE”","SCI-FI MOVIES, WITH “THE”",1,2024-09-27,2024-09-27,1,0,3.6,3.049613992614814,0.387416,2.2371,4
"SCRUNCH, AS FABRIC","SCRUNCH, AS FABRIC",1,2025-02-08,2025-02-08,1,0,3.8,1.8573532041703995,0.125807,1.126946,4
SECOND HALVES OF DRINK NAMES,SECOND HALVES OF DRINK NAMES,1,2026-04-17,2026-04-17,1,0,2.5,1.9065276832084024,0.133901,1.17543,4
SECOND IN A FAMOUS REAL-LIFE DUO,SECOND IN A FAMOUS REAL-LIFE DUO,1,2025-11-01,2025-11-01,1,0,3.3,3.241767150187701,0.424767,2.420832,4
SECOND NAMES IN COMPANIES WITH AMPERSANDS,SECOND NAMES IN COMPANIES WITH AMPERSANDS,1,2024-08-29,2024-08-29,1,0,3.0,3.4482942257911033,0.491517,2.591703,4
SECOND WORDS IN DAVID LYNCH TITLES,SECOND WORDS IN DAVID LYNCH TITLES,1,2025-06-30,2025-06-30,1,0,3.3,3.543662016927657,0.515863,2.677083,4
"SECOND WORDS IN POE STORIES, AFTER ""THE""","SECOND WORDS IN POE STORIES, AFTER ""THE""",1,2025-11-19,2025-11-19,1,0,2.0,3.06432948458329,0.43556,2.205887,4
SECOND WORDS IN TITLES OF ABBA HITS,SECOND WORDS IN TITLES OF ABBA HITS,1,2025-11-23,2025-11-23,1,0,3.3,2.9705400605493737,0.349052,2.184485,4
SECOND WORDS OF “PETER PAN” CHARACTERS,SECOND WORDS OF “PETER PAN” CHARACTERS,1,2025-04-15,2025-04-15,1,0,2.7,2.7561168037083834,0.321631,1.9652,4
SECOND ___,SECOND ___,1,2025-07-31,2025-07-31,1,1,2.5,3.008839798844977,0.371931,2.205672,4
SECRETED BY TREES,SECRETED BY TREES,1,2024-11-23,2024-11-23,1,0,3.0,2.731374856400687,0.298386,1.959978,4
SECTION,SECTION,1,2025-01-08,2025-01-08,1,0,3.3,2.935824675740156,0.354305,2.13929,4
SECURE IN ADVANCE,SECURE IN ADVANCE,1,2025-06-09,2025-06-09,1,0,2.5,2.659353165894057,0.251502,1.923997,4
SEEN AT A GROCERY CHECKOUT COUNTER,SEEN AT A GROCERY CHECKOUT COUNTER,1,2025-04-03,2025-04-03,1,0,3.3,4.028499712943888,0.5979,3.152879,4
SEEN AT A TEA SERVICE,SEEN AT A TEA SERVICE,1,2026-06-13,2026-06-13,1,0,1.8,1.8952609581249844,0.124869,1.171499,4
SEEN AT A WEDDING,SEEN AT A WEDDING,1,2025-10-07,2025-10-07,1,0,2.3,2.053006408176283,0.174751,1.303112,4
SEEN AT AN ICE CREAM SHOP,SEEN AT AN ICE CREAM SHOP,1,2025-06-13,2025-06-13,1,0,2.8,3.753495319655747,0.521316,2.913055,4
SEEN IN A BARN,SEEN IN A BARN,1,2025-05-20,2025-05-20,1,0,2.5,2.508705152935345,0.25437,1.7478,4
SEEN IN A BOWLING ALLEY,SEEN IN A BOWLING ALLEY,1,2026-05-06,2026-05-06,1,0,4.0,3.46799513279302,0.473152,2.632735,4
SEEN IN A CLOSET,SEEN IN A CLOSET,1,2026-03-03,2026-03-03,1,0,2.3,2.0476594288726346,0.191694,1.280017,4
SEEN IN A KITCHEN,SEEN IN A KITCHEN,1,2024-11-02,2024-11-02,1,0,3.0,3.378852157289224,0.432908,2.570415,4
SEEN IN A LOCKER ROOM,SEEN IN A LOCKER ROOM,1,2025-07-08,2025-07-08,1,0,2.5,1.653831631563098,0.095493,0.923097,4
SEEN IN A POTTERY STUDIO,SEEN IN A POTTERY STUDIO,1,2025-04-22,2025-04-22,1,0,3.0,2.1663889652469566,0.15001,1.458306,4
SEEN IN OPENING CREDITS,SEEN IN OPENING CREDITS,1,2025-06-24,2025-06-24,1,0,1.5,2.358262258168385,0.171238,1.657839,4
SEEN IN THE AFTERMATH OF A RAINSTORM,SEEN IN THE AFTERMATH OF A RAINSTORM,1,2025-06-29,2025-06-29,1,0,2.5,2.7868010945627373,0.266489,2.055646,4
SEEN IN “DONKEY KONG”,SEEN IN “DONKEY KONG”,1,2024-12-19,2024-12-19,1,0,3.3,3.477440999352195,0.486147,2.630608,4
SEEN IN “THE FLINTSTONES”,SEEN IN “THE FLINTSTONES”,1,2025-03-03,2025-03-03,1,0,3.3,2.7332930591515243,0.310471,1.9501,4
SEEN IN “THE SHINING”,SEEN IN “THE SHINING”,1,2025-01-27,2025-01-27,1,0,3.0,1.4905827561296967,0.086293,0.74447,4
SEEN ON A TABLE AT A DINNER PARTY,SEEN ON A TABLE AT A DINNER PARTY,1,2025-04-29,2025-04-29,1,0,3.3,2.2436203101661465,0.167167,1.530008,4
SEEN ON A U.S. DOLLAR BILL,SEEN ON A U.S. DOLLAR BILL,1,2024-07-01,2024-07-01,1,0,3.2,3.134067062344473,0.386662,2.335022,4
SEEN ON BACKS OF U.S. COINS,SEEN ON BACKS OF U.S. COINS,1,2024-08-31,2024-08-31,1,0,2.9,2.736116041722761,0.310531,1.953288,4
SEEN OUTSIDE A THEATER,SEEN OUTSIDE A THEATER,1,2026-04-13,2026-04-13,1,0,2.3,2.4522715758570186,0.269651,1.667589,4
SEEN WHILE GOING THROUGH AIRPORT SECURITY,SEEN WHILE GOING THROUGH AIRPORT SECURITY,1,2025-11-24,2025-11-24,1,0,2.5,2.7312149337427107,0.242163,2.016017,4
SENSIBLE,SENSIBLE,1,2026-05-30,2026-05-30,1,0,2.0,2.8885996886686813,0.339423,2.099837,4
SEQUENCE,SEQUENCE,1,2025-07-18,2025-07-18,1,0,2.5,3.408962812522576,0.486285,2.551682,4
SERIAL KILLER MOVIES,SERIAL KILLER MOVIES,1,2025-03-16,2025-03-16,1,0,3.3,3.2904688144108176,0.460119,2.441514,4
SERIES OF MESSAGES,SERIES OF MESSAGES,1,2024-10-26,2024-10-26,1,0,2.3,1.8554723746494157,0.128918,1.121671,4
SETTINGS FOR A KISS,SETTINGS FOR A KISS,1,2026-02-23,2026-02-23,1,0,1.5,2.0705335838325514,0.192379,1.30565,4
SEVEN DWARFS MINUS LAST LETTER,SEVEN DWARFS MINUS LAST LETTER,1,2024-08-18,2024-08-18,1,0,3.4,3.101512371707699,0.37471,2.309518,4
SHADES OF BLACK,SHADES OF BLACK,1,2024-09-01,2024-09-01,1,0,3.4,3.121319314385012,0.391337,2.31568,4
SHADES OF BLUE,SHADES OF BLUE,1,2025-07-14,2025-07-14,1,0,3.0,2.7860119110114185,0.331674,1.989553,4
SHADES OF GREEN,SHADES OF GREEN,1,2025-07-26,2025-07-26,1,0,2.8,3.1106705513114923,0.398894,2.295871,4
SHADES OF RED,SHADES OF RED,1,2024-12-29,2024-12-29,1,0,2.0,1.6793784070299584,0.090275,0.957708,4
SHADES OF YELLOW,SHADES OF YELLOW,1,2025-04-10,2025-04-10,1,0,2.5,2.129107864751073,0.179301,1.386121,4
SHAKESPEAREAN WORDS,SHAKESPEAREAN WORDS,1,2025-03-13,2025-03-13,1,0,3.3,3.00578996945998,0.377566,2.196528,4
SHAPES OF CHESS PIECES,SHAPES OF CHESS PIECES,1,2026-04-15,2026-04-15,1,0,1.7,2.174983938968311,0.19064,1.427565,4
SHARP FASTENERS,SHARP FASTENERS,1,2025-07-19,2025-07-19,1,0,2.8,2.921907927916682,0.348228,2.129355,4
SHARP PROTRUSION,SHARP PROTRUSION,1,2025-03-15,2025-03-15,1,0,3.3,2.9202556834992186,0.352521,2.123161,4
SHOCK ___,SHOCK ___,1,2024-08-09,2024-08-09,1,1,3.9,3.3341468212257594,0.421567,2.53032,4
SHOES,SHOES,1,2025-03-06,2025-03-06,1,0,2.8,2.7814245643331588,0.335898,1.980051,4
SHORT PERIOD OF TIME,SHORT PERIOD OF TIME,1,2025-04-12,2025-04-12,1,0,2.5,2.8222578599548567,0.372348,1.990582,4
SHORTAGE,SHORTAGE,1,2026-03-31,2026-03-31,1,0,2.8,3.102088614763342,0.362697,2.322194,4
SHOW SIGNS OF PHYSICAL EXERTION,SHOW SIGNS OF PHYSICAL EXERTION,1,2025-11-02,2025-11-02,1,0,2.0,2.225695066154697,0.153582,1.522969,4
SHOW THE WAY,SHOW THE WAY,1,2024-07-01,2024-07-01,1,0,3.2,3.134067062344473,0.386662,2.335022,4
SHTICK,SHTICK,1,2026-01-02,2026-01-02,1,0,2.3,2.967536295843033,0.352498,2.177583,4
SIDEBAR INFO ON A PERSON’S WIKIPEDIA PAGE,SIDEBAR INFO ON A PERSON’S WIKIPEDIA PAGE,1,2025-06-08,2025-06-08,1,0,2.5,2.84863379963753,0.332137,2.06114,4
"SIGNAL DOWN, AS A TAXI","SIGNAL DOWN, AS A TAXI",1,2025-03-13,2025-03-13,1,0,3.3,3.00578996945998,0.377566,2.196528,4
SIGNIFICANCE,SIGNIFICANCE,1,2024-09-27,2024-09-27,1,0,3.6,3.049613992614814,0.387416,2.2371,4
SIGNIFICANT,SIGNIFICANT,1,2025-10-10,2025-10-10,1,0,2.8,3.1123028053967086,0.413553,2.28309,4
SIGNIFY,SIGNIFY,1,2025-03-19,2025-03-19,1,0,3.0,2.9222903516640173,0.330849,2.147174,4
SILENCE,SILENCE,1,2025-05-06,2025-05-06,1,0,2.3,1.8494318177312825,0.160493,1.083146,4
"SILENT ""L""","SILENT ""L""",1,2025-12-14,2025-12-14,1,0,3.0,3.0228912641248984,0.350603,2.243167,4
"SILENT ""P""","SILENT ""P""",1,2026-03-29,2026-03-29,1,0,1.5,2.4319674823081696,0.283546,1.630333,4
"SILENT ""T""","SILENT ""T""",1,2025-12-13,2025-12-13,1,0,3.3,3.6245880967330306,0.555619,2.730437,4
"SILENT ""W""","SILENT ""W""",1,2026-03-16,2026-03-16,1,0,2.0,2.2729591647457856,0.226924,1.504007,4
SILENT ___,SILENT ___,1,2026-01-14,2026-01-14,1,1,2.0,2.8272597887410233,0.286284,2.082401,4
SILENT “K”,SILENT “K”,1,2024-06-25,2024-06-25,1,0,3.2,2.2804981274375673,0.211467,1.528138,4
SILENT “T”,SILENT “T”,1,2024-07-13,2024-07-13,1,0,2.5,2.246231221386588,0.210742,1.489437,4
SILENT “W”,SILENT “W”,1,2025-08-01,2025-08-01,1,0,2.5,3.2946702607622202,0.476209,2.430258,4
SILLY PERSON,SILLY PERSON,1,2025-07-11,2025-07-11,1,0,3.0,3.714347295956964,0.529094,2.860235,4
SIMPSON FAMILY MEMBERS WITH FIRST LETTER CHANGED,SIMPSON FAMILY MEMBERS WITH FIRST LETTER CHANGED,1,2025-02-26,2025-02-26,1,0,2.3,1.0131675573912868,0.016627,0.264843,4
SINGER-SONGWRITER PIANISTS,SINGER-SONGWRITER PIANISTS,1,2025-03-11,2025-03-11,1,0,3.3,2.1027049815771104,0.161126,1.373918,4
SINGLE ANIMAL IN A CREATIVELY SPELLED BAND NAME,SINGLE ANIMAL IN A CREATIVELY SPELLED BAND NAME,1,2025-08-03,2025-08-03,1,0,2.6,1.6716795216802003,0.095165,0.94396,4
SINGLE ROTATION,SINGLE ROTATION,1,2024-07-04,2024-07-04,1,0,2.3,1.8064065387214507,0.134243,1.059893,4
SINGULAR NOUN IN A FAMOUS “JULIUS CAESAR” LINE,SINGULAR NOUN IN A FAMOUS “JULIUS CAESAR” LINE,1,2024-10-29,2024-10-29,1,0,3.8,3.2562227678369653,0.408009,2.454222,4
SITCOMS,SITCOMS,1,2024-09-09,2024-09-09,1,0,3.3,2.751182668222881,0.300626,1.980528,4
SITUATED,SITUATED,1,2025-10-02,2025-10-02,1,0,2.0,2.397513710107924,0.218289,1.655949,4
"SIZABLE, AS AN AMOUNT","SIZABLE, AS AN AMOUNT",1,2024-12-26,2024-12-26,1,0,2.5,1.6178664164159993,0.090506,0.886704,4
SKI ___,SKI ___,1,2026-05-28,2026-05-28,1,1,1.8,2.4850365995548276,0.214286,1.760652,4
"SKIM THROUGH, AS PAGES","SKIM THROUGH, AS PAGES",1,2024-12-15,2024-12-15,1,0,3.4,2.634150571799798,0.287893,1.858609,4
SKULDUGGERY,SKULDUGGERY,1,2025-08-23,2025-08-23,1,0,1.8,1.3198687953193395,0.051243,0.583104,4
SKY___,SKY___,1,2025-09-20,2025-09-20,1,1,3.3,3.384847518673581,0.44349,2.566731,4
SLANG FOR A SAILOR,SLANG FOR A SAILOR,1,2026-05-31,2026-05-31,1,0,2.0,2.6617615663573875,0.33041,1.84786,4
SLANG FOR COFFEE,SLANG FOR COFFEE,1,2025-06-15,2025-06-15,1,0,2.3,3.09211430811694,0.404028,2.269387,4
SLANG FOR MUSICAL INSTRUMENTS,SLANG FOR MUSICAL INSTRUMENTS,1,2026-06-09,2026-06-09,1,0,2.8,2.1837231907397974,0.179989,1.448271,4
SLANG FOR PRINTED MATTER,SLANG FOR PRINTED MATTER,1,2025-07-13,2025-07-13,1,0,2.4,2.415341609892779,0.248499,1.646251,4
SLANG FOR TOILET,SLANG FOR TOILET,1,2024-08-12,2024-08-12,1,0,2.4,1.9867801757315389,0.163419,1.238247,4
SLANGY NAMES FOR PROFESSIONS,SLANGY NAMES FOR PROFESSIONS,1,2024-07-07,2024-07-07,1,0,4.2,3.522872071390716,0.494972,2.674054,4
SLENDER PROJECTIONS,SLENDER PROJECTIONS,1,2024-07-14,2024-07-14,1,0,2.6,1.9200715678782247,0.156635,1.168279,4
SLIMY ANIMALS,SLIMY ANIMALS,1,2025-01-01,2025-01-01,1,0,3.0,2.171295288096289,0.17966,1.434301,4
SMALL AMOUNT,SMALL AMOUNT,1,2024-10-04,2024-10-04,1,0,2.3,1.5320557423833003,0.103061,0.775419,4
SMALL AMOUNT OF FOOD TO TRY,SMALL AMOUNT OF FOOD TO TRY,1,2025-01-27,2025-01-27,1,0,3.0,1.4905827561296967,0.086293,0.74447,4
SMALL COMMUNITY,SMALL COMMUNITY,1,2026-05-27,2026-05-27,1,0,2.3,2.814435556032095,0.32029,2.03364,4
SMALL IMPERFECTION,SMALL IMPERFECTION,1,2025-02-19,2025-02-19,1,0,2.3,1.7641313317433238,0.102197,1.043299,4
SMALL KITCHEN APPLIANCES,SMALL KITCHEN APPLIANCES,1,2025-11-24,2025-11-24,1,0,2.5,2.7312149337427107,0.242163,2.016017,4
SMALL LIKENESS,SMALL LIKENESS,1,2025-01-21,2025-01-21,1,0,2.0,2.2311819777840745,0.215821,1.467043,4
SMALL SPHERICAL THINGS,SMALL SPHERICAL THINGS,1,2025-08-25,2025-08-25,1,0,3.2,2.895780563669777,0.353185,2.094337,4
SMALL-TIME,SMALL-TIME,1,2025-11-25,2025-11-25,1,0,2.3,3.263556612336995,0.449671,2.420998,4
SMALLEST AMOUNT,SMALLEST AMOUNT,1,2024-11-09,2024-11-09,1,0,2.0,1.934844423408801,0.148581,1.19333,4
SMARTPHONE PHOTO EDITING OPTIONS,SMARTPHONE PHOTO EDITING OPTIONS,1,2026-05-13,2026-05-13,1,0,2.2,2.5371340128253026,0.239212,1.795667,4
SMOOTH USING FRICTION,SMOOTH USING FRICTION,1,2025-02-04,2025-02-04,1,0,3.2,2.153999304978182,0.18124,1.412821,4
SNACK BRANDS PLUS STARTING LETTER,SNACK BRANDS PLUS STARTING LETTER,1,2026-03-30,2026-03-30,1,0,1.3,3.2265797125492184,0.403073,2.425052,4
SNACK CAKES,SNACK CAKES,1,2024-12-16,2024-12-16,1,0,3.3,3.801286120044301,0.547504,2.941853,4
SNEAKING SUSPICION,SNEAKING SUSPICION,1,2024-11-03,2024-11-03,1,0,2.2,1.424154882072722,0.069266,0.685068,4
SNOUTS,SNOUTS,1,2025-12-04,2025-12-04,1,0,2.0,1.6513719515518297,0.094941,0.920819,4
SNOW ___,SNOW ___,1,2026-01-24,2026-01-24,1,1,2.8,2.9298562578470886,0.337386,2.149342,4
SOCIAL GATHERING,SOCIAL GATHERING,1,2025-12-03,2025-12-03,1,0,1.7,1.4908939099968468,0.069151,0.76197,4
SOCIAL ___,SOCIAL ___,1,2025-12-18,2025-12-18,1,1,1.7,1.898899198593949,0.147915,1.152639,4
SOFTWARE PLATFORMS,SOFTWARE PLATFORMS,1,2026-01-10,2026-01-10,1,0,2.3,2.2555736597050067,0.209761,1.501167,4
SOMETHING ENTERED FOR ACCESS,SOMETHING ENTERED FOR ACCESS,1,2025-07-08,2025-07-08,1,0,2.5,1.653831631563098,0.095493,0.923097,4
SOMETHING THAT BRINGS BACK MEMORIES,SOMETHING THAT BRINGS BACK MEMORIES,1,2026-02-15,2026-02-15,1,0,2.3,2.554422173639487,0.260204,1.794566,4
SONG OF THE YEAR NOMINEES AT THE FIRST GRAMMY AWARDS,SONG OF THE YEAR NOMINEES AT THE FIRST GRAMMY AWARDS,1,2026-05-30,2026-05-30,1,0,2.0,2.8885996886686813,0.339423,2.099837,4
SONGS FROM MUSICALS,SONGS FROM MUSICALS,1,2025-10-03,2025-10-03,1,0,2.3,2.8478220183193232,0.333927,2.058416,4
SONOROUS,SONOROUS,1,2026-01-06,2026-01-06,1,0,2.0,4.131570735154601,0.647208,3.22216,4
SOPRANOS,SOPRANOS,1,2024-12-03,2024-12-03,1,0,3.8,3.7815434940881305,0.542262,2.92438,4
SORE TO THE TOUCH,SORE TO THE TOUCH,1,2024-06-24,2024-06-24,1,0,3.0,3.2748398511731387,0.420134,2.463517,4
SOUND LIKE A DOG,SOUND LIKE A DOG,1,2024-11-20,2024-11-20,1,0,2.8,2.178112860537416,0.202477,1.419328,4
SOUND LIKE THUNDER,SOUND LIKE THUNDER,1,2026-04-29,2026-04-29,1,0,1.7,2.5270684459664685,0.265304,1.757994,4
SOUNDS A CHICKEN MAKES,SOUNDS A CHICKEN MAKES,1,2026-02-16,2026-02-16,1,0,3.0,3.9240267600412397,0.574541,3.056036,4
SOUNDS A CUCKOO CLOCK MAKES,SOUNDS A CUCKOO CLOCK MAKES,1,2025-02-19,2025-02-19,1,0,2.3,1.7641313317433238,0.102197,1.043299,4
SOUNDS OF LAUGHTER,SOUNDS OF LAUGHTER,1,2024-10-07,2024-10-07,1,0,3.2,3.51396246722269,0.503943,2.654832,4
SOUNDS OF THUNDER,SOUNDS OF THUNDER,1,2024-10-14,2024-10-14,1,0,3.5,2.388562386985644,0.232699,1.63124,4
SOURCES OF DISTINCTIVE SMELLS,SOURCES OF DISTINCTIVE SMELLS,1,2026-05-29,2026-05-29,1,0,3.3,2.9416088349185983,0.33474,2.16551,4
SOURCES OF DRINKING WATER,SOURCES OF DRINKING WATER,1,2025-07-19,2025-07-19,1,0,2.8,2.921907927916682,0.348228,2.129355,4
SOURCES OF VITAMINS,SOURCES OF VITAMINS,1,2025-04-11,2025-04-11,1,0,2.5,2.2261713575491053,0.186741,1.490358,4
SPACES ON A MONOPOLY BOARD,SPACES ON A MONOPOLY BOARD,1,2025-05-19,2025-05-19,1,0,3.0,2.582511197881245,0.303716,1.783372,4
SPARE ___,SPARE ___,1,2026-01-28,2026-01-28,1,1,2.3,2.894525518462614,0.341293,2.104785,4
SPARKLING THINGS,SPARKLING THINGS,1,2024-08-30,2024-08-30,1,0,3.9,2.681144366333111,0.275145,1.925426,4
SPEAK,SPEAK,1,2026-06-07,2026-06-07,1,0,2.8,2.8718390987968436,0.338317,2.081659,4
SPECIAL EDITION ADJECTIVES,SPECIAL EDITION ADJECTIVES,1,2024-09-21,2024-09-21,1,0,2.2,1.8738087241892498,0.120147,1.151539,4
SPECIFICATIONS FOR A BARTENDER,SPECIFICATIONS FOR A BARTENDER,1,2024-09-26,2024-09-26,1,0,2.6,2.364572249999413,0.261564,1.574773,4
SPECS ON CONSUMER PACKAGING,SPECS ON CONSUMER PACKAGING,1,2025-08-11,2025-08-11,1,0,1.8,2.1003426457924363,0.182595,1.349731,4
SPEED ___,SPEED ___,1,2025-01-28,2025-01-28,1,1,3.5,3.4157317128504063,0.473291,2.572464,4
SPELLING BEE RANKS MINUS A LETTER,SPELLING BEE RANKS MINUS A LETTER,1,2025-06-09,2025-06-09,1,0,2.5,2.659353165894057,0.251502,1.923997,4
SPEND THE NIGHT (AT),SPEND THE NIGHT (AT),1,2025-02-20,2025-02-20,1,0,4.0,1.9600244197361716,0.122671,1.248211,4
SPEND TIME AT,SPEND TIME AT,1,2024-07-08,2024-07-08,1,0,2.3,1.9858197706387999,0.179898,1.220663,4
SPHERES IN MILK TEA,SPHERES IN MILK TEA,1,2024-11-21,2024-11-21,1,0,3.3,2.8539208079444367,0.340128,2.059232,4
SPICES,SPICES,1,2024-12-15,2024-12-15,1,0,3.4,2.634150571799798,0.287893,1.858609,4
SPIKY THINGS,SPIKY THINGS,1,2024-09-16,2024-09-16,1,0,3.2,3.15144648337109,0.399645,2.342035,4
SPLASHY WAYS TO ENTER A POOL,SPLASHY WAYS TO ENTER A POOL,1,2024-08-08,2024-08-08,1,0,2.3,1.5371863046117522,0.078569,0.805814,4
SPLENDID,SPLENDID,1,2025-08-15,2025-08-15,1,0,2.5,2.8880017169910306,0.313854,2.124718,4
SPOKEN COMMUNICATION,SPOKEN COMMUNICATION,1,2024-08-17,2024-08-17,1,0,1.8,1.5772538835938996,0.055976,0.874507,4
SPOKEN PRESENTATION,SPOKEN PRESENTATION,1,2025-04-19,2025-04-19,1,0,3.0,2.172673751876456,0.202768,1.412779,4
SPOOL,SPOOL,1,2026-01-04,2026-01-04,1,0,0.5,2.6023772424104195,0.266203,1.843742,4
SPORTS CARS,SPORTS CARS,1,2024-10-31,2024-10-31,1,0,3.3,3.0615482209663076,0.325338,2.312909,4
SPORTS GAMBLING TERMS,SPORTS GAMBLING TERMS,1,2025-02-04,2025-02-04,1,0,3.2,2.153999304978182,0.18124,1.412821,4
SPORTSMANLIKE,SPORTSMANLIKE,1,2026-03-04,2026-03-04,1,0,2.0,2.0533810096196947,0.165819,1.312475,4
SPREAD OVER,SPREAD OVER,1,2026-01-17,2026-01-17,1,0,2.0,2.512744069194131,0.215584,1.791233,4
SPRING ___,SPRING ___,1,2025-06-07,2025-06-07,1,1,2.5,3.5283216097902406,0.490953,2.684343,4
SPRINKLE,SPRINKLE,1,2025-02-10,2025-02-10,1,0,2.8,2.1965543766077675,0.227742,1.415281,4
SPY,SPY,1,2025-01-16,2025-01-16,1,0,2.0,2.3881399825738145,0.224743,1.63871,4
"SQUANDER, WITH “AWAY”","SQUANDER, WITH “AWAY”",1,2025-09-27,2025-09-27,1,0,2.8,1.6211761201202082,0.077404,0.903614,4
SQUARELY,SQUARELY,1,2025-06-18,2025-06-18,1,0,3.0,2.6930725106704427,0.34448,1.869815,4
STADIUMS,STADIUMS,1,2024-07-29,2024-07-29,1,0,3.3,3.234081302011147,0.410761,2.425995,4
STAGED PERFORMANCES,STAGED PERFORMANCES,1,2026-05-02,2026-05-02,1,0,1.3,1.515234312369841,0.087486,0.77164,4
STANDING ___,STANDING ___,1,2026-04-29,2026-04-29,1,1,1.7,2.5270684459664685,0.265304,1.757994,4
STARTING POINT,STARTING POINT,1,2025-04-25,2025-04-25,1,0,2.3,1.73953713906528,0.118355,0.998844,4
STARTING WITH ANIMAL GROUP NAMES,STARTING WITH ANIMAL GROUP NAMES,1,2026-06-12,2026-06-12,1,0,3.0,2.9090697888896693,0.396366,2.066446,4
STARTING WITH BABY ANIMALS,STARTING WITH BABY ANIMALS,1,2026-03-31,2026-03-31,1,0,2.8,3.102088614763342,0.362697,2.322194,4
STARTING WITH BASEBALL GEAR,STARTING WITH BASEBALL GEAR,1,2026-01-27,2026-01-27,1,0,2.8,3.564283348357818,0.522299,2.694373,4
STARTING WITH BODIES OF WATER,STARTING WITH BODIES OF WATER,1,2025-12-31,2025-12-31,1,0,2.5,2.2964460668463182,0.237009,1.520945,4
STARTING WITH CANDY BARS,STARTING WITH CANDY BARS,1,2026-01-08,2026-01-08,1,0,3.0,2.580636452374423,0.253841,1.83109,4
STARTING WITH CONSTELLATIONS,STARTING WITH CONSTELLATIONS,1,2025-03-16,2025-03-16,1,0,3.3,3.2904688144108176,0.460119,2.441514,4
STARTING WITH EUROPEAN CAPITALS,STARTING WITH EUROPEAN CAPITALS,1,2025-01-30,2025-01-30,1,0,2.8,2.110817579889895,0.167392,1.376986,4
STARTING WITH EXPLOSIVE ONOMATOPOEIA,STARTING WITH EXPLOSIVE ONOMATOPOEIA,1,2026-06-22,2026-06-22,1,0,2.0,1.7773988283412083,0.129023,1.031738,4
STARTING WITH FAMILIAR NAMES FOR KINDS OF DOGS,STARTING WITH FAMILIAR NAMES FOR KINDS OF DOGS,1,2026-05-04,2026-05-04,1,0,2.0,3.8087859712164693,0.551555,2.946431,4
STARTING WITH FOUR-LETTER '80S BANDS,STARTING WITH FOUR-LETTER '80S BANDS,1,2026-04-23,2026-04-23,1,0,2.3,3.014270216057134,0.414138,2.169713,4
STARTING WITH GREEK NUMERICAL PREFIXES,STARTING WITH GREEK NUMERICAL PREFIXES,1,2025-07-30,2025-07-30,1,0,3.0,2.3801933909331687,0.249249,1.605061,4
STARTING WITH HERPETOFAUNA,STARTING WITH HERPETOFAUNA,1,2025-12-06,2025-12-06,1,0,2.0,2.7282485422662233,0.2955,1.959267,4
STARTING WITH HIGH SCHOOL/COLLEGE ABBREVIATIONS,STARTING WITH HIGH SCHOOL/COLLEGE ABBREVIATIONS,1,2025-07-02,2025-07-02,1,0,3.5,3.893702295167332,0.593926,3.001761,4
STARTING WITH HOMOPHONES OF GREETINGS,STARTING WITH HOMOPHONES OF GREETINGS,1,2025-10-06,2025-10-06,1,0,2.5,3.0527029335194245,0.365426,2.262644,4
STARTING WITH INCANTATIONS,STARTING WITH INCANTATIONS,1,2026-06-12,2026-06-12,1,0,3.0,2.9090697888896693,0.396366,2.066446,4
STARTING WITH KINDS OF INSULTS,STARTING WITH KINDS OF INSULTS,1,2026-06-21,2026-06-21,1,0,1.7,2.23782485210426,0.21947,1.471037,4
STARTING WITH LETTER HOMOPHONES,STARTING WITH LETTER HOMOPHONES,1,2025-12-01,2025-12-01,1,0,3.3,3.172793550776307,0.429061,2.33718,4
STARTING WITH MAGAZINES,STARTING WITH MAGAZINES,1,2026-06-19,2026-06-19,1,0,2.0,3.3674237712580686,0.445111,2.545063,4
"STARTING WITH MATH AND SCIENCE CLASSES, FOR SHORT","STARTING WITH MATH AND SCIENCE CLASSES, FOR SHORT",1,2025-08-10,2025-08-10,1,0,2.5,2.876260438802965,0.334613,2.09045,4
STARTING WITH METHODS OF TRANSPORTATION,STARTING WITH METHODS OF TRANSPORTATION,1,2025-06-16,2025-06-16,1,0,2.8,2.1388205587885025,0.206073,1.370524,4
STARTING WITH NAME HOMOPHONES,STARTING WITH NAME HOMOPHONES,1,2026-05-22,2026-05-22,1,0,1.8,2.0320661005750487,0.166797,1.286973,4
STARTING WITH NBA TEAMS,STARTING WITH NBA TEAMS,1,2026-02-04,2026-02-04,1,0,2.0,3.1812755356632225,0.38682,2.38918,4
STARTING WITH NEWSPAPER NAMES,STARTING WITH NEWSPAPER NAMES,1,2026-05-02,2026-05-02,1,0,1.3,1.515234312369841,0.087486,0.77164,4
STARTING WITH OPTIMISTIC WORDS,STARTING WITH OPTIMISTIC WORDS,1,2025-11-25,2025-11-25,1,0,2.3,3.263556612336995,0.449671,2.420998,4
STARTING WITH PARTS OF A RIVER,STARTING WITH PARTS OF A RIVER,1,2026-06-12,2026-06-12,1,0,3.0,2.9090697888896693,0.396366,2.066446,4
STARTING WITH PARTS OF A WHEEL,STARTING WITH PARTS OF A WHEEL,1,2026-02-10,2026-02-10,1,0,1.5,2.642562155951408,0.302715,1.853465,4
STARTING WITH PERCUSSION INSTRUMENTS,STARTING WITH PERCUSSION INSTRUMENTS,1,2025-12-16,2025-12-16,1,0,2.7,3.0271344294305567,0.376569,2.222083,4
STARTING WITH PIXAR MOVIES,STARTING WITH PIXAR MOVIES,1,2024-08-19,2024-08-19,1,0,3.0,2.713610404192095,0.347465,1.89046,4
STARTING WITH POSSESSIVE DETERMINERS,STARTING WITH POSSESSIVE DETERMINERS,1,2025-09-02,2025-09-02,1,0,2.8,2.037008927509354,0.195516,1.263941,4
STARTING WITH POSSESSIVE PRONOUNS,STARTING WITH POSSESSIVE PRONOUNS,1,2024-12-28,2024-12-28,1,0,3.8,3.763862479788047,0.569377,2.876922,4
"STARTING WITH PREFIXES MEANING ""TWO""","STARTING WITH PREFIXES MEANING ""TWO""",1,2026-03-14,2026-03-14,1,0,2.0,2.734235212201777,0.305861,1.955794,4
STARTING WITH SILENT LETTERS,STARTING WITH SILENT LETTERS,1,2025-05-14,2025-05-14,1,0,3.3,2.493268270716214,0.256976,1.727433,4
STARTING WITH SLANG FOR SAUSAGE,STARTING WITH SLANG FOR SAUSAGE,1,2025-12-23,2025-12-23,1,0,1.0,3.28005298216522,0.442515,2.447134,4
STARTING WITH SLANG FOR ZERO,STARTING WITH SLANG FOR ZERO,1,2026-03-08,2026-03-08,1,0,2.8,3.4363973706694626,0.48459,2.584942,4
STARTING WITH SODA BRANDS,STARTING WITH SODA BRANDS,1,2026-04-18,2026-04-18,1,0,1.5,1.562966880051415,0.086425,0.82762,4
"STARTING WITH SYNONYMS FOR ""DUD""","STARTING WITH SYNONYMS FOR ""DUD""",1,2026-02-17,2026-02-17,1,0,2.8,2.6191491311657016,0.237292,1.89195,4
"STARTING WITH SYNONYMS FOR ""EAT""","STARTING WITH SYNONYMS FOR ""EAT""",1,2025-11-21,2025-11-21,1,0,3.5,3.631386547986791,0.50357,2.790308,4
"STARTING WITH SYNONYMS FOR ""HANKER FOR""","STARTING WITH SYNONYMS FOR ""HANKER FOR""",1,2026-01-20,2026-01-20,1,0,2.0,2.331325720037914,0.213782,1.584303,4
"STARTING WITH SYNONYMS FOR ""ILK""","STARTING WITH SYNONYMS FOR ""ILK""",1,2026-06-17,2026-06-17,1,0,2.0,3.0830917151144748,0.40319,2.259844,4
"STARTING WITH SYNONYMS FOR ""REPEAT""","STARTING WITH SYNONYMS FOR ""REPEAT""",1,2026-06-12,2026-06-12,1,0,3.0,2.9090697888896693,0.396366,2.066446,4
"STARTING WITH SYNONYMS FOR ""SCRAM!""","STARTING WITH SYNONYMS FOR ""SCRAM!""",1,2025-11-17,2025-11-17,1,0,2.7,3.0165369459049747,0.346476,2.239983,4
"STARTING WITH SYNONYMS FOR ""SLUSH""","STARTING WITH SYNONYMS FOR ""SLUSH""",1,2026-04-05,2026-04-05,1,0,3.5,3.38442076853735,0.483485,2.526245,4
"STARTING WITH SYNONYMS FOR ""SPEEDY""","STARTING WITH SYNONYMS FOR ""SPEEDY""",1,2026-03-03,2026-03-03,1,0,2.3,2.0476594288726346,0.191694,1.280017,4
"STARTING WITH SYNONYMS FOR ""THROW""","STARTING WITH SYNONYMS FOR ""THROW""",1,2026-04-25,2026-04-25,1,0,2.3,2.6548735931809553,0.3184,1.851945,4
STARTING WITH SYNONYMS FOR LAVATORY,STARTING WITH SYNONYMS FOR LAVATORY,1,2024-12-04,2024-12-04,1,0,3.8,3.7292931113187215,0.55797,2.848555,4
STARTING WITH SYNONYMS FOR “TEASE”,STARTING WITH SYNONYMS FOR “TEASE”,1,2025-05-06,2025-05-06,1,0,2.3,1.8494318177312825,0.160493,1.083146,4
"STARTING WITH THE SAME SOUND, SPELLED DIFFERENTLY","STARTING WITH THE SAME SOUND, SPELLED DIFFERENTLY",1,2026-03-09,2026-03-09,1,0,2.3,1.8247611403037718,0.149361,1.065893,4
STARTING WITH TITLES,STARTING WITH TITLES,1,2025-06-12,2025-06-12,1,0,2.5,2.745614056974755,0.321952,1.952795,4
STARTING WITH UNITS IN COMPETITIONS,STARTING WITH UNITS IN COMPETITIONS,1,2026-05-05,2026-05-05,1,0,2.5,3.3443662267284076,0.442656,2.520989,4
STARTING WITH VEGETABLES,STARTING WITH VEGETABLES,1,2024-07-28,2024-07-28,1,0,2.7,2.6770924129011204,0.298534,1.897375,4
STARTING WITH WAYS TO MOVE QUICKLY,STARTING WITH WAYS TO MOVE QUICKLY,1,2025-08-19,2025-08-19,1,0,3.0,2.4057679790361988,0.257291,1.626444,4
STARTING WITH WAYS TO REACH SOMEONE VIA PHONE,STARTING WITH WAYS TO REACH SOMEONE VIA PHONE,1,2026-02-15,2026-02-15,1,0,2.3,2.554422173639487,0.260204,1.794566,4
STARTING WITH WEATHER CONDITIONS,STARTING WITH WEATHER CONDITIONS,1,2026-01-14,2026-01-14,1,0,2.0,2.8272597887410233,0.286284,2.082401,4
"STARTING WITH “SHAKE, RATTLE AND ROLL”","STARTING WITH “SHAKE, RATTLE AND ROLL”",1,2025-02-12,2025-02-12,1,0,4.0,3.7979964066723397,0.573459,2.912113,4
STARTS OF AFRICAN COUNTRIES,STARTS OF AFRICAN COUNTRIES,1,2025-04-12,2025-04-12,1,0,2.5,2.8222578599548567,0.372348,1.990582,4
STARTS OF BROADWAY MUSICALS,STARTS OF BROADWAY MUSICALS,1,2024-07-16,2024-07-16,1,0,2.6,2.320219786757353,0.259026,1.526281,4
STARTS OF CELL PHONE MAKERS,STARTS OF CELL PHONE MAKERS,1,2024-10-12,2024-10-12,1,0,2.4,1.8736531472556748,0.16784,1.103667,4
STARTS OF CLASSIC HIP-HOP GROUPS,STARTS OF CLASSIC HIP-HOP GROUPS,1,2026-06-04,2026-06-04,1,0,3.3,3.960536059883411,0.601319,3.071264,4
STARTS OF CULINARY NUTS,STARTS OF CULINARY NUTS,1,2025-08-15,2025-08-15,1,0,2.5,2.8880017169910306,0.313854,2.124718,4
STARTS OF EUROPEAN CAPITALS,STARTS OF EUROPEAN CAPITALS,1,2025-07-26,2025-07-26,1,0,2.8,3.1106705513114923,0.398894,2.295871,4
STARTS OF EUROPEAN COUNTRIES,STARTS OF EUROPEAN COUNTRIES,1,2025-06-21,2025-06-21,1,0,3.5,4.17297592810754,0.650129,3.266878,4
STARTS OF GREEK LETTERS,STARTS OF GREEK LETTERS,1,2025-07-16,2025-07-16,1,0,2.8,2.7506907322206273,0.299359,1.981229,4
STARTS OF ONE-WORD JAMES BOND MOVIE TITLES,STARTS OF ONE-WORD JAMES BOND MOVIE TITLES,1,2026-04-21,2026-04-21,1,0,1.5,2.1829600815348877,0.212867,1.414515,4
STARTS OF PASTA NAMES,STARTS OF PASTA NAMES,1,2024-11-21,2024-11-21,1,0,3.3,2.8539208079444367,0.340128,2.059232,4
STARTS OF SWIMMING STROKES,STARTS OF SWIMMING STROKES,1,2025-01-31,2025-01-31,1,0,3.0,1.787871155004026,0.073677,1.099133,4
STARTS OF TEENAGE MUTANT NINJA TURTLES,STARTS OF TEENAGE MUTANT NINJA TURTLES,1,2025-07-19,2025-07-19,1,0,2.8,2.921907927916682,0.348228,2.129355,4
STARTS OF U.S. PRESIDENTS,STARTS OF U.S. PRESIDENTS,1,2024-07-17,2024-07-17,1,0,2.7,3.27501454929408,0.401633,2.482219,4
STARTS OF ZODIAC SIGNS,STARTS OF ZODIAC SIGNS,1,2025-11-02,2025-11-02,1,0,2.0,2.225695066154697,0.153582,1.522969,4
STAR___,STAR___,1,2025-08-13,2025-08-13,1,1,2.0,3.5164612587535724,0.499827,2.661823,4
STATE ABBREVIATIONS,STATE ABBREVIATIONS,1,2025-07-25,2025-07-25,1,0,2.3,2.569994642459945,0.260515,1.812172,4
STATE OF AFFAIRS,STATE OF AFFAIRS,1,2025-12-05,2025-12-05,1,0,1.7,2.2335825559434817,0.209185,1.476441,4
STATED,STATED,1,2024-08-13,2024-08-13,1,0,2.8,2.4887739225401475,0.244064,1.735174,4
STAYING POWER,STAYING POWER,1,2026-06-15,2026-06-15,1,0,2.0,1.6075322837891504,0.086282,0.879038,4
STEAK CUTS,STEAK CUTS,1,2024-10-05,2024-10-05,1,0,3.2,2.9732665680388966,0.361776,2.174898,4
STEP IN A PROCESS,STEP IN A PROCESS,1,2026-04-29,2026-04-29,1,0,1.7,2.5270684459664685,0.265304,1.757994,4
"STEP ONTO, AS A VEHICLE","STEP ONTO, AS A VEHICLE",1,2026-03-28,2026-03-28,1,0,2.8,3.440776991721329,0.425416,2.649155,4
STIPULATION,STIPULATION,1,2026-04-26,2026-04-26,1,0,2.3,2.2387357159388213,0.207333,1.484222,4
STIR VIGOROUSLY,STIR VIGOROUSLY,1,2025-09-26,2025-09-26,1,0,3.0,2.61430191016823,0.254204,1.869461,4
STOP CHANGING,STOP CHANGING,1,2025-05-05,2025-05-05,1,0,3.3,2.058707129446215,0.152308,1.332114,4
"STOP, AS A HABIT","STOP, AS A HABIT",1,2025-05-01,2025-05-01,1,0,4.5,3.541751636480742,0.488085,2.702663,4
STORAGE CONTAINERS,STORAGE CONTAINERS,1,2025-01-31,2025-01-31,1,0,3.0,1.787871155004026,0.073677,1.099133,4
STOVE KNOB SETTINGS,STOVE KNOB SETTINGS,1,2026-05-20,2026-05-20,1,0,,2.3939563001128286,0.215413,1.654732,4
STREETS WITH SYMBOLIC IMPORTANCE,STREETS WITH SYMBOLIC IMPORTANCE,1,2025-09-14,2025-09-14,1,0,2.0,2.529249999616039,0.256265,1.769543,4
STRESS RESPONSES,STRESS RESPONSES,1,2026-02-16,2026-02-16,1,0,3.0,3.9240267600412397,0.574541,3.056036,4
"STRETCH, AS ONE’S PATIENCE","STRETCH, AS ONE’S PATIENCE",1,2024-08-02,2024-08-02,1,0,3.4,3.511741802053506,0.52248,2.63374,4
STREW,STREW,1,2025-09-24,2025-09-24,1,0,2.0,1.7512923235714306,0.131339,0.999385,4
STRICT,STRICT,1,2025-06-24,2025-06-24,1,0,1.5,2.358262258168385,0.171238,1.657839,4
STRIKE,STRIKE,1,2025-01-17,2025-01-17,1,0,3.5,3.3657932554626133,0.415025,2.573273,4
STRIKE A ___,STRIKE A ___,1,2025-02-01,2025-02-01,1,1,2.4,1.9855564197400666,0.127023,1.273235,4
STRING ___,STRING ___,1,2024-09-26,2024-09-26,1,1,2.6,2.364572249999413,0.261564,1.574773,4
STRINGS TIED IN KNOTS,STRINGS TIED IN KNOTS,1,2026-05-09,2026-05-09,1,0,2.3,2.826574033430461,0.292963,2.074933,4
STRIPED ANIMALS,STRIPED ANIMALS,1,2025-12-09,2025-12-09,1,0,2.7,3.504623505483793,0.482117,2.665913,4
STRIPY THINGS,STRIPY THINGS,1,2025-11-16,2025-11-16,1,0,1.7,2.719052120287696,0.264396,1.97979,4
STRUCTURAL SUPPORTS,STRUCTURAL SUPPORTS,1,2026-04-11,2026-04-11,1,0,2.5,2.1553551709914607,0.172479,1.423142,4
STRUCTURES BY THE SHORE,STRUCTURES BY THE SHORE,1,2025-02-19,2025-02-19,1,0,2.3,1.7641313317433238,0.102197,1.043299,4
STYLES OF BEER,STYLES OF BEER,1,2024-12-18,2024-12-18,1,0,3.3,2.743898364981029,0.315183,1.95759,4
SUBJECTS IN TENNESSEE WILLIAMS TITLES,SUBJECTS IN TENNESSEE WILLIAMS TITLES,1,2026-06-01,2026-06-01,1,0,3.0,3.2942791455660823,0.447615,2.458402,4
SUBJECTS OF ACCLAIMED MUSICAL BIOPICS,SUBJECTS OF ACCLAIMED MUSICAL BIOPICS,1,2025-03-07,2025-03-07,1,0,4.3,2.8505320120561204,0.345278,2.050183,4
SUBSEQUENT,SUBSEQUENT,1,2025-12-22,2025-12-22,1,0,2.0,2.494227806664073,0.264537,1.720976,4
SUBSTANTIAL BOOK,SUBSTANTIAL BOOK,1,2026-05-12,2026-05-12,1,0,3.3,3.9957268669421566,0.62178,3.091292,4
"SUBSTANTIAL, AS A MEAL","SUBSTANTIAL, AS A MEAL",1,2025-02-18,2025-02-18,1,0,2.5,1.7264764989489083,0.105464,0.996708,4
SUBTERRANEAN TRANSIT,SUBTERRANEAN TRANSIT,1,2025-08-05,2025-08-05,1,0,2.0,2.105786969322679,0.218317,1.320273,4
SUFFIXES,SUFFIXES,1,2026-01-25,2026-01-25,1,0,2.3,2.5856070919448984,0.27437,1.81628,4
SUITABLE,SUITABLE,1,2025-05-29,2025-05-29,1,0,2.0,2.058362948073614,0.159779,1.324247,4
SUMMARY,SUMMARY,1,2025-10-14,2025-10-14,1,0,2.8,3.5244130652635,0.484387,2.686412,4
SUMMER OLYMPIC EVENTS,SUMMER OLYMPIC EVENTS,1,2025-12-29,2025-12-29,1,0,2.3,1.440046327064253,0.063103,0.709515,4
SUN___,SUN___,1,2026-04-28,2026-04-28,1,1,3.0,2.953163246957398,0.331467,2.182077,4
SUPPLIES FOR MACARONI ART,SUPPLIES FOR MACARONI ART,1,2025-02-22,2025-02-22,1,0,3.0,2.4449611982687576,0.229145,1.699684,4
SUPPLY,SUPPLY,1,2025-04-10,2025-04-10,1,0,2.5,2.129107864751073,0.179301,1.386121,4
SUPPORT,SUPPORT,1,2026-04-02,2026-04-02,1,0,2.3,2.772527997338338,0.309351,1.996362,4
SUPPORT AUDIBLY,SUPPORT AUDIBLY,1,2025-06-04,2025-06-04,1,0,2.0,2.9533457673822627,0.369836,2.143918,4
SUPPORTER,SUPPORTER,1,2024-08-09,2024-08-09,1,0,3.9,3.3341468212257594,0.421567,2.53032,4
SUPPRESS,SUPPRESS,1,2026-02-08,2026-02-08,1,0,2.0,2.753749253054427,0.298413,1.985694,4
SURPASS,SURPASS,1,2025-09-14,2025-09-14,1,0,2.0,2.529249999616039,0.256265,1.769543,4
SURVIVE,SURVIVE,1,2024-08-05,2024-08-05,1,0,2.6,1.6016690324266003,0.097135,0.861439,4
SWEDISH ___,SWEDISH ___,1,2025-04-27,2025-04-27,1,1,3.2,3.1361903832870626,0.424343,2.299784,4
SWEET ___,SWEET ___,1,2025-09-24,2025-09-24,1,1,2.0,1.7512923235714306,0.131339,0.999385,4
SWIG,SWIG,1,2025-09-09,2025-09-09,1,0,3.3,2.5933337899308264,0.279393,1.820147,4
SYMBOLS OF INNOCENCE,SYMBOLS OF INNOCENCE,1,2026-06-09,2026-06-09,1,0,2.8,2.1837231907397974,0.179989,1.448271,4
SYMBOLS OF SCOTLAND,SYMBOLS OF SCOTLAND,1,2026-02-24,2026-02-24,1,0,2.3,2.3285253352335653,0.22813,1.566733,4
SYMBOLS ON A KEYBOARD,SYMBOLS ON A KEYBOARD,1,2024-09-04,2024-09-04,1,0,2.7,2.4273314635166128,0.249625,1.65892,4
SYMBOLS USED IN ARITHMETIC,SYMBOLS USED IN ARITHMETIC,1,2026-02-07,2026-02-07,1,0,2.3,2.9858387487325357,0.322807,2.228332,4
SYNONYMS FOR BUTT PLUS STARTING LETTER,SYNONYMS FOR BUTT PLUS STARTING LETTER,1,2026-01-04,2026-01-04,1,0,0.5,2.6023772424104195,0.266203,1.843742,4
SYNONYMS FOR REAR END MINUS LAST LETTER,SYNONYMS FOR REAR END MINUS LAST LETTER,1,2025-01-06,2025-01-06,1,0,2.8,2.5774258311865696,0.297116,1.784121,4
TABLE TENNIS NEEDS,TABLE TENNIS NEEDS,1,2024-10-20,2024-10-20,1,0,2.0,2.0582117168644407,0.181713,1.302139,4
TAKE ISSUE,TAKE ISSUE,1,2024-08-06,2024-08-06,1,0,2.7,2.3895253995130235,0.204021,1.661026,4
TAKE ISSUE WITH,TAKE ISSUE WITH,1,2025-02-01,2025-02-01,1,0,2.4,1.9855564197400666,0.127023,1.273235,4
TAKE OFF,TAKE OFF,1,2026-01-10,2026-01-10,1,0,2.3,2.2555736597050067,0.209761,1.501167,4
"TAKE ON, AS A RESPONSIBILITY","TAKE ON, AS A RESPONSIBILITY",1,2025-01-20,2025-01-20,1,0,3.0,2.5960637739998704,0.276398,1.826283,4
TAKE TO COURT,TAKE TO COURT,1,2025-11-01,2025-11-01,1,0,3.3,3.241767150187701,0.424767,2.420832,4
TAKES ON,TAKES ON,1,2025-10-21,2025-10-21,1,0,2.0,1.908874374385231,0.141799,1.170232,4
TANGIBLE,TANGIBLE,1,2024-07-03,2024-07-03,1,0,2.8,2.5739353453472567,0.295687,1.781534,4
TARGET,TARGET,1,2026-03-21,2026-03-21,1,0,2.3,3.4058799556321273,0.456952,2.577468,4
"TAROT CARDS, WITH ""THE""","TAROT CARDS, WITH ""THE""",1,2025-10-10,2025-10-10,1,0,2.8,3.1123028053967086,0.413553,2.28309,4
TAROT MINOR ARCANA SUITS,TAROT MINOR ARCANA SUITS,1,2025-05-07,2025-05-07,1,0,2.8,2.6642942545386017,0.274033,1.907151,4
TASKS FOR A STUDENT,TASKS FOR A STUDENT,1,2025-05-18,2025-05-18,1,0,2.3,2.3951548509027716,0.239781,1.631743,4
TEA-MAKING VERBS,TEA-MAKING VERBS,1,2026-05-17,2026-05-17,1,0,1.5,2.902125321296017,0.306552,2.14827,4
TEACH,TEACH,1,2025-01-13,2025-01-13,1,0,2.6,1.8331023237200768,0.107055,1.117796,4
TEAM,TEAM,1,2025-10-07,2025-10-07,1,0,2.3,2.053006408176283,0.174751,1.303112,4
TECH COMPANIES,TECH COMPANIES,1,2024-12-05,2024-12-05,1,0,3.4,3.064551985672648,0.377292,2.264411,4
TEDIOUS UNDERTAKING,TEDIOUS UNDERTAKING,1,2026-04-15,2026-04-15,1,0,1.7,2.174983938968311,0.19064,1.427565,4
TELLING OF EVENTS,TELLING OF EVENTS,1,2024-11-23,2024-11-23,1,0,3.0,2.731374856400687,0.298386,1.959978,4
TEMPLATE,TEMPLATE,1,2025-02-13,2025-02-13,1,0,3.0,2.2986067610187613,0.195981,1.564459,4
TENDENCY,TENDENCY,1,2025-12-29,2025-12-29,1,0,2.3,1.440046327064253,0.063103,0.709515,4
TENDER-HEARTED PERSON,TENDER-HEARTED PERSON,1,2026-05-04,2026-05-04,1,0,2.0,3.8087859712164693,0.551555,2.946431,4
TENNIS COMPETITION UNITS,TENNIS COMPETITION UNITS,1,2025-05-06,2025-05-06,1,0,2.3,1.8494318177312825,0.160493,1.083146,4
TENNIS SCORING TERMS,TENNIS SCORING TERMS,1,2026-05-21,2026-05-21,1,0,3.0,3.9624221042736765,0.589095,3.085658,4
TERM,TERM,1,2025-01-14,2025-01-14,1,0,3.3,2.269878046145098,0.223543,1.503843,4
TEXTBOOK IMAGES,TEXTBOOK IMAGES,1,2026-03-28,2026-03-28,1,0,2.8,3.440776991721329,0.425416,2.649155,4
TEXTILE PATTERNS,TEXTILE PATTERNS,1,2025-11-07,2025-11-07,1,0,1.3,1.4367122873033955,0.067654,0.701128,4
TEXTING ABBREVIATIONS,TEXTING ABBREVIATIONS,1,2026-05-25,2026-05-25,1,0,3.0,2.955499508395663,0.358612,2.15762,4
THE LITTLE ___,THE LITTLE ___,1,2024-10-27,2024-10-27,1,1,3.3,3.0376336995846636,0.372638,2.238094,4
THE WAY THINGS ARE DONE,THE WAY THINGS ARE DONE,1,2026-05-22,2026-05-22,1,0,1.8,2.0320661005750487,0.166797,1.286973,4
THERMOSTAT SETTINGS,THERMOSTAT SETTINGS,1,2026-04-16,2026-04-16,1,0,2.0,3.1183398857353204,0.387739,2.31585,4
THEY FEATURE A BOSS,THEY FEATURE A BOSS,1,2026-03-09,2026-03-09,1,0,2.3,1.8247611403037718,0.149361,1.065893,4
THEY HAVE A HORN,THEY HAVE A HORN,1,2024-12-27,2024-12-27,1,0,2.8,2.5990527632432454,0.303449,1.802671,4
THEY HAVE BLADES,THEY HAVE BLADES,1,2026-04-24,2026-04-24,1,0,2.0,3.1323565852200295,0.428364,2.291352,4
THEY HAVE BOLTS,THEY HAVE BOLTS,1,2026-03-26,2026-03-26,1,0,3.3,2.96945189115923,0.369003,2.163282,4
THEY HAVE CAPS,THEY HAVE CAPS,1,2026-04-13,2026-04-13,1,0,2.3,2.4522715758570186,0.269651,1.667589,4
THEY HAVE LITERAL/IDIOMATIC EARS,THEY HAVE LITERAL/IDIOMATIC EARS,1,2025-04-24,2025-04-24,1,0,2.8,2.2813672723178744,0.220358,1.520247,4
THEY HAVE RAYS,THEY HAVE RAYS,1,2025-01-19,2025-01-19,1,0,3.0,2.6011169823339744,0.28358,1.824915,4
THEY MOVE IN A SPIRAL,THEY MOVE IN A SPIRAL,1,2025-10-03,2025-10-03,1,0,2.3,2.8478220183193232,0.333927,2.058416,4
THEY ROAR,THEY ROAR,1,2025-04-16,2025-04-16,1,0,3.0,2.6792365933208377,0.297657,1.900719,4
THEY'RE BLOWIN' IN THE WIND,THEY'RE BLOWIN' IN THE WIND,1,2025-09-17,2025-09-17,1,0,2.0,1.59682528800865,0.106437,0.846564,4
THEY'RE ON A ROLL!,THEY'RE ON A ROLL!,1,2025-05-30,2025-05-30,1,0,2.8,2.900936331099757,0.344908,2.108546,4
THIN LAYER,THIN LAYER,1,2025-11-04,2025-11-04,1,0,2.8,2.4800294558993796,0.25826,1.710917,4
THINGS A BEGINNER MIGHT LEARN ON THE PIANO,THINGS A BEGINNER MIGHT LEARN ON THE PIANO,1,2026-06-19,2026-06-19,1,0,2.0,3.3674237712580686,0.445111,2.545063,4
THINGS A DEFENSIVE FOOTBALL PLAYER DOES,THINGS A DEFENSIVE FOOTBALL PLAYER DOES,1,2026-01-04,2026-01-04,1,0,0.5,2.6023772424104195,0.266203,1.843742,4
THINGS A DJ DOES,THINGS A DJ DOES,1,2024-08-02,2024-08-02,1,0,3.4,3.511741802053506,0.52248,2.63374,4
THINGS A DOG CAN FETCH,THINGS A DOG CAN FETCH,1,2025-06-28,2025-06-28,1,0,3.3,3.7590682766282746,0.579022,2.861761,4
THINGS A RATTLESNAKE DOES,THINGS A RATTLESNAKE DOES,1,2025-02-14,2025-02-14,1,0,2.5,1.8313127544115249,0.12275,1.100042,4
THINGS ASSOCIATED WITH BEING SLOW,THINGS ASSOCIATED WITH BEING SLOW,1,2026-03-16,2026-03-16,1,0,2.0,2.2729591647457856,0.226924,1.504007,4
THINGS ASSOCIATED WITH BUTTS,THINGS ASSOCIATED WITH BUTTS,1,2026-05-21,2026-05-21,1,0,3.0,3.9624221042736765,0.589095,3.085658,4
THINGS BABIES DO,THINGS BABIES DO,1,2026-05-19,2026-05-19,1,0,2.3,3.2235290140193413,0.421623,2.402992,4
THINGS BEES DO,THINGS BEES DO,1,2024-08-14,2024-08-14,1,0,2.4,1.9536527186186419,0.151888,1.211663,4
THINGS CALLED “OSCAR”,THINGS CALLED “OSCAR”,1,2024-12-21,2024-12-21,1,0,3.0,2.861504097025114,0.277064,2.131021,4
THINGS CATS DO,THINGS CATS DO,1,2024-10-06,2024-10-06,1,0,2.3,1.401086907804497,0.064242,0.663551,4
THINGS FEATURING LETTERS A THROUGH Z,THINGS FEATURING LETTERS A THROUGH Z,1,2025-10-29,2025-10-29,1,0,2.5,2.2535815796393437,0.191195,1.517441,4
THINGS FEATURING TAILS,THINGS FEATURING TAILS,1,2025-01-12,2025-01-12,1,0,3.8,4.086945360420125,0.622421,3.195603,4
THINGS FILLED WITH AIR,THINGS FILLED WITH AIR,1,2025-11-03,2025-11-03,1,0,3.5,2.126651661319326,0.173547,1.389049,4
THINGS IN A CAMERA KIT,THINGS IN A CAMERA KIT,1,2025-01-14,2025-01-14,1,0,3.3,2.269878046145098,0.223543,1.503843,4
THINGS IN AN ENTRYWAY,THINGS IN AN ENTRYWAY,1,2025-06-04,2025-06-04,1,0,2.0,2.9533457673822627,0.369836,2.143918,4
THINGS IN BOTTLES,THINGS IN BOTTLES,1,2025-03-20,2025-03-20,1,0,2.7,2.5821678856535235,0.226895,1.859798,4
THINGS INVOLVING MALLETS,THINGS INVOLVING MALLETS,1,2024-12-02,2024-12-02,1,0,3.0,3.5823450481154753,0.466447,2.771006,4
THINGS KNOWN FOR BEING COLORFUL THINGS,THINGS KNOWN FOR BEING COLORFUL THINGS,1,2025-10-24,2025-10-24,1,0,2.5,2.176988187062299,0.173877,1.446634,4
THINGS MADE BY FOLDING PAPER,THINGS MADE BY FOLDING PAPER,1,2024-10-24,2024-10-24,1,0,3.5,3.4843976349741714,0.495362,2.629397,4
THINGS MADE OF RUBBER,THINGS MADE OF RUBBER,1,2025-02-07,2025-02-07,1,0,4.0,3.0237047837328657,0.361746,2.23296,4
THINGS ON STICKS,THINGS ON STICKS,1,2024-11-23,2024-11-23,1,0,3.0,2.731374856400687,0.298386,1.959978,4
THINGS PEOPLE DO TO FINGERNAILS,THINGS PEOPLE DO TO FINGERNAILS,1,2025-03-05,2025-03-05,1,0,4.0,3.1453355257176523,0.382255,2.352394,4
THINGS READ IN DIVINATION,THINGS READ IN DIVINATION,1,2024-06-19,2024-06-19,1,0,2.8,2.3875480949103256,0.241086,1.621686,4
THINGS RECEIVED IN THE MAIL,THINGS RECEIVED IN THE MAIL,1,2024-09-06,2024-09-06,1,0,2.9,2.747672192051321,0.294024,1.983091,4
THINGS REPRESENTED IN SUPERSCRIPT,THINGS REPRESENTED IN SUPERSCRIPT,1,2026-06-09,2026-06-09,1,0,2.8,2.1837231907397974,0.179989,1.448271,4
THINGS SEEN IN A YARD,THINGS SEEN IN A YARD,1,2025-12-11,2025-12-11,1,0,1.5,2.1946387812915713,0.214822,1.425997,4
THINGS STORED BY A BROWSER,THINGS STORED BY A BROWSER,1,2026-04-14,2026-04-14,1,0,2.3,3.0126996712584195,0.381506,2.200538,4
THINGS STORED BY A WEB BROWSER,THINGS STORED BY A WEB BROWSER,1,2024-07-04,2024-07-04,1,0,2.3,1.8064065387214507,0.134243,1.059893,4
THINGS THAT ARE CAPPED,THINGS THAT ARE CAPPED,1,2024-09-16,2024-09-16,1,0,3.2,3.15144648337109,0.399645,2.342035,4
THINGS THAT ARE DIVIDED INTO TWELVE SEGMENTS,THINGS THAT ARE DIVIDED INTO TWELVE SEGMENTS,1,2025-12-12,2025-12-12,1,0,2.3,2.3520583020127543,0.234784,1.587155,4
THINGS THAT ARE FUZZY,THINGS THAT ARE FUZZY,1,2024-11-05,2024-11-05,1,0,3.0,3.267646808143719,0.396857,2.478518,4
THINGS THAT ARE INFLATED,THINGS THAT ARE INFLATED,1,2024-08-21,2024-08-21,1,0,3.4,3.93173086026028,0.58474,3.054701,4
THINGS THAT ARE LONG AND CYLINDRICAL,THINGS THAT ARE LONG AND CYLINDRICAL,1,2025-05-05,2025-05-05,1,0,3.3,2.058707129446215,0.152308,1.332114,4
THINGS THAT ARE OFTEN SCENTED,THINGS THAT ARE OFTEN SCENTED,1,2024-10-19,2024-10-19,1,0,2.5,2.157924363257648,0.16533,1.433247,4
THINGS THAT ARE ORANGE,THINGS THAT ARE ORANGE,1,2026-03-27,2026-03-27,1,0,1.8,2.4531381133026846,0.253975,1.684262,4
THINGS THAT ARE PINK,THINGS THAT ARE PINK,1,2025-11-25,2025-11-25,1,0,2.3,3.263556612336995,0.449671,2.420998,4
THINGS THAT ARE SLIPPERY,THINGS THAT ARE SLIPPERY,1,2025-04-22,2025-04-22,1,0,3.0,2.1663889652469566,0.15001,1.458306,4
THINGS THAT ARE WHITE,THINGS THAT ARE WHITE,1,2025-04-24,2025-04-24,1,0,2.8,2.2813672723178744,0.220358,1.520247,4
THINGS THAT CAN BE SPIKED,THINGS THAT CAN BE SPIKED,1,2026-06-08,2026-06-08,1,0,2.8,3.4388135934367163,0.483536,2.588776,4
THINGS THAT CAN HAVE LEAVES,THINGS THAT CAN HAVE LEAVES,1,2024-10-14,2024-10-14,1,0,3.5,2.388562386985644,0.232699,1.63124,4
"THINGS THAT CAN RUN, ANNOYINGLY","THINGS THAT CAN RUN, ANNOYINGLY",1,2025-09-19,2025-09-19,1,0,2.0,3.673629596604347,0.530404,2.812077,4
THINGS THAT CHANGE COLOR,THINGS THAT CHANGE COLOR,1,2026-03-19,2026-03-19,1,0,1.5,1.9283406122694644,0.129178,1.20525,4
"THINGS THAT COME IN ""BOOKS""","THINGS THAT COME IN ""BOOKS""",1,2026-04-28,2026-04-28,1,0,3.0,2.953163246957398,0.331467,2.182077,4
THINGS THAT COME IN FLAKES,THINGS THAT COME IN FLAKES,1,2026-01-15,2026-01-15,1,0,1.7,1.7377267102796008,0.100429,1.014687,4
THINGS THAT COME ON SPOOLS,THINGS THAT COME ON SPOOLS,1,2025-10-06,2025-10-06,1,0,2.5,3.0527029335194245,0.365426,2.262644,4
THINGS THAT GO UP AND DOWN,THINGS THAT GO UP AND DOWN,1,2024-08-16,2024-08-16,1,0,3.4,1.613891816878356,0.087699,0.884938,4
THINGS THAT LUMINESCE,THINGS THAT LUMINESCE,1,2025-01-01,2025-01-01,1,0,3.0,2.171295288096289,0.17966,1.434301,4
THINGS THAT MIGHT STING,THINGS THAT MIGHT STING,1,2024-10-19,2024-10-19,1,0,2.5,2.157924363257648,0.16533,1.433247,4
THINGS THAT MOVE BACK AND FORTH,THINGS THAT MOVE BACK AND FORTH,1,2026-03-12,2026-03-12,1,0,2.3,2.4150426240539535,0.213892,1.680514,4
THINGS THAT OPEN LIKE A CLAM,THINGS THAT OPEN LIKE A CLAM,1,2025-05-21,2025-05-21,1,0,2.5,2.946954945077366,0.335369,2.171032,4
THINGS THAT POP UP,THINGS THAT POP UP,1,2026-04-10,2026-04-10,1,0,2.8,2.902467764378858,0.333966,2.12125,4
THINGS THAT PREVENT LEAKS,THINGS THAT PREVENT LEAKS,1,2024-11-16,2024-11-16,1,0,2.8,3.329682893120503,0.4174,2.529351,4
THINGS THAT RING,THINGS THAT RING,1,2025-03-11,2025-03-11,1,0,3.3,2.1027049815771104,0.161126,1.373918,4
THINGS THAT ROTATE ABOUT A VERTICAL AXIS,THINGS THAT ROTATE ABOUT A VERTICAL AXIS,1,2025-08-20,2025-08-20,1,0,2.5,1.8874986251989636,0.11072,1.176717,4
"THINGS THAT SOUND LIKE ""T""","THINGS THAT SOUND LIKE ""T""",1,2024-12-12,2024-12-12,1,0,3.6,3.747319176136286,0.542336,2.884929,4
THINGS THAT SPIN,THINGS THAT SPIN,1,2026-06-14,2026-06-14,1,0,2.2,2.479187254510362,0.255404,1.712804,4
THINGS THAT SWING,THINGS THAT SWING,1,2024-11-10,2024-11-10,1,0,3.0,1.9326854675261185,0.149202,1.190225,4
THINGS THAT USE FILTERS,THINGS THAT USE FILTERS,1,2025-11-13,2025-11-13,1,0,1.7,2.937254419068261,0.377345,2.117895,4
THINGS TO BOOK FOR A VACATION,THINGS TO BOOK FOR A VACATION,1,2025-06-17,2025-06-17,1,0,1.8,1.5234155731281698,0.075749,0.79279,4
THINGS TO CLICK,THINGS TO CLICK,1,2024-08-03,2024-08-03,1,0,3.0,2.1211586656757864,0.206519,1.349757,4
THINGS TO CLIMB,THINGS TO CLIMB,1,2025-04-29,2025-04-29,1,0,3.3,2.2436203101661465,0.167167,1.530008,4
THINGS TO DO AT A WORK EVENT,THINGS TO DO AT A WORK EVENT,1,2025-01-11,2025-01-11,1,0,2.6,3.2214091696562726,0.38686,2.435316,4
THINGS TO DO WITH A DECK OF CARDS,THINGS TO DO WITH A DECK OF CARDS,1,2025-02-05,2025-02-05,1,0,3.3,2.8771452282911167,0.346362,2.079719,4
THINGS TO FLIP,THINGS TO FLIP,1,2026-04-05,2026-04-05,1,0,3.5,3.38442076853735,0.483485,2.526245,4
THINGS TRACKED BY WEB ANALYTICS,THINGS TRACKED BY WEB ANALYTICS,1,2025-05-12,2025-05-12,1,0,3.0,3.357902289094307,0.43014,2.549079,4
THINGS TRADITIONALLY MADE OF LEATHER,THINGS TRADITIONALLY MADE OF LEATHER,1,2025-03-11,2025-03-11,1,0,3.3,2.1027049815771104,0.161126,1.373918,4
THINGS USED IN GOLF,THINGS USED IN GOLF,1,2024-09-07,2024-09-07,1,0,3.4,2.7717953082042395,0.265639,2.039231,4
THINGS WITH A LOT OF PIECES,THINGS WITH A LOT OF PIECES,1,2025-11-03,2025-11-03,1,0,3.5,2.126651661319326,0.173547,1.389049,4
THINGS WITH ADHESIVE SURFACES,THINGS WITH ADHESIVE SURFACES,1,2026-01-30,2026-01-30,1,0,2.0,2.5630606046048574,0.232566,1.832143,4
THINGS WITH ANTENNA/E,THINGS WITH ANTENNA/E,1,2025-08-21,2025-08-21,1,0,2.5,2.7970135469063435,0.322075,2.01181,4
THINGS WITH BITS,THINGS WITH BITS,1,2024-08-07,2024-08-07,1,0,3.3,2.827131155298738,0.314563,2.053974,4
THINGS WITH CELLS,THINGS WITH CELLS,1,2025-09-04,2025-09-04,1,0,2.3,2.27566307446842,0.201044,1.532998,4
THINGS WITH FACES,THINGS WITH FACES,1,2026-04-26,2026-04-26,1,0,2.3,2.2387357159388213,0.207333,1.484222,4
THINGS WITH FEET,THINGS WITH FEET,1,2024-11-06,2024-11-06,1,0,2.4,1.6256609077025914,0.090425,0.895753,4
THINGS WITH HOLES,THINGS WITH HOLES,1,2025-08-12,2025-08-12,1,0,2.8,2.8484399803292217,0.329534,2.06352,4
THINGS WITH HOLES IN THE MIDDLE,THINGS WITH HOLES IN THE MIDDLE,1,2025-11-07,2025-11-07,1,0,1.3,1.4367122873033955,0.067654,0.701128,4
THINGS WITH HORNS,THINGS WITH HORNS,1,2026-06-11,2026-06-11,1,0,3.0,2.968919974492482,0.374819,2.156854,4
THINGS WITH INK,THINGS WITH INK,1,2025-09-16,2025-09-16,1,0,2.3,1.62514724307833,0.131275,0.854312,4
THINGS WITH KINGS,THINGS WITH KINGS,1,2024-09-10,2024-09-10,1,0,3.3,3.5622304281505333,0.506682,2.707628,4
THINGS WITH KNOBS,THINGS WITH KNOBS,1,2026-05-04,2026-05-04,1,0,2.0,3.8087859712164693,0.551555,2.946431,4
THINGS WITH LAYERS,THINGS WITH LAYERS,1,2025-03-24,2025-03-24,1,0,2.6,1.7681519959596235,0.124852,1.02527,4
THINGS WITH MANTLES/MANTELS,THINGS WITH MANTLES/MANTELS,1,2026-06-23,2026-06-23,1,0,2.8,2.564878855694459,0.262127,1.804674,4
THINGS WITH NECKS,THINGS WITH NECKS,1,2025-02-06,2025-02-06,1,0,2.5,2.0957587756936977,0.188119,1.338933,4
THINGS WITH NEEDLE/S,THINGS WITH NEEDLE/S,1,2024-12-04,2024-12-04,1,0,3.8,3.7292931113187215,0.55797,2.848555,4
THINGS WITH SPOTS,THINGS WITH SPOTS,1,2024-11-18,2024-11-18,1,0,2.3,1.7883596144267586,0.134775,1.038597,4
THINGS WITH SPOUTS,THINGS WITH SPOUTS,1,2024-07-29,2024-07-29,1,0,3.3,3.234081302011147,0.410761,2.425995,4
THINGS WITH STEMS,THINGS WITH STEMS,1,2025-12-25,2025-12-25,1,0,2.5,3.3228010039582334,0.450645,2.488188,4
THINGS WITH STRINGS,THINGS WITH STRINGS,1,2026-03-17,2026-03-17,1,0,2.5,2.3597415427546675,0.22172,1.609059,4
THINGS WITH STRIPES,THINGS WITH STRIPES,1,2026-02-06,2026-02-06,1,0,2.5,2.450219524794614,0.272141,1.662738,4
THINGS WITH TABS,THINGS WITH TABS,1,2025-04-03,2025-04-03,1,0,3.3,4.028499712943888,0.5979,3.152879,4
THINGS WITH WHEELS,THINGS WITH WHEELS,1,2024-10-30,2024-10-30,1,0,3.1,2.3365544956378406,0.216301,1.5878,4
THINGS WITH WINGS,THINGS WITH WINGS,1,2025-03-23,2025-03-23,1,0,3.0,3.837257419205562,0.580911,2.949833,4
THINGS WORN AROUND THE NECK,THINGS WORN AROUND THE NECK,1,2026-05-09,2026-05-09,1,0,2.3,2.826574033430461,0.292963,2.074933,4
THINGS WORN ON LAPELS,THINGS WORN ON LAPELS,1,2025-11-21,2025-11-21,1,0,3.5,3.631386547986791,0.50357,2.790308,4
THINGS YOU ASSEMBLE,THINGS YOU ASSEMBLE,1,2025-12-04,2025-12-04,1,0,2.0,1.6513719515518297,0.094941,0.920819,4
THINGS YOU CAN BLOW,THINGS YOU CAN BLOW,1,2025-05-31,2025-05-31,1,0,2.3,2.0226967187653404,0.153441,1.289549,4
THINGS YOU CAN CONTROL WITH REMOTES,THINGS YOU CAN CONTROL WITH REMOTES,1,2025-10-21,2025-10-21,1,0,2.0,1.908874374385231,0.141799,1.170232,4
THINGS YOU CAN CRACK,THINGS YOU CAN CRACK,1,2025-04-20,2025-04-20,1,0,3.5,3.061643826903141,0.394986,2.243371,4
THINGS YOU CAN DO ON SOCIAL MEDIA,THINGS YOU CAN DO ON SOCIAL MEDIA,1,2026-01-05,2026-01-05,1,0,2.0,3.816330148777533,0.572593,2.934073,4
THINGS YOU CAN DO TO TEXT,THINGS YOU CAN DO TO TEXT,1,2025-10-24,2025-10-24,1,0,2.5,2.176988187062299,0.173877,1.446634,4
THINGS YOU CAN DO WITH A FOOTBALL,THINGS YOU CAN DO WITH A FOOTBALL,1,2025-07-19,2025-07-19,1,0,2.8,2.921907927916682,0.348228,2.129355,4
THINGS YOU CAN DO WITH YOUR EYELIDS,THINGS YOU CAN DO WITH YOUR EYELIDS,1,2024-10-31,2024-10-31,1,0,3.3,3.0615482209663076,0.325338,2.312909,4
THINGS YOU CAN DO WITH YOUR LIPS,THINGS YOU CAN DO WITH YOUR LIPS,1,2025-05-12,2025-05-12,1,0,3.0,3.357902289094307,0.43014,2.549079,4
THINGS YOU CAN INSERT IN A DOCUMENT,THINGS YOU CAN INSERT IN A DOCUMENT,1,2025-06-10,2025-06-10,1,0,3.0,3.2499275514689026,0.410625,2.444363,4
THINGS YOU CAN INSERT INTO A SPREADSHEET,THINGS YOU CAN INSERT INTO A SPREADSHEET,1,2025-04-21,2025-04-21,1,0,2.8,2.4840388212322355,0.215449,1.758341,4
THINGS YOU CAN PICK,THINGS YOU CAN PICK,1,2025-04-18,2025-04-18,1,0,3.0,3.146315051997758,0.401854,2.333922,4
THINGS YOU CAN PRACTICE,THINGS YOU CAN PRACTICE,1,2025-06-03,2025-06-03,1,0,2.3,2.849980105057125,0.334969,2.059857,4
THINGS YOU CAN PUMP,THINGS YOU CAN PUMP,1,2025-07-29,2025-07-29,1,0,2.3,2.8858158176170585,0.327099,2.108958,4
THINGS YOU CAN SCRATCH,THINGS YOU CAN SCRATCH,1,2025-11-25,2025-11-25,1,0,2.3,3.263556612336995,0.449671,2.420998,4
"THINGS YOU CAN THROW, IN METAPHORS","THINGS YOU CAN THROW, IN METAPHORS",1,2024-07-03,2024-07-03,1,0,2.8,2.5739353453472567,0.295687,1.781534,4
THINGS YOU DO AT SOMEONE'S FRONT DOOR,THINGS YOU DO AT SOMEONE'S FRONT DOOR,1,2025-07-09,2025-07-09,1,0,2.5,1.8092234372785252,0.143525,1.053852,4
THINGS YOU DON'T EAT THAT END IN FOODS,THINGS YOU DON'T EAT THAT END IN FOODS,1,2026-03-01,2026-03-01,1,0,2.0,1.450925413531054,0.065457,0.719678,4
THINGS YOU MIGHT DO DURING A BORING CLASS/MEETING,THINGS YOU MIGHT DO DURING A BORING CLASS/MEETING,1,2025-08-08,2025-08-08,1,0,2.8,3.283446992922818,0.4264,2.467154,4
THINGS YOU MIGHT DO IN YOUR SLEEP,THINGS YOU MIGHT DO IN YOUR SLEEP,1,2025-01-29,2025-01-29,1,0,2.5,2.297529021367181,0.19381,1.56539,4
THINGS YOU SHAKE,THINGS YOU SHAKE,1,2024-12-11,2024-12-11,1,0,1.0,3.6991824560853694,0.54633,2.825551,4
THINGS YOU'RE NOT SUPPOSED TO REVEAL,THINGS YOU'RE NOT SUPPOSED TO REVEAL,1,2026-06-09,2026-06-09,1,0,2.8,2.1837231907397974,0.179989,1.448271,4
THINK OF TOGETHER,THINK OF TOGETHER,1,2024-12-07,2024-12-07,1,0,3.7,3.63707597037328,0.537447,2.762977,4
THIRD ___,THIRD ___,1,2025-07-31,2025-07-31,1,1,2.5,3.008839798844977,0.371931,2.205672,4
THROB,THROB,1,2025-04-07,2025-04-07,1,0,3.8,3.661670163051324,0.472472,2.856249,4
TICKETED EVENTS,TICKETED EVENTS,1,2025-04-14,2025-04-14,1,0,3.4,3.2153381926673292,0.40462,2.410571,4
TIER,TIER,1,2024-08-22,2024-08-22,1,0,2.8,2.9376385811053565,0.364408,2.131274,4
TIGHTLY PACKED,TIGHTLY PACKED,1,2026-06-25,2026-06-25,1,0,1.0,1.3571107842956092,0.056975,0.620221,4
TILT,TILT,1,2026-04-14,2026-04-14,1,0,2.3,3.0126996712584195,0.381506,2.200538,4
TIME ADVERBS,TIME ADVERBS,1,2025-02-08,2025-02-08,1,0,3.8,1.8573532041703995,0.125807,1.126946,4
TIME OFF,TIME OFF,1,2025-02-17,2025-02-17,1,0,2.8,2.3971460618235545,0.231698,1.642117,4
"TINY AMOUNT, WITH “A”","TINY AMOUNT, WITH “A”",1,2025-02-03,2025-02-03,1,0,3.8,3.1390785517243227,0.39749,2.32996,4
TINY BIT,TINY BIT,1,2026-05-25,2026-05-25,1,0,3.0,2.955499508395663,0.358612,2.15762,4
TIPS FOR WORKING OUT SAFELY,TIPS FOR WORKING OUT SAFELY,1,2025-06-07,2025-06-07,1,0,2.5,3.5283216097902406,0.490953,2.684343,4
TITLE CHARACTERS IN '80S MOVIES,TITLE CHARACTERS IN '80S MOVIES,1,2025-09-23,2025-09-23,1,0,2.5,2.562108890960921,0.268901,1.794713,4
TITLE FIGURES IN CLASSIC VIDEO GAMES,TITLE FIGURES IN CLASSIC VIDEO GAMES,1,2025-10-09,2025-10-09,1,0,2.8,1.64913477262992,0.112066,0.90112,4
TITULAR ANIMALS OF FILM,TITULAR ANIMALS OF FILM,1,2025-05-14,2025-05-14,1,0,3.3,2.493268270716214,0.256976,1.727433,4
TO-BO- COMPOUND WORDS,TO-BO- COMPOUND WORDS,1,2025-03-01,2025-03-01,1,0,3.8,3.006636516573399,0.381939,2.193129,4
TOM HANKS ROLES,TOM HANKS ROLES,1,2026-02-14,2026-02-14,1,0,2.3,2.8528413300030957,0.325294,2.072824,4
TOOLS MINUS LAST TWO LETTERS,TOOLS MINUS LAST TWO LETTERS,1,2026-06-18,2026-06-18,1,0,1.7,2.615981967221863,0.282872,1.842726,4
TOOTHED WHEELS,TOOTHED WHEELS,1,2026-03-15,2026-03-15,1,0,2.0,2.9002192865735044,0.33662,2.116009,4
TOP ___,TOP ___,1,2025-07-07,2025-07-07,1,1,2.3,2.8119689228617837,0.296548,2.054544,4
TOPPLE,TOPPLE,1,2025-10-19,2025-10-19,1,0,2.7,2.721294514078888,0.335649,1.911117,4
TORUS-SHAPED THINGS,TORUS-SHAPED THINGS,1,2024-08-26,2024-08-26,1,0,3.0,2.3925109121768777,0.261484,1.606998,4
TOUCHSCREEN GESTURES,TOUCHSCREEN GESTURES,1,2025-09-21,2025-09-21,1,0,2.0,1.79932387709183,0.112138,1.073849,4
TOURNAMENT ROUNDS,TOURNAMENT ROUNDS,1,2025-12-15,2025-12-15,1,0,1.0,2.2033250152253583,0.207158,1.443655,4
TRADEMARKS THAT HAVE BECOME VERBS,TRADEMARKS THAT HAVE BECOME VERBS,1,2025-07-11,2025-07-11,1,0,3.0,3.714347295956964,0.529094,2.860235,4
TRAINING ___,TRAINING ___,1,2026-04-16,2026-04-16,1,1,2.0,3.1183398857353204,0.387739,2.31585,4
TRANSLUCENT GOLDEN THINGS,TRANSLUCENT GOLDEN THINGS,1,2026-05-01,2026-05-01,1,0,2.0,2.5886386692874086,0.268005,1.826133,4
"TRANSLUCENT, AS FABRIC","TRANSLUCENT, AS FABRIC",1,2026-06-07,2026-06-07,1,0,2.8,2.8718390987968436,0.338317,2.081659,4
TRAVEL ON FOOT,TRAVEL ON FOOT,1,2025-07-26,2025-07-26,1,0,2.8,3.1106705513114923,0.398894,2.295871,4
TREE FEATURES,TREE FEATURES,1,2024-08-31,2024-08-31,1,0,2.9,2.736116041722761,0.310531,1.953288,4
TREE HOMOPHONES,TREE HOMOPHONES,1,2024-12-29,2024-12-29,1,0,2.0,1.6793784070299584,0.090275,0.957708,4
TREES PLUS A LETTER,TREES PLUS A LETTER,1,2026-02-02,2026-02-02,1,0,2.5,3.2540281770141903,0.408,2.451706,4
TRICKY,TRICKY,1,2025-12-05,2025-12-05,1,0,1.7,2.2335825559434817,0.209185,1.476441,4
TRIO OF SPORTS ACHIEVEMENTS,TRIO OF SPORTS ACHIEVEMENTS,1,2024-09-25,2024-09-25,1,0,3.0,2.5494332820265257,0.222451,1.826579,4
TROPICAL FRUITS/VEGETABLES,TROPICAL FRUITS/VEGETABLES,1,2025-11-22,2025-11-22,1,0,3.0,2.877797086951347,0.34086,2.085971,4
TROUNCE,TROUNCE,1,2025-08-16,2025-08-16,1,0,2.2,2.504706217341053,0.252398,1.745171,4
TURN TAIL,TURN TAIL,1,2024-10-06,2024-10-06,1,0,2.3,1.401086907804497,0.064242,0.663551,4
TURN THE ___,TURN THE ___,1,2025-01-18,2025-01-18,1,1,3.0,2.442676216378431,0.222691,1.703509,4
TV COMEDY FAMILIES,TV COMEDY FAMILIES,1,2025-02-02,2025-02-02,1,0,3.0,3.992448452453638,0.611442,3.097858,4
TV DISPLAY SETTINGS,TV DISPLAY SETTINGS,1,2025-05-09,2025-05-09,1,0,2.7,2.207094496571249,0.17546,1.47969,4
TV SHOW TITLE SURNAMES,TV SHOW TITLE SURNAMES,1,2026-04-13,2026-04-13,1,0,2.3,2.4522715758570186,0.269651,1.667589,4
TV SHOWS MINUS “S”,TV SHOWS MINUS “S”,1,2024-07-09,2024-07-09,1,0,3.5,3.7135094402923485,0.575852,2.812513,4
TV-RELATED ABBREVIATIONS IN THE '80S,TV-RELATED ABBREVIATIONS IN THE '80S,1,2025-09-03,2025-09-03,1,0,2.8,1.633244196783269,0.096233,0.89867,4
TYPES OF ACADEMIC COURSES,TYPES OF ACADEMIC COURSES,1,2025-01-22,2025-01-22,1,0,3.3,2.5876582738624223,0.278259,1.814751,4
TYPES OF BAGS,TYPES OF BAGS,1,2024-06-28,2024-06-28,1,0,2.7,2.4223712536847013,0.217238,1.6856,4
TYPES OF COME-FROM-BEHIND STORIES,TYPES OF COME-FROM-BEHIND STORIES,1,2024-06-21,2024-06-21,1,0,3.0,2.259244058534543,0.206678,1.508473,4
TYPES OF POOLS,TYPES OF POOLS,1,2025-10-15,2025-10-15,1,0,3.3,3.6574156988622226,0.50254,2.821286,4
TYPES OF RADIO,TYPES OF RADIO,1,2024-12-16,2024-12-16,1,0,3.3,3.801286120044301,0.547504,2.941853,4
TYPES OF SENTENCES,TYPES OF SENTENCES,1,2024-12-20,2024-12-20,1,0,1.5,1.3969002369160588,0.070396,0.65258,4
TYPES OF SNOW,TYPES OF SNOW,1,2025-05-15,2025-05-15,1,0,3.0,2.9595705830150205,0.381119,2.139797,4
TYPOGRAPHICAL SYMBOLS,TYPOGRAPHICAL SYMBOLS,1,2026-05-30,2026-05-30,1,0,2.0,2.8885996886686813,0.339423,2.099837,4
U.S. CITIES,U.S. CITIES,1,2025-03-07,2025-03-07,1,0,4.3,2.8505320120561204,0.345278,2.050183,4
U.S. CITY NICKNAMES,U.S. CITY NICKNAMES,1,2026-04-01,2026-04-01,1,0,2.0,2.8326710847658134,0.331125,2.043786,4
U.S. COLLEGES/UNIVERSITIES,U.S. COLLEGES/UNIVERSITIES,1,2024-08-29,2024-08-29,1,0,3.0,3.4482942257911033,0.491517,2.591703,4
U.S. PRESIDENTIAL NICKNAMES,U.S. PRESIDENTIAL NICKNAMES,1,2025-03-25,2025-03-25,1,0,2.4,2.0579709637325956,0.177094,1.306481,4
U.S. PRESIDENTS,U.S. PRESIDENTS,1,2025-08-22,2025-08-22,1,0,3.3,2.858614190298094,0.339337,2.065423,4
"U.S. STATE ABBREVIATIONS, PER AP STYLE GUIDE","U.S. STATE ABBREVIATIONS, PER AP STYLE GUIDE",1,2024-12-26,2024-12-26,1,0,2.5,1.6178664164159993,0.090506,0.886704,4
UMAMI-RICH FOODS,UMAMI-RICH FOODS,1,2026-06-19,2026-06-19,1,0,2.0,3.3674237712580686,0.445111,2.545063,4
UNDERTAKING,UNDERTAKING,1,2024-11-29,2024-11-29,1,0,3.3,3.2660762633450044,0.440583,2.432985,4
UNDERWEAR IN THE SINGULAR,UNDERWEAR IN THE SINGULAR,1,2024-06-28,2024-06-28,1,0,2.7,2.4223712536847013,0.217238,1.6856,4
"UNEXPECTED PLACES TO BE ""OUT OF""","UNEXPECTED PLACES TO BE ""OUT OF""",1,2026-05-08,2026-05-08,1,0,2.0,2.166091717697892,0.179971,1.428003,4
UNEXPECTED WINNER,UNEXPECTED WINNER,1,2026-04-18,2026-04-18,1,0,1.5,1.562966880051415,0.086425,0.82762,4
UNFLUCTUATING,UNFLUCTUATING,1,2025-03-24,2025-03-24,1,0,2.6,1.7681519959596235,0.124852,1.02527,4
UNINHIBITEDNESS,UNINHIBITEDNESS,1,2025-03-17,2025-03-17,1,0,2.0,2.0709542499546196,0.15086,1.347653,4
UNITS OF BEER,UNITS OF BEER,1,2025-04-17,2025-04-17,1,0,2.5,2.262949223159291,0.190783,1.528631,4
UNITS OF MEASURE,UNITS OF MEASURE,1,2026-01-10,2026-01-10,1,0,2.3,2.2555736597050067,0.209761,1.501167,4
UNITS OF TV PROGRAMS,UNITS OF TV PROGRAMS,1,2026-05-09,2026-05-09,1,0,2.3,2.826574033430461,0.292963,2.074933,4
UNITS OF VOLUME PLUS LETTER,UNITS OF VOLUME PLUS LETTER,1,2025-03-26,2025-03-26,1,0,3.2,3.6811277094867543,0.519231,2.831877,4
UNITS OF VOLUME WITH LAST LETTER CHANGED,UNITS OF VOLUME WITH LAST LETTER CHANGED,1,2026-03-25,2026-03-25,1,0,2.8,2.674686619872431,0.289304,1.903837,4
"UNNATURAL, AS MANNERISMS","UNNATURAL, AS MANNERISMS",1,2025-09-30,2025-09-30,1,0,3.0,2.8438708856934483,0.358919,2.028878,4
UNNERVE,UNNERVE,1,2026-04-30,2026-04-30,1,0,1.3,2.7491436543336807,0.335242,1.943566,4
UP FOR ANYTHING,UP FOR ANYTHING,1,2025-05-18,2025-05-18,1,0,2.3,2.3951548509027716,0.239781,1.631743,4
UP FOR IT,UP FOR IT,1,2024-08-04,2024-08-04,1,0,2.6,2.042744414574499,0.181532,1.284524,4
UPSWING,UPSWING,1,2024-10-30,2024-10-30,1,0,3.1,2.3365544956378406,0.216301,1.5878,4
UPTICK,UPTICK,1,2026-02-14,2026-02-14,1,0,2.3,2.8528413300030957,0.325294,2.072824,4
URL ENDINGS PLUS A LETTER,URL ENDINGS PLUS A LETTER,1,2025-05-03,2025-05-03,1,0,4.3,4.008014837259935,0.619645,3.107565,4
USE A KITCHEN KNIFE,USE A KITCHEN KNIFE,1,2024-10-02,2024-10-02,1,0,2.8,2.4240938988374694,0.268732,1.636088,4
USED DURING A PRESENTATION,USED DURING A PRESENTATION,1,2025-10-17,2025-10-17,1,0,2.0,1.148051889655873,0.028737,0.407925,4
USED FOR TEA,USED FOR TEA,1,2025-08-28,2025-08-28,1,0,2.3,1.8416859985579874,0.12207,1.112657,4
USED IN HAIR CARE,USED IN HAIR CARE,1,2024-11-18,2024-11-18,1,0,2.3,1.7883596144267586,0.134775,1.038597,4
USED IN METAPHORS FOR PRECARIOUS SITUATIONS,USED IN METAPHORS FOR PRECARIOUS SITUATIONS,1,2026-01-09,2026-01-09,1,0,2.8,2.9475233658290865,0.378895,2.12816,4
USED IN MOVIE PRACTICAL EFFECTS,USED IN MOVIE PRACTICAL EFFECTS,1,2026-06-13,2026-06-13,1,0,1.8,1.8952609581249844,0.124869,1.171499,4
USED IN STARTING A FIRE,USED IN STARTING A FIRE,1,2024-12-09,2024-12-09,1,0,2.6,2.2275654659371176,0.183603,1.4951,4
USED IN VENTILATION,USED IN VENTILATION,1,2025-07-10,2025-07-10,1,0,3.3,2.0374182947479786,0.157877,1.302051,4
USED IN WEAVING,USED IN WEAVING,1,2026-02-09,2026-02-09,1,0,2.3,1.8360565471682402,0.129742,1.098508,4
USED TO CLEAR SNOW,USED TO CLEAR SNOW,1,2025-01-21,2025-01-21,1,0,2.0,2.2311819777840745,0.215821,1.467043,4
USED TO DECORATE A SNOWMAN,USED TO DECORATE A SNOWMAN,1,2025-08-05,2025-08-05,1,0,2.0,2.105786969322679,0.218317,1.320273,4
USED TO GROW A HOUSEPLANT,USED TO GROW A HOUSEPLANT,1,2025-10-05,2025-10-05,1,0,2.8,2.59804716261673,0.305504,1.799459,4
USED TO HIT A BALL IN SPORTS,USED TO HIT A BALL IN SPORTS,1,2025-08-14,2025-08-14,1,0,1.8,1.9415020731919517,0.139944,1.209627,4
USED TO MAKE COFFEE,USED TO MAKE COFFEE,1,2024-12-30,2024-12-30,1,0,3.0,3.1653084750671043,0.403321,2.354308,4
USED TO REDIRECT TRAFFIC,USED TO REDIRECT TRAFFIC,1,2024-07-22,2024-07-22,1,0,3.7,3.4486210242660986,0.459883,2.623713,4
USED TO VIEW A BIOLOGICAL SAMPLE,USED TO VIEW A BIOLOGICAL SAMPLE,1,2024-12-09,2024-12-09,1,0,2.6,2.2275654659371176,0.183603,1.4951,4
USED WHEN SERVING SOUP,USED WHEN SERVING SOUP,1,2025-02-09,2025-02-09,1,0,2.5,1.8724641570594152,0.122224,1.147915,4
UTOPIA,UTOPIA,1,2024-12-11,2024-12-11,1,0,1.0,3.6991824560853694,0.54633,2.825551,4
UTTERANCE,UTTERANCE,1,2024-07-23,2024-07-23,1,0,3.0,3.322307329666219,0.43969,2.498575,4
VACATION EMOJI,VACATION EMOJI,1,2026-03-01,2026-03-01,1,0,2.0,1.450925413531054,0.065457,0.719678,4
VALLEY,VALLEY,1,2025-04-26,2025-04-26,1,0,3.3,2.5193782520655135,0.299045,1.715405,4
VARIATION FROM THE NORM,VARIATION FROM THE NORM,1,2025-03-11,2025-03-11,1,0,3.3,2.1027049815771104,0.161126,1.373918,4
VARIETIES,VARIETIES,1,2024-09-10,2024-09-10,1,0,3.3,3.5622304281505333,0.506682,2.707628,4
VARIOUS AMOUNTS OF WOOD,VARIOUS AMOUNTS OF WOOD,1,2026-06-26,2026-06-26,1,0,2.8,1.8149780455310371,0.127108,1.07689,4
VEGETABLE PARTS,VEGETABLE PARTS,1,2026-04-17,2026-04-17,1,0,2.5,1.9065276832084024,0.133901,1.17543,4
VEGETABLES MINUS STARTING LETTER,VEGETABLES MINUS STARTING LETTER,1,2026-01-02,2026-01-02,1,0,2.3,2.967536295843033,0.352498,2.177583,4
VEGETABLES WITH FIRST LETTER REMOVED,VEGETABLES WITH FIRST LETTER REMOVED,1,2025-09-21,2025-09-21,1,0,2.0,1.79932387709183,0.112138,1.073849,4
VENDOR’S SPOT AT A MARKET,VENDOR’S SPOT AT A MARKET,1,2025-01-09,2025-01-09,1,0,2.5,1.5469928662962547,0.09515,0.800516,4
VERBS EXPRESSING POSSIBILITY,VERBS EXPRESSING POSSIBILITY,1,2025-11-26,2025-11-26,1,0,2.7,2.7117573873072804,0.277703,1.95809,4
VERBS FOR FINISHING DONUTS,VERBS FOR FINISHING DONUTS,1,2025-05-29,2025-05-29,1,0,2.0,2.058362948073614,0.159779,1.324247,4
VERBS IN A CAKE RECIPE,VERBS IN A CAKE RECIPE,1,2024-09-08,2024-09-08,1,0,3.3,3.0250493508627003,0.31579,2.280463,4
VERBS IN BREADMAKING,VERBS IN BREADMAKING,1,2025-05-31,2025-05-31,1,0,2.3,2.0226967187653404,0.153441,1.289549,4
VERBS IN MAKING A MOJITO,VERBS IN MAKING A MOJITO,1,2026-05-10,2026-05-10,1,0,1.5,2.6070410738381464,0.282971,1.83234,4
VERY SMALL AMOUNT,VERY SMALL AMOUNT,1,2024-09-04,2024-09-04,1,0,2.7,2.4273314635166128,0.249625,1.65892,4
VIDEO GAME FRANCHISES,VIDEO GAME FRANCHISES,1,2024-10-19,2024-10-19,1,0,2.5,2.157924363257648,0.16533,1.433247,4
VIGOR,VIGOR,1,2025-05-10,2025-05-10,1,0,3.0,2.0100619596403195,0.159767,1.268686,4
VISUAL INTERFACE,VISUAL INTERFACE,1,2024-08-23,2024-08-23,1,0,3.6,3.129426697828515,0.406206,2.310139,4
VITALITY,VITALITY,1,2024-09-13,2024-09-13,1,0,3.7,4.113388224258581,0.627346,3.221102,4
VOCAL CHARACTERISTICS,VOCAL CHARACTERISTICS,1,2026-04-26,2026-04-26,1,0,2.3,2.2387357159388213,0.207333,1.484222,4
VOCAL MUSIC,VOCAL MUSIC,1,2025-01-07,2025-01-07,1,0,3.0,3.7297737484375313,0.529005,2.878073,4
VULNERABILITY,VULNERABILITY,1,2025-12-23,2025-12-23,1,0,1.0,3.28005298216522,0.442515,2.447134,4
W.N.B.A. TEAMS,W.N.B.A. TEAMS,1,2024-12-07,2024-12-07,1,0,3.7,3.63707597037328,0.537447,2.762977,4
WALLOP,WALLOP,1,2026-04-22,2026-04-22,1,0,2.3,2.891472212498096,0.37611,2.066455,4
WANE,WANE,1,2025-03-06,2025-03-06,1,0,2.8,2.7814245643331588,0.335898,1.980051,4
WASHING MACHINE CYCLES/SETTINGS,WASHING MACHINE CYCLES/SETTINGS,1,2025-03-08,2025-03-08,1,0,2.8,2.749114972552631,0.254734,2.024041,4
WATERCRAFT,WATERCRAFT,1,2024-12-19,2024-12-19,1,0,3.3,3.477440999352195,0.486147,2.630608,4
WAX ___,WAX ___,1,2025-06-20,2025-06-20,1,1,2.8,2.5541518695817116,0.239335,1.815124,4
WAY OF SOLVING A PROBLEM,WAY OF SOLVING A PROBLEM,1,2025-02-21,2025-02-21,1,0,4.0,3.4897055027582056,0.487757,2.643109,4
WAYS ONE MIGHT REFER TO #,WAYS ONE MIGHT REFER TO #,1,2026-03-06,2026-03-06,1,0,3.5,2.687705541034548,0.262427,1.945693,4
WAYS TO APPLY PAINT,WAYS TO APPLY PAINT,1,2026-01-31,2026-01-31,1,0,2.8,2.1427742988490186,0.19283,1.388316,4
WAYS TO ATTRACT FISH,WAYS TO ATTRACT FISH,1,2024-12-07,2024-12-07,1,0,3.7,3.63707597037328,0.537447,2.762977,4
WAYS TO DENOTE A CITATION,WAYS TO DENOTE A CITATION,1,2025-06-11,2025-06-11,1,0,3.3,3.555418939723568,0.468261,2.738212,4
"WAYS TO EXPRESS 1,000","WAYS TO EXPRESS 1,000",1,2024-12-23,2024-12-23,1,0,3.0,2.9375073402284304,0.378006,2.117525,4
WAYS TO FASTEN THINGS,WAYS TO FASTEN THINGS,1,2026-05-06,2026-05-06,1,0,4.0,3.46799513279302,0.473152,2.632735,4
WAYS TO GET FOOD,WAYS TO GET FOOD,1,2025-01-26,2025-01-26,1,0,3.0,2.194354570915711,0.198605,1.441887,4
WAYS TO MODIFY A CAR'S EXTERIOR,WAYS TO MODIFY A CAR'S EXTERIOR,1,2025-06-05,2025-06-05,1,0,3.5,2.5164440189495973,0.23053,1.780544,4
WAYS TO ORDER A BEER,WAYS TO ORDER A BEER,1,2024-11-01,2024-11-01,1,0,2.6,2.205725593384766,0.222587,1.430988,4
WAYS TO PRESERVE FOOD,WAYS TO PRESERVE FOOD,1,2025-02-23,2025-02-23,1,0,3.5,2.6504444308709116,0.266636,1.898613,4
WAYS TO RECOGNIZE ACHIEVEMENT,WAYS TO RECOGNIZE ACHIEVEMENT,1,2025-05-31,2025-05-31,1,0,2.3,2.0226967187653404,0.153441,1.289549,4
WAYS TO SECURE A TV,WAYS TO SECURE A TV,1,2024-07-15,2024-07-15,1,0,2.4,2.090221453661263,0.174417,1.346264,4
WAYS TO SUPPORT A CANDIDATE,WAYS TO SUPPORT A CANDIDATE,1,2024-07-21,2024-07-21,1,0,2.7,2.6108079477493966,0.310177,1.809468,4
WAYS TO TRANSFORM AN IMAGE,WAYS TO TRANSFORM AN IMAGE,1,2024-09-07,2024-09-07,1,0,3.4,2.7717953082042395,0.265639,2.039231,4
WAYS TO VOCALIZE MUSICALLY PLUS A LETTER,WAYS TO VOCALIZE MUSICALLY PLUS A LETTER,1,2025-12-24,2025-12-24,1,0,2.0,3.092543665687812,0.409215,2.264694,4
WAYS TO WEAR YOUR HAIR UP,WAYS TO WEAR YOUR HAIR UP,1,2024-10-14,2024-10-14,1,0,3.5,2.388562386985644,0.232699,1.63124,4
WEAPONS IN THE GAME CLUE,WEAPONS IN THE GAME CLUE,1,2025-11-05,2025-11-05,1,0,3.5,3.3348178010733562,0.460352,2.492307,4
WEARY,WEARY,1,2025-04-28,2025-04-28,1,0,2.8,1.9283188836474567,0.124859,1.209544,4
WEATHER TERMS,WEATHER TERMS,1,2025-10-17,2025-10-17,1,0,2.0,1.148051889655873,0.028737,0.407925,4
WEB BROWSER BUTTONS,WEB BROWSER BUTTONS,1,2025-03-19,2025-03-19,1,0,3.0,2.9222903516640173,0.330849,2.147174,4
WEB BROWSERS,WEB BROWSERS,1,2025-01-17,2025-01-17,1,0,3.5,3.3657932554626133,0.415025,2.573273,4
"WELL-DEFINED, AS AN IMAGE","WELL-DEFINED, AS AN IMAGE",1,2026-01-22,2026-01-22,1,0,2.0,2.28112825747579,0.182012,1.558318,4
WET ___,WET ___,1,2026-01-03,2026-01-03,1,1,2.8,3.071456472601806,0.413534,2.236113,4
"WHAT ""C"" MIGHT MEAN","WHAT ""C"" MIGHT MEAN",1,2025-12-15,2025-12-15,1,0,1.0,2.2033250152253583,0.207158,1.443655,4
"WHAT ""CAB"" MIGHT REFER TO","WHAT ""CAB"" MIGHT REFER TO",1,2026-04-24,2026-04-24,1,0,2.0,3.1323565852200295,0.428364,2.291352,4
"WHAT ""CARDINAL"" MIGHT REFER TO","WHAT ""CARDINAL"" MIGHT REFER TO",1,2025-09-01,2025-09-01,1,0,3.5,3.985037254059262,0.609108,3.091665,4
"WHAT ""DIAMOND"" CAN REFER TO","WHAT ""DIAMOND"" CAN REFER TO",1,2025-04-29,2025-04-29,1,0,3.3,2.2436203101661465,0.167167,1.530008,4
"WHAT ""DOWN"" MIGHT MEAN","WHAT ""DOWN"" MIGHT MEAN",1,2025-08-25,2025-08-25,1,0,3.2,2.895780563669777,0.353185,2.094337,4
"WHAT ""ED"" MIGHT INDICATE","WHAT ""ED"" MIGHT INDICATE",1,2025-10-03,2025-10-03,1,0,2.3,2.8478220183193232,0.333927,2.058416,4
"WHAT ""HOOPS"" MIGHT REFER TO","WHAT ""HOOPS"" MIGHT REFER TO",1,2026-06-16,2026-06-16,1,0,2.0,2.2344447476647464,0.215421,1.471197,4
"WHAT ""JACK"" MIGHT REFER TO","WHAT ""JACK"" MIGHT REFER TO",1,2026-02-20,2026-02-20,1,0,3.5,3.0601628040270983,0.395771,2.240882,4
"WHAT ""MA"" MIGHT REFER TO","WHAT ""MA"" MIGHT REFER TO",1,2026-06-14,2026-06-14,1,0,2.2,2.479187254510362,0.255404,1.712804,4
"WHAT ""PA"" MIGHT REFER TO","WHAT ""PA"" MIGHT REFER TO",1,2026-05-29,2026-05-29,1,0,3.3,2.9416088349185983,0.33474,2.16551,4
"WHAT ""SHIFT"" MIGHT REFER TO","WHAT ""SHIFT"" MIGHT REFER TO",1,2026-01-31,2026-01-31,1,0,2.8,2.1427742988490186,0.19283,1.388316,4
"WHAT ""SPRING"" MIGHT REFER TO","WHAT ""SPRING"" MIGHT REFER TO",1,2026-05-10,2026-05-10,1,0,1.5,2.6070410738381464,0.282971,1.83234,4
"WHAT ""SUB"" MIGHT REFER TO","WHAT ""SUB"" MIGHT REFER TO",1,2026-03-05,2026-03-05,1,0,2.0,2.3688406205066004,0.230503,1.610745,4
"WHAT ""T"" MIGHT STAND FOR","WHAT ""T"" MIGHT STAND FOR",1,2026-04-30,2026-04-30,1,0,1.3,2.7491436543336807,0.335242,1.943566,4
"WHAT ""V"" MIGHT MEAN","WHAT ""V"" MIGHT MEAN",1,2026-01-05,2026-01-05,1,0,2.0,3.816330148777533,0.572593,2.934073,4
"WHAT ""Y"" MIGHT MEAN","WHAT ""Y"" MIGHT MEAN",1,2025-12-10,2025-12-10,1,0,1.8,1.7777264959610841,0.09873,1.062408,4
WHAT ' CAN INDICATE,WHAT ' CAN INDICATE,1,2025-07-21,2025-07-21,1,0,1.5,2.337580955741483,0.246713,1.558569,4
WHAT A DRINK IS SERVED WITH,WHAT A DRINK IS SERVED WITH,1,2025-06-16,2025-06-16,1,0,2.8,2.1388205587885025,0.206073,1.370524,4
WHAT A HEART DOES WHEN EXCITED,WHAT A HEART DOES WHEN EXCITED,1,2024-09-08,2024-09-08,1,0,3.3,3.0250493508627003,0.31579,2.280463,4
WHAT A NOUN MIGHT BE,WHAT A NOUN MIGHT BE,1,2024-11-24,2024-11-24,1,0,3.0,2.868835334090503,0.381107,2.035413,4
WHAT A SITTER MIGHT SIT,WHAT A SITTER MIGHT SIT,1,2024-11-27,2024-11-27,1,0,2.7,2.8746316612972693,0.302777,2.120412,4
WHAT AN APOSTROPHE MIGHT INDICATE,WHAT AN APOSTROPHE MIGHT INDICATE,1,2024-11-17,2024-11-17,1,0,3.3,2.919901941532934,0.334083,2.141192,4
WHAT AN ELECTROMETER MEASURES,WHAT AN ELECTROMETER MEASURES,1,2025-04-06,2025-04-06,1,0,3.5,2.3507832664733446,0.234472,1.586,4
WHAT CHARACTERS WERE TRANSFORMED INTO IN “BEAUTY AND THE BEAST”,WHAT CHARACTERS WERE TRANSFORMED INTO IN “BEAUTY AND THE BEAST”,1,2025-05-27,2025-05-27,1,0,2.3,2.6366745685322095,0.261853,1.887553,4
WHAT HUMPBACK WHALES DO,WHAT HUMPBACK WHALES DO,1,2024-06-23,2024-06-23,1,0,3.5,3.4195255302529457,0.453894,2.596226,4
WHAT IT ALL BOILS DOWN TO,WHAT IT ALL BOILS DOWN TO,1,2026-03-27,2026-03-27,1,0,1.8,2.4531381133026846,0.253975,1.684262,4
WHAT MIGHT BRING TEARS TO YOUR EYES,WHAT MIGHT BRING TEARS TO YOUR EYES,1,2025-03-05,2025-03-05,1,0,4.0,3.1453355257176523,0.382255,2.352394,4
WHAT THE OUTSTRETCHED INDEX AND MIDDLE FINGERS CAN REPRESENT,WHAT THE OUTSTRETCHED INDEX AND MIDDLE FINGERS CAN REPRESENT,1,2024-10-16,2024-10-16,1,0,3.0,2.6968072262211216,0.279656,1.938936,4
WHAT YOU MIGHT SEE ON A CHRISTMAS TREE,WHAT YOU MIGHT SEE ON A CHRISTMAS TREE,1,2025-09-04,2025-09-04,1,0,2.3,2.27566307446842,0.201044,1.532998,4
WHAT “A” MIGHT MEAN,WHAT “A” MIGHT MEAN,1,2025-05-18,2025-05-18,1,0,2.3,2.3951548509027716,0.239781,1.631743,4
WHAT “BILL” MIGHT REFER TO,WHAT “BILL” MIGHT REFER TO,1,2025-02-05,2025-02-05,1,0,3.3,2.8771452282911167,0.346362,2.079719,4
WHAT “BRONZE” MIGHT MEAN,WHAT “BRONZE” MIGHT MEAN,1,2024-09-22,2024-09-22,1,0,2.8,2.0870508131379033,0.182751,1.334282,4
WHAT “BUFF” MIGHT MEAN,WHAT “BUFF” MIGHT MEAN,1,2025-05-29,2025-05-29,1,0,2.0,2.058362948073614,0.159779,1.324247,4
WHAT “CAT’S EYE” CAN BE USED TO DESCRIBE,WHAT “CAT’S EYE” CAN BE USED TO DESCRIBE,1,2025-05-23,2025-05-23,1,0,2.5,2.6184329557843284,0.300019,1.828399,4
WHAT “CON” MIGHT MEAN,WHAT “CON” MIGHT MEAN,1,2025-06-06,2025-06-06,1,0,2.5,2.2638870304851424,0.190736,1.529757,4
WHAT “D” MIGHT STAND FOR,WHAT “D” MIGHT STAND FOR,1,2024-10-15,2024-10-15,1,0,3.5,2.775261457986903,0.321408,1.98745,4
WHAT “FORD” MIGHT REFER TO,WHAT “FORD” MIGHT REFER TO,1,2025-04-14,2025-04-14,1,0,3.4,3.2153381926673292,0.40462,2.410571,4
WHAT “GREEN” MIGHT MEAN,WHAT “GREEN” MIGHT MEAN,1,2024-08-02,2024-08-02,1,0,3.4,3.511741802053506,0.52248,2.63374,4
WHAT “ID” MIGHT REFER TO,WHAT “ID” MIGHT REFER TO,1,2025-07-04,2025-07-04,1,0,3.0,3.5199847720983364,0.518729,2.646975,4
WHAT “IN” MIGHT REFER TO,WHAT “IN” MIGHT REFER TO,1,2025-07-04,2025-07-04,1,0,3.0,3.5199847720983364,0.518729,2.646975,4
WHAT “JET” MIGHT REFER TO,WHAT “JET” MIGHT REFER TO,1,2025-06-30,2025-06-30,1,0,3.3,3.543662016927657,0.515863,2.677083,4
WHAT “LA” MIGHT REFER TO,WHAT “LA” MIGHT REFER TO,1,2025-07-04,2025-07-04,1,0,3.0,3.5199847720983364,0.518729,2.646975,4
WHAT “LEFT” MIGHT MEAN,WHAT “LEFT” MIGHT MEAN,1,2025-06-22,2025-06-22,1,0,2.8,3.560565146559865,0.502395,2.709999,4
WHAT “OK” MIGHT REFER TO,WHAT “OK” MIGHT REFER TO,1,2025-07-04,2025-07-04,1,0,3.0,3.5199847720983364,0.518729,2.646975,4
WHAT “SPRING” MIGHT REFER TO,WHAT “SPRING” MIGHT REFER TO,1,2024-09-06,2024-09-06,1,0,2.9,2.747672192051321,0.294024,1.983091,4
WHAT “W” MIGHT STAND FOR,WHAT “W” MIGHT STAND FOR,1,2025-03-02,2025-03-02,1,0,2.7,3.2641441542760825,0.463448,2.407897,4
WHAT’S LEFTOVER,WHAT’S LEFTOVER,1,2025-04-04,2025-04-04,1,0,2.5,2.002809814759039,0.165115,1.254994,4
"WHEN TRIPLED, HIT SONG TITLES","WHEN TRIPLED, HIT SONG TITLES",1,2024-12-24,2024-12-24,1,0,2.6,3.7017725078286836,0.548183,2.826678,4
WHERE YOU MIGHT FIND “A DRIVER”,WHERE YOU MIGHT FIND “A DRIVER”,1,2024-09-01,2024-09-01,1,0,3.4,3.121319314385012,0.391337,2.31568,4
WHERE YOU MIGHT MAKE A CONNECTION,WHERE YOU MIGHT MAKE A CONNECTION,1,2026-03-07,2026-03-07,1,0,1.5,1.4451282171794075,0.072871,0.705594,4
"WHO VIDEO GAMES ARE FOR, PER ESRB RATINGS","WHO VIDEO GAMES ARE FOR, PER ESRB RATINGS",1,2025-03-24,2025-03-24,1,0,2.6,1.7681519959596235,0.124852,1.02527,4
WIDE-LEGGED PANT STYLES,WIDE-LEGGED PANT STYLES,1,2025-12-13,2025-12-13,1,0,3.3,3.6245880967330306,0.555619,2.730437,4
WIGGLE ROOM,WIGGLE ROOM,1,2024-06-28,2024-06-28,1,0,2.7,2.4223712536847013,0.217238,1.6856,4
WILLIAMSES,WILLIAMSES,1,2025-04-02,2025-04-02,1,0,2.8,2.646590642471631,0.31317,1.847645,4
WIMBLEDON WINNERS,WIMBLEDON WINNERS,1,2025-08-07,2025-08-07,1,0,3.0,2.7185410630980757,0.317089,1.926509,4
WINDOW TREATMENTS IN THE SINGULAR,WINDOW TREATMENTS IN THE SINGULAR,1,2025-05-09,2025-05-09,1,0,2.7,2.207094496571249,0.17546,1.47969,4
WINE BOTTLE INFO,WINE BOTTLE INFO,1,2024-09-14,2024-09-14,1,0,3.4,2.7702586600558563,0.312363,1.990739,4
WINE NICKNAMES,WINE NICKNAMES,1,2025-07-13,2025-07-13,1,0,2.4,2.415341609892779,0.248499,1.646251,4
WINE VESSELS,WINE VESSELS,1,2025-08-24,2025-08-24,1,0,2.0,2.586314575877468,0.299343,1.792121,4
WITHOUT,WITHOUT,1,2025-05-10,2025-05-10,1,0,3.0,2.0100619596403195,0.159767,1.268686,4
WOMEN’S NICKNAMES,WOMEN’S NICKNAMES,1,2025-11-26,2025-11-26,1,0,2.7,2.7117573873072804,0.277703,1.95809,4
WONDERS OF THE WORLD,WONDERS OF THE WORLD,1,2024-08-30,2024-08-30,1,0,3.9,2.681144366333111,0.275145,1.925426,4
WOO,WOO,1,2025-01-12,2025-01-12,1,0,3.8,4.086945360420125,0.622421,3.195603,4
WOODWORKING HAND TOOLS,WOODWORKING HAND TOOLS,1,2025-06-25,2025-06-25,1,0,3.0,2.5547150754641503,0.233345,1.821762,4
WOODWORKING JOINT TERMS,WOODWORKING JOINT TERMS,1,2025-12-07,2025-12-07,1,0,2.8,2.448868004505737,0.236659,1.696665,4
WOODWORKING TOOLS,WOODWORKING TOOLS,1,2025-11-27,2025-11-27,1,0,3.3,3.3981228375753885,0.430451,2.595044,4
WORDS ABBREVIATED WITH “T” + LETTER,WORDS ABBREVIATED WITH “T” + LETTER,1,2025-03-22,2025-03-22,1,0,2.3,2.9319482895739872,0.309613,2.179522,4
"WORDS AFTER ""I""","WORDS AFTER ""I""",1,2025-11-08,2025-11-08,1,0,2.8,2.749260119747642,0.314402,1.96454,4
"WORDS AFTER ""QUICK""","WORDS AFTER ""QUICK""",1,2026-01-19,2026-01-19,1,0,2.8,3.4476406288411128,0.44294,2.639528,4
"WORDS AFTER ""THE"" IN ""STAR WARS"" MOVIE TITLES","WORDS AFTER ""THE"" IN ""STAR WARS"" MOVIE TITLES",1,2026-05-23,2026-05-23,1,0,,2.3833675080360495,0.21594,1.642022,4
"WORDS AFTER ""TWO""","WORDS AFTER ""TWO""",1,2026-02-08,2026-02-08,1,0,2.0,2.753749253054427,0.298413,1.985694,4
WORDS AFTER A WELCOME DEPARTURE,WORDS AFTER A WELCOME DEPARTURE,1,2025-10-13,2025-10-13,1,0,3.3,1.4404835069390474,0.075822,0.697299,4
WORDS AFTER THE LETTERS “MS”,WORDS AFTER THE LETTERS “MS”,1,2025-08-08,2025-08-08,1,0,2.8,3.283446992922818,0.4264,2.467154,4
WORDS AFTER THE PREFIX “TRI-”,WORDS AFTER THE PREFIX “TRI-”,1,2025-01-25,2025-01-25,1,0,3.3,2.4837337513792477,0.281905,1.691534,4
WORDS AFTER “ASH”,WORDS AFTER “ASH”,1,2024-11-24,2024-11-24,1,0,3.0,2.868835334090503,0.381107,2.035413,4
WORDS AFTER “EYE”,WORDS AFTER “EYE”,1,2024-08-05,2024-08-05,1,0,2.6,1.6016690324266003,0.097135,0.861439,4
WORDS AFTER “GOLDEN”,WORDS AFTER “GOLDEN”,1,2025-02-22,2025-02-22,1,0,3.0,2.4449611982687576,0.229145,1.699684,4
WORDS AFTER “GO”,WORDS AFTER “GO”,1,2025-04-11,2025-04-11,1,0,2.5,2.2261713575491053,0.186741,1.490358,4
WORDS AFTER “HEDGE”,WORDS AFTER “HEDGE”,1,2024-07-09,2024-07-09,1,0,3.5,3.7135094402923485,0.575852,2.812513,4
WORDS AFTER “KITTY”,WORDS AFTER “KITTY”,1,2024-09-20,2024-09-20,1,0,2.9,3.258527740059539,0.397055,2.467828,4
WORDS AFTER “K”,WORDS AFTER “K”,1,2025-02-02,2025-02-02,1,0,3.0,3.992448452453638,0.611442,3.097858,4
WORDS AFTER “NO” TO MEAN “IT’S ALL GOOD”,WORDS AFTER “NO” TO MEAN “IT’S ALL GOOD”,1,2025-07-17,2025-07-17,1,0,2.8,2.8915347909294775,0.36416,2.078477,4
WORDS AFTER “PAY”,WORDS AFTER “PAY”,1,2024-08-15,2024-08-15,1,0,3.2,2.9698256234577616,0.312857,2.219858,4
WORDS AFTER “T-”,WORDS AFTER “T-”,1,2025-07-02,2025-07-02,1,0,3.5,3.893702295167332,0.593926,3.001761,4
WORDS AFTER “X”,WORDS AFTER “X”,1,2024-12-09,2024-12-09,1,0,2.6,2.2275654659371176,0.183603,1.4951,4
"WORDS BEFORE ""BALL"" IN SPORTS","WORDS BEFORE ""BALL"" IN SPORTS",1,2025-10-18,2025-10-18,1,0,2.7,3.6792894680649053,0.507529,2.841464,4
"WORDS BEFORE ""CASTLE""","WORDS BEFORE ""CASTLE""",1,2026-03-07,2026-03-07,1,0,1.5,1.4451282171794075,0.072871,0.705594,4
"WORDS BEFORE ""FLY"" IN INSECT NAMES","WORDS BEFORE ""FLY"" IN INSECT NAMES",1,2026-02-06,2026-02-06,1,0,2.5,2.450219524794614,0.272141,1.662738,4
"WORDS BEFORE ""LIGHT""","WORDS BEFORE ""LIGHT""",1,2026-01-23,2026-01-23,1,0,3.0,3.315702697720767,0.420151,2.510515,4
"WORDS BEFORE ""MINT""","WORDS BEFORE ""MINT""",1,2026-02-14,2026-02-14,1,0,2.3,2.8528413300030957,0.325294,2.072824,4
"WORDS BEFORE ""SCHOOL""","WORDS BEFORE ""SCHOOL""",1,2025-07-27,2025-07-27,1,0,2.8,2.093537241379633,0.15702,1.367476,4
"WORDS BEFORE ""STOOL""","WORDS BEFORE ""STOOL""",1,2025-08-26,2025-08-26,1,0,3.3,3.7935550763339716,0.55044,2.930022,4
"WORDS BEFORE ""STORY"" IN MOVIE TITLES","WORDS BEFORE ""STORY"" IN MOVIE TITLES",1,2026-06-13,2026-06-13,1,0,1.8,1.8952609581249844,0.124869,1.171499,4
"WORDS BEFORE ""WATCH""","WORDS BEFORE ""WATCH""",1,2025-08-18,2025-08-18,1,0,2.8,2.0286668749481684,0.152354,1.297505,4
WORDS BEFORE AN ADDRESSEE,WORDS BEFORE AN ADDRESSEE,1,2024-12-31,2024-12-31,1,0,2.8,2.370803149646333,0.231842,1.611664,4
WORDS BEFORE “BED”,WORDS BEFORE “BED”,1,2025-05-20,2025-05-20,1,0,2.5,2.508705152935345,0.25437,1.7478,4
WORDS BEFORE “BELL”,WORDS BEFORE “BELL”,1,2024-07-04,2024-07-04,1,0,2.3,1.8064065387214507,0.134243,1.059893,4
WORDS BEFORE “COWBOY” IN FILM AND MUSIC,WORDS BEFORE “COWBOY” IN FILM AND MUSIC,1,2025-03-01,2025-03-01,1,0,3.8,3.006636516573399,0.381939,2.193129,4
WORDS BEFORE “CUP”,WORDS BEFORE “CUP”,1,2024-12-14,2024-12-14,1,0,3.0,3.1517115725595835,0.421427,2.320558,4
WORDS BEFORE “DRUM”,WORDS BEFORE “DRUM”,1,2025-01-05,2025-01-05,1,0,2.0,2.633112812812712,0.249526,1.895782,4
WORDS BEFORE “FINGERS”,WORDS BEFORE “FINGERS”,1,2025-02-04,2025-02-04,1,0,3.2,2.153999304978182,0.18124,1.412821,4
WORDS BEFORE “HOP”,WORDS BEFORE “HOP”,1,2025-04-20,2025-04-20,1,0,3.5,3.061643826903141,0.394986,2.243371,4
WORDS BEFORE “NUT”,WORDS BEFORE “NUT”,1,2024-07-14,2024-07-14,1,0,2.6,1.9200715678782247,0.156635,1.168279,4
WORDS BEFORE “ROGER/S”,WORDS BEFORE “ROGER/S”,1,2025-07-14,2025-07-14,1,0,3.0,2.7860119110114185,0.331674,1.989553,4
WORDS BEFORE “ROOM” TO MEAN LAVATORY,WORDS BEFORE “ROOM” TO MEAN LAVATORY,1,2024-11-09,2024-11-09,1,0,2.0,1.934844423408801,0.148581,1.19333,4
WORDS BEFORE “SHACK”,WORDS BEFORE “SHACK”,1,2025-05-30,2025-05-30,1,0,2.8,2.900936331099757,0.344908,2.108546,4
WORDS DERIVED FROM JAPANESE,WORDS DERIVED FROM JAPANESE,1,2025-01-25,2025-01-25,1,0,3.3,2.4837337513792477,0.281905,1.691534,4
WORDS ENDING IN NUMBERS,WORDS ENDING IN NUMBERS,1,2024-07-08,2024-07-08,1,0,2.3,1.9858197706387999,0.179898,1.220663,4
WORDS FAMOUSLY PRONOUNCED DIFFERENT WAYS,WORDS FAMOUSLY PRONOUNCED DIFFERENT WAYS,1,2025-02-10,2025-02-10,1,0,2.8,2.1965543766077675,0.227742,1.415281,4
"WORDS FOR LUCIDITY, IN THE SINGULAR","WORDS FOR LUCIDITY, IN THE SINGULAR",1,2026-03-06,2026-03-06,1,0,3.5,2.687705541034548,0.262427,1.945693,4
WORDS FOR SAUSAGE,WORDS FOR SAUSAGE,1,2024-06-22,2024-06-22,1,0,1.7,2.3445671422893897,0.236191,1.577129,4
WORDS FOR UNSPECIFIED CHOICES,WORDS FOR UNSPECIFIED CHOICES,1,2026-04-07,2026-04-07,1,0,2.0,2.761641957712494,0.295105,1.998083,4
WORDS FORMED BY TWO MEN’S NAMES,WORDS FORMED BY TWO MEN’S NAMES,1,2026-01-15,2026-01-15,1,0,1.7,1.7377267102796008,0.100429,1.014687,4
WORDS IN A FAMOUS MUHAMMAD ALI QUOTE,WORDS IN A FAMOUS MUHAMMAD ALI QUOTE,1,2025-10-26,2025-10-26,1,0,2.5,2.4538082240054013,0.259892,1.679116,4
WORDS IN A FAMOUS QUOTE BY CAESAR,WORDS IN A FAMOUS QUOTE BY CAESAR,1,2025-11-10,2025-11-10,1,0,2.0,1.8603482774279372,0.134343,1.121856,4
WORDS IN A FAMOUS TONGUE TWISTER,WORDS IN A FAMOUS TONGUE TWISTER,1,2025-09-30,2025-09-30,1,0,3.0,2.8438708856934483,0.358919,2.028878,4
WORDS IN A PLANETARY MNEMONIC,WORDS IN A PLANETARY MNEMONIC,1,2026-04-23,2026-04-23,1,0,2.3,3.014270216057134,0.414138,2.169713,4
WORDS IN AN AUCTION-ENDING PHRASE,WORDS IN AN AUCTION-ENDING PHRASE,1,2024-12-14,2024-12-14,1,0,3.0,3.1517115725595835,0.421427,2.320558,4
WORDS IN HEMINGWAY TITLES,WORDS IN HEMINGWAY TITLES,1,2025-06-23,2025-06-23,1,0,2.8,3.1725658348176666,0.391291,2.374688,4
WORDS IN “DO-RE-MI”,WORDS IN “DO-RE-MI”,1,2024-10-10,2024-10-10,1,0,3.4,3.1278535455951593,0.385581,2.328954,4
WORDS MISSPELLED IN NU METAL BAND NAMES,WORDS MISSPELLED IN NU METAL BAND NAMES,1,2025-01-08,2025-01-08,1,0,3.3,2.935824675740156,0.354305,2.13929,4
WORDS ON A DOOR,WORDS ON A DOOR,1,2025-08-17,2025-08-17,1,0,2.0,2.949617135845746,0.322919,2.186545,4
WORDS ON A MAC KEYBOARD,WORDS ON A MAC KEYBOARD,1,2025-02-15,2025-02-15,1,0,3.3,2.228737073235771,0.203751,1.4763,4
WORDS ON A MONOPOLY BOARD,WORDS ON A MONOPOLY BOARD,1,2026-03-20,2026-03-20,1,0,2.8,3.3016773067872545,0.456544,2.457985,4
WORDS ON A RESTAURANT RECEIPT,WORDS ON A RESTAURANT RECEIPT,1,2024-11-14,2024-11-14,1,0,2.6,2.562127143003407,0.256397,1.807238,4
WORDS ON MONOPOLY SQUARES,WORDS ON MONOPOLY SQUARES,1,2025-11-16,2025-11-16,1,0,1.7,2.719052120287696,0.264396,1.97979,4
WORDS PRONOUNCED DIFFERENT WAYS AS PROPER NOUNS,WORDS PRONOUNCED DIFFERENT WAYS AS PROPER NOUNS,1,2026-04-22,2026-04-22,1,0,2.3,2.891472212498096,0.37611,2.066455,4
WORDS PRONOUNCED DIFFERENTLY AS PROPER NOUNS,WORDS PRONOUNCED DIFFERENTLY AS PROPER NOUNS,1,2025-04-02,2025-04-02,1,0,2.8,2.646590642471631,0.31317,1.847645,4
WORDS PRONOUNCED “SH” WITHOUT AN “SH”,WORDS PRONOUNCED “SH” WITHOUT AN “SH”,1,2025-04-08,2025-04-08,1,0,1.8,2.257975976154175,0.185408,1.528284,4
WORDS REPEATED IN HIT SONG TITLES,WORDS REPEATED IN HIT SONG TITLES,1,2026-06-20,2026-06-20,1,0,2.3,2.030401688129261,0.194552,1.257303,4
WORDS REPEATED IN “MISS MARY MACK”,WORDS REPEATED IN “MISS MARY MACK”,1,2025-03-23,2025-03-23,1,0,3.0,3.837257419205562,0.580911,2.949833,4
"WORDS REPRESENTED BY THE LETTER ""R""","WORDS REPRESENTED BY THE LETTER ""R""",1,2024-07-27,2024-07-27,1,0,2.6,2.567083876255798,0.279211,1.790127,4
WORDS SAID FREQUENTLY IN THE “BILL AND TED” MOVIES,WORDS SAID FREQUENTLY IN THE “BILL AND TED” MOVIES,1,2025-03-08,2025-03-08,1,0,2.8,2.749114972552631,0.254734,2.024041,4
WORDS SAID TO AN UNSUSPECTING PERSON,WORDS SAID TO AN UNSUSPECTING PERSON,1,2025-02-14,2025-02-14,1,0,2.5,1.8313127544115249,0.12275,1.100042,4
WORDS SAID TO HAVE NO EXACT RHYMES,WORDS SAID TO HAVE NO EXACT RHYMES,1,2025-03-12,2025-03-12,1,0,4.0,3.596672032322454,0.510483,2.743454,4
WORDS SHORTENED IN ROCK GENRES,WORDS SHORTENED IN ROCK GENRES,1,2025-02-15,2025-02-15,1,0,3.3,2.228737073235771,0.203751,1.4763,4
WORDS SPELLING OUT INITIALISMS,WORDS SPELLING OUT INITIALISMS,1,2026-02-10,2026-02-10,1,0,1.5,2.642562155951408,0.302715,1.853465,4
WORDS STARTING WITH THE “SAY” SOUND,WORDS STARTING WITH THE “SAY” SOUND,1,2025-10-29,2025-10-29,1,0,2.5,2.2535815796393437,0.191195,1.517441,4
WORDS THAT MAKE UP THE ACRONYM “HVAC”,WORDS THAT MAKE UP THE ACRONYM “HVAC”,1,2024-08-25,2024-08-25,1,0,2.6,1.8969644820903857,0.118369,1.179959,4
WORDS THAT MODIFY “WATCH”,WORDS THAT MODIFY “WATCH”,1,2025-03-23,2025-03-23,1,0,3.0,3.837257419205562,0.580911,2.949833,4
"WORDS THAT PRECEDE ""-SIZE"" TO MEAN SMALL","WORDS THAT PRECEDE ""-SIZE"" TO MEAN SMALL",1,2025-05-01,2025-05-01,1,0,4.5,3.541751636480742,0.488085,2.702663,4
WORDS THAT PRECEDE “POP” IN MUSIC GENRES,WORDS THAT PRECEDE “POP” IN MUSIC GENRES,1,2024-07-05,2024-07-05,1,0,3.2,3.797740008932649,0.602023,2.883254,4
WORDS THAT SEEM LONGER WRITTEN THAN SPOKEN,WORDS THAT SEEM LONGER WRITTEN THAN SPOKEN,1,2024-11-13,2024-11-13,1,0,3.2,2.8962047063713667,0.327611,2.120399,4
WORDS THAT SOUND LIKE STATE ABBREVIATIONS,WORDS THAT SOUND LIKE STATE ABBREVIATIONS,1,2026-03-16,2026-03-16,1,0,2.0,2.2729591647457856,0.226924,1.504007,4
WORDS THAT SOUND LIKE TWO LETTERS,WORDS THAT SOUND LIKE TWO LETTERS,1,2025-11-20,2025-11-20,1,0,3.0,3.1228437945050707,0.386926,2.321845,4
WORDS THAT SOUNDS LIKE TWO LETTERS,WORDS THAT SOUNDS LIKE TWO LETTERS,1,2025-08-04,2025-08-04,1,0,3.0,3.507897574247909,0.496216,2.655581,4
WORDS WHOSE ONLY VOWEL IS “Y”,WORDS WHOSE ONLY VOWEL IS “Y”,1,2025-06-02,2025-06-02,1,0,2.3,2.5928383773490515,0.279228,1.819742,4
WORDS WITH APOSTROPHES REMOVED,WORDS WITH APOSTROPHES REMOVED,1,2024-11-04,2024-11-04,1,0,2.8,2.975758406410736,0.316376,2.223165,4
WORDS WITH DIMINUTIVE SUFFIXES,WORDS WITH DIMINUTIVE SUFFIXES,1,2025-10-26,2025-10-26,1,0,2.5,2.4538082240054013,0.259892,1.679116,4
WORDS WITH THE PREFIX MEANING “THREE”,WORDS WITH THE PREFIX MEANING “THREE”,1,2025-03-22,2025-03-22,1,0,2.3,2.9319482895739872,0.309613,2.179522,4
WORK COMMUNICATION PLATFORMS,WORK COMMUNICATION PLATFORMS,1,2024-11-22,2024-11-22,1,0,2.8,3.0942993383460315,0.369145,2.306784,4
WORN BY EARRING MAGIC KEN,WORN BY EARRING MAGIC KEN,1,2025-09-02,2025-09-02,1,0,2.8,2.037008927509354,0.195516,1.263941,4
WRAPPED THINGS,WRAPPED THINGS,1,2024-07-25,2024-07-25,1,0,2.6,3.265985872277452,0.373655,2.499809,4
WREST,WREST,1,2025-02-11,2025-02-11,1,0,3.5,2.971101528142052,0.370072,2.164111,4
WRINKLY THINGS,WRINKLY THINGS,1,2025-09-24,2025-09-24,1,0,2.0,1.7512923235714306,0.131339,0.999385,4
WRITE,WRITE,1,2026-01-02,2026-01-02,1,0,2.3,2.967536295843033,0.352498,2.177583,4
Y-SHAPED THINGS,Y-SHAPED THINGS,1,2026-01-31,2026-01-31,1,0,2.8,2.1427742988490186,0.19283,1.388316,4
YELLOW ___,YELLOW ___,1,2024-10-23,2024-10-23,1,1,2.8,3.085153326770562,0.389592,2.275814,4
YOGA ACCESSORIES,YOGA ACCESSORIES,1,2025-02-11,2025-02-11,1,0,3.5,2.971101528142052,0.370072,2.164111,4
YOGA BACKBENDS,YOGA BACKBENDS,1,2025-07-18,2025-07-18,1,0,2.5,3.408962812522576,0.486285,2.551682,4
YOGA POSES,YOGA POSES,1,2024-08-19,2024-08-19,1,0,3.0,2.713610404192095,0.347465,1.89046,4
YOU GOT IT!,YOU GOT IT!,1,2025-03-27,2025-03-27,1,0,4.2,4.145833402640437,0.655845,3.229933,4
ZOOM,ZOOM,1,2026-02-17,2026-02-17,1,0,2.8,2.6191491311657016,0.237292,1.89195,4
[LETTER] (IS) FOR ___,[LETTER] (IS) FOR ___,1,2025-08-04,2025-08-04,1,1,3.0,3.507897574247909,0.496216,2.655581,4
___ AD,___ AD,1,2024-06-26,2024-06-26,1,1,3.3,3.210815162710212,0.393307,2.41668,4
___ ANIMAL,___ ANIMAL,1,2026-01-06,2026-01-06,1,1,2.0,4.131570735154601,0.647208,3.22216,4
___ BAG,___ BAG,1,2025-10-23,2025-10-23,1,1,2.0,2.771643207850185,0.299197,2.005498,4
___ BAND,___ BAND,1,2024-11-27,2024-11-27,1,1,2.7,2.8746316612972693,0.302777,2.120412,4
___ BEAM,___ BEAM,1,2026-02-24,2026-02-24,1,1,2.3,2.3285253352335653,0.22813,1.566733,4
___ BIRD,___ BIRD,1,2024-11-11,2024-11-11,1,1,2.8,2.663142637572195,0.310074,1.869785,4
___ BOYS,___ BOYS,1,2024-09-08,2024-09-08,1,1,3.3,3.0250493508627003,0.31579,2.280463,4
___ BROTHERS,___ BROTHERS,1,2025-06-27,2025-06-27,1,1,1.8,1.783786174066584,0.153779,1.014331,4
___ CALL,___ CALL,1,2025-08-24,2025-08-24,1,1,2.0,2.586314575877468,0.299343,1.792121,4
___ CAMP,___ CAMP,1,2026-04-04,2026-04-04,1,1,2.0,2.360276936000936,0.239245,1.59215,4
___ CANDY,___ CANDY,1,2025-03-12,2025-03-12,1,1,4.0,3.596672032322454,0.510483,2.743454,4
___ CAR,___ CAR,1,2025-10-05,2025-10-05,1,1,2.8,2.59804716261673,0.305504,1.799459,4
___ CHAIN,___ CHAIN,1,2025-03-04,2025-03-04,1,1,4.3,4.095931449337618,0.63019,3.198173,4
___ CHECK,___ CHECK,1,2026-03-18,2026-03-18,1,1,3.0,3.238858122273314,0.433844,2.408408,4
___ CHEESE,___ CHEESE,1,2024-10-06,2024-10-06,1,1,2.3,1.401086907804497,0.064242,0.663551,4
___ CHICKEN,___ CHICKEN,1,2026-03-02,2026-03-02,1,1,1.3,1.890286841974988,0.146473,1.144172,4
___ CHILD,___ CHILD,1,2024-06-15,2024-06-15,1,1,2.8,2.800467528660683,0.327455,2.010404,4
___ CITY NICKNAMES,___ CITY NICKNAMES,1,2024-06-23,2024-06-23,1,1,3.5,3.4195255302529457,0.453894,2.596226,4
___ CLEANER,___ CLEANER,1,2025-05-13,2025-05-13,1,1,2.8,1.7724629545659456,0.137249,1.017833,4
___ CLIP,___ CLIP,1,2024-12-02,2024-12-02,1,1,3.0,3.5823450481154753,0.466447,2.771006,4
___ CODE,___ CODE,1,2025-08-05,2025-08-05,1,1,2.0,2.105786969322679,0.218317,1.320273,4
___ COURT,___ COURT,1,2025-01-11,2025-01-11,1,1,2.6,3.2214091696562726,0.38686,2.435316,4
___ CRAB,___ CRAB,1,2024-11-18,2024-11-18,1,1,2.3,1.7883596144267586,0.134775,1.038597,4
___ CREAM,___ CREAM,1,2026-02-18,2026-02-18,1,1,2.3,2.1625134482256683,0.181066,1.422791,4
___ DATE,___ DATE,1,2024-10-04,2024-10-04,1,1,2.3,1.5320557423833003,0.103061,0.775419,4
___ DEAL,___ DEAL,1,2025-11-22,2025-11-22,1,1,3.0,2.877797086951347,0.34086,2.085971,4
___ DERBY,___ DERBY,1,2024-09-25,2024-09-25,1,1,3.0,2.5494332820265257,0.222451,1.826579,4
___ DOLL,___ DOLL,1,2026-04-12,2026-04-12,1,1,2.0,1.7093734659942297,0.113419,0.969075,4
___ DOME,___ DOME,1,2024-12-18,2024-12-18,1,1,3.3,2.743898364981029,0.315183,1.95759,4
___ DOODLE,___ DOODLE,1,2025-08-21,2025-08-21,1,1,2.5,2.7970135469063435,0.322075,2.01181,4
___ DUTY,___ DUTY,1,2025-06-10,2025-06-10,1,1,3.0,3.2499275514689026,0.410625,2.444363,4
___ EFFECT,___ EFFECT,1,2024-11-01,2024-11-01,1,1,2.6,2.205725593384766,0.222587,1.430988,4
___ EYE,___ EYE,1,2025-10-10,2025-10-10,1,1,2.8,3.1123028053967086,0.413553,2.28309,4
___ FOOD,___ FOOD,1,2025-02-08,2025-02-08,1,1,3.8,1.8573532041703995,0.125807,1.126946,4
___ FOUR,___ FOUR,1,2025-10-27,2025-10-27,1,1,2.3,2.16580316159763,0.179189,1.428453,4
___ FUND,___ FUND,1,2025-06-01,2025-06-01,1,1,2.5,2.8021119507742234,0.329852,2.009899,4
___ GAME,___ GAME,1,2024-07-02,2024-07-02,1,1,2.7,2.8826947183518765,0.36953,2.062936,4
___ GLASS GLASSWARE,___ GLASS GLASSWARE,1,2025-06-23,2025-06-23,1,1,2.8,3.1725658348176666,0.391291,2.374688,4
___ GOOSE,___ GOOSE,1,2024-07-12,2024-07-12,1,1,3.0,3.0005264280648416,0.391998,2.17604,4
___ GUITAR,___ GUITAR,1,2025-11-04,2025-11-04,1,1,2.8,2.4800294558993796,0.25826,1.710917,4
___ HALL,___ HALL,1,2025-03-28,2025-03-28,1,1,3.0,2.111803190184163,0.166318,1.379194,4
___ HAND,___ HAND,1,2026-01-30,2026-01-30,1,1,2.0,2.5630606046048574,0.232566,1.832143,4
___ HOUSE,___ HOUSE,1,2025-01-29,2025-01-29,1,1,2.5,2.297529021367181,0.19381,1.56539,4
___ HUNT,___ HUNT,1,2024-10-31,2024-10-31,1,1,3.3,3.0615482209663076,0.325338,2.312909,4
___ IS ___ (IS ___),___ IS ___ (IS ___),1,2025-01-07,2025-01-07,1,1,3.0,3.7297737484375313,0.529005,2.878073,4
___ JOINT,___ JOINT,1,2025-04-06,2025-04-06,1,1,3.5,2.3507832664733446,0.234472,1.586,4
___ KING,___ KING,1,2024-09-14,2024-09-14,1,1,3.4,2.7702586600558563,0.312363,1.990739,4
___ LAW,___ LAW,1,2024-10-17,2024-10-17,1,1,3.3,3.5425851464209566,0.47361,2.718097,4
___ MAIL,___ MAIL,1,2025-05-25,2025-05-25,1,1,2.3,2.825453705679745,0.311209,2.055398,4
___ MARK,___ MARK,1,2026-03-29,2026-03-29,1,1,1.5,2.4319674823081696,0.283546,1.630333,4
___ MONDAY,___ MONDAY,1,2026-04-20,2026-04-20,1,1,1.3,2.81708470962727,0.342542,2.014436,4
___ MOVIE,___ MOVIE,1,2025-07-28,2025-07-28,1,1,2.0,2.8906908512507,0.31968,2.121986,4
___ MUSTARD,___ MUSTARD,1,2026-05-21,2026-05-21,1,1,3.0,3.9624221042736765,0.589095,3.085658,4
___ OF TIME,___ OF TIME,1,2024-11-15,2024-11-15,1,1,3.0,2.812021940699483,0.262188,2.088965,4
___ OFFICE,___ OFFICE,1,2025-11-13,2025-11-13,1,1,1.7,2.937254419068261,0.377345,2.117895,4
___ PARK,___ PARK,1,2024-09-23,2024-09-23,1,1,3.3,3.4898019778399196,0.454705,2.676272,4
___ PATCH,___ PATCH,1,2025-01-24,2025-01-24,1,1,2.8,2.196288418274394,0.203908,1.438809,4
___ PIE,___ PIE,1,2025-07-22,2025-07-22,1,1,1.5,2.46938243111562,0.231442,1.725485,4
___ PIECE,___ PIECE,1,2026-05-09,2026-05-09,1,1,2.3,2.826574033430461,0.292963,2.074933,4
___ PLANT,___ PLANT,1,2026-03-28,2026-03-28,1,1,2.8,3.440776991721329,0.425416,2.649155,4
___ PRESS,___ PRESS,1,2026-02-27,2026-02-27,1,1,2.0,1.9282111096822987,0.153344,1.180935,4
___ PRIZE,___ PRIZE,1,2025-10-01,2025-10-01,1,1,3.5,3.9616476961853233,0.60087,3.072992,4
___ QUEEN,___ QUEEN,1,2026-02-12,2026-02-12,1,1,2.5,2.731125411820039,0.32038,1.937697,4
___ RABBIT,___ RABBIT,1,2025-09-16,2025-09-16,1,1,2.3,1.62514724307833,0.131275,0.854312,4
___ RADIO,___ RADIO,1,2024-08-08,2024-08-08,1,1,2.3,1.5371863046117522,0.078569,0.805814,4
___ RAT,___ RAT,1,2025-01-16,2025-01-16,1,1,2.0,2.3881399825738145,0.224743,1.63871,4
___ RING,___ RING,1,2026-06-01,2026-06-01,1,1,3.0,3.2942791455660823,0.447615,2.458402,4
___ ROAD,___ ROAD,1,2025-03-14,2025-03-14,1,1,3.3,2.0637707675188834,0.186178,1.30407,4
___ ROCK,___ ROCK,1,2025-08-19,2025-08-19,1,1,3.0,2.4057679790361988,0.257291,1.626444,4
___ ROLL,___ ROLL,1,2024-10-13,2024-10-13,1,1,3.0,3.2904357869053653,0.439691,2.461904,4
___ SEAL,___ SEAL,1,2025-10-15,2025-10-15,1,1,3.3,3.6574156988622226,0.50254,2.821286,4
___ SHEET,___ SHEET,1,2025-01-20,2025-01-20,1,1,3.0,2.5960637739998704,0.276398,1.826283,4
___ SOCKS,___ SOCKS,1,2024-08-01,2024-08-01,1,1,3.1,2.0148718074079377,0.095331,1.338656,4
___ SPLIT,___ SPLIT,1,2025-08-29,2025-08-29,1,1,2.5,3.0615178008954973,0.355868,2.282344,4
___ SQUARE,___ SQUARE,1,2024-10-29,2024-10-29,1,1,3.8,3.2562227678369653,0.408009,2.454222,4
___ STRIP,___ STRIP,1,2025-05-10,2025-05-10,1,1,3.0,2.0100619596403195,0.159767,1.268686,4
___ SURF,___ SURF,1,2026-03-22,2026-03-22,1,1,2.0,2.095608413629405,0.176335,1.350544,4
___ TAG,___ TAG,1,2024-07-06,2024-07-06,1,1,3.2,2.349372644332606,0.232602,1.586247,4
___ TALE,___ TALE,1,2024-06-16,2024-06-16,1,1,2.5,2.3442924925072126,0.227135,1.585869,4
___ TALK,___ TALK,1,2025-12-05,2025-12-05,1,1,1.7,2.2335825559434817,0.209185,1.476441,4
___ TERRIER,___ TERRIER,1,2025-06-14,2025-06-14,1,1,2.5,3.127151276531871,0.38259,2.331137,4
___ TRIP,___ TRIP,1,2025-02-13,2025-02-13,1,1,3.0,2.2986067610187613,0.195981,1.564459,4
___ TUBE,___ TUBE,1,2025-04-25,2025-04-25,1,1,2.3,1.73953713906528,0.118355,0.998844,4
___ TUESDAY,___ TUESDAY,1,2024-11-28,2024-11-28,1,1,2.3,1.6948274572774134,0.128698,0.93706,4
___ UP,___ UP,1,2025-01-22,2025-01-22,1,1,3.3,2.5876582738624223,0.278259,1.814751,4
___ ZONE,___ ZONE,1,2025-11-15,2025-11-15,1,1,2.3,1.9562992647791764,0.138026,1.22857,4
___BALL PITCHES,___BALL PITCHES,1,2024-11-30,2024-11-30,1,1,3.0,2.4738081168461434,0.236406,1.725613,4
___BALL RECREATIONAL SPORTS,___BALL RECREATIONAL SPORTS,1,2025-03-05,2025-03-05,1,1,4.0,3.1453355257176523,0.382255,2.352394,4
___BERRY,___BERRY,1,2025-04-13,2025-04-13,1,1,3.5,2.0574216641682415,0.160532,1.322411,4
___BOX,___BOX,1,2025-03-08,2025-03-08,1,1,2.8,2.749114972552631,0.254734,2.024041,4
___CAKE,___CAKE,1,2025-02-15,2025-02-15,1,1,3.3,2.228737073235771,0.203751,1.4763,4
___CAP,___CAP,1,2025-02-11,2025-02-11,1,1,3.5,2.971101528142052,0.370072,2.164111,4
___CORN,___CORN,1,2025-10-20,2025-10-20,1,1,3.3,3.557227630219487,0.52802,2.680534,4
___DOG,___DOG,1,2025-09-09,2025-09-09,1,1,3.3,2.5933337899308264,0.279393,1.820147,4
___DROP,___DROP,1,2025-12-21,2025-12-21,1,1,1.5,3.242259955334835,0.417584,2.428582,4
___FISH,___FISH,1,2025-02-17,2025-02-17,1,1,2.8,2.3971460618235545,0.231698,1.642117,4
___FLOWER,___FLOWER,1,2024-06-29,2024-06-29,1,1,3.3,1.5173289515313808,0.042234,0.819302,4
___HEAD,___HEAD,1,2024-09-03,2024-09-03,1,1,3.1,2.9806734207088716,0.363165,2.182031,4
___HORN,___HORN,1,2024-08-06,2024-08-06,1,1,2.7,2.3895253995130235,0.204021,1.661026,4
___HOUSE (THAT AREN’T HOUSES),___HOUSE (THAT AREN’T HOUSES),1,2024-08-13,2024-08-13,1,1,2.8,2.4887739225401475,0.244064,1.735174,4
___LIFE,___LIFE,1,2026-04-07,2026-04-07,1,1,2.0,2.761641957712494,0.295105,1.998083,4
___MAN,___MAN,1,2025-03-30,2025-03-30,1,1,3.4,3.5391720144759917,0.483345,2.704435,4
___NECK,___NECK,1,2025-05-02,2025-05-02,1,1,4.0,3.4610393663159233,0.481206,2.616678,4
___PLAY,___PLAY,1,2025-03-31,2025-03-31,1,1,2.2,1.8237746608646233,0.145035,1.069084,4
___POLE,___POLE,1,2025-04-23,2025-04-23,1,1,2.8,1.5506328450549798,0.098785,0.801069,4
___POOL,___POOL,1,2024-10-21,2024-10-21,1,1,1.8,1.8837022003617832,0.128388,1.154681,4
___STICK,___STICK,1,2025-05-08,2025-05-08,1,1,4.0,2.480242396395055,0.266818,1.702604,4
___STICKS,___STICKS,1,2025-08-31,2025-08-31,1,1,3.3,3.4483168235579917,0.488855,2.594391,4
___STRING,___STRING,1,2025-03-02,2025-03-02,1,1,2.7,3.2641441542760825,0.463448,2.407897,4
___TAIL,___TAIL,1,2025-02-19,2025-02-19,1,1,2.3,1.7641313317433238,0.102197,1.043299,4
___WORD,___WORD,1,2025-07-20,2025-07-20,1,1,2.5,3.2811672259017723,0.423313,2.467618,4
___WORM,___WORM,1,2025-01-13,2025-01-13,1,1,2.6,1.8331023237200768,0.107055,1.117796,4
À/A LA ___,À/A LA ___,1,2025-03-19,2025-03-19,1,1,3.0,2.9222903516640173,0.330849,2.147174,4
"“AAH, ENOUGH!”","“AAH, ENOUGH!”",1,2025-02-10,2025-02-10,1,0,2.8,2.1965543766077675,0.227742,1.415281,4
“BATMAN” VILLAINS,“BATMAN” VILLAINS,1,2025-04-24,2025-04-24,1,0,2.8,2.2813672723178744,0.220358,1.520247,4
“CALM DOWN”,“CALM DOWN”,1,2025-01-10,2025-01-10,1,0,2.3,2.593370294015799,0.257588,1.841994,4
“EXTRA VIRGIN OLIVE OIL”,“EXTRA VIRGIN OLIVE OIL”,1,2025-01-27,2025-01-27,1,0,3.0,1.4905827561296967,0.086293,0.74447,4
“E” THINGS,“E” THINGS,1,2025-05-17,2025-05-17,1,0,3.8,2.591104433312839,0.282077,1.814898,4
“FREE ___”,“FREE ___”,1,2024-12-01,2024-12-01,1,1,3.0,2.4559419746865547,0.238488,1.702975,4
“GREAT JOB!”,“GREAT JOB!”,1,2024-09-21,2024-09-21,1,0,2.2,1.8738087241892498,0.120147,1.151539,4
“HERE’S A THOUGHT ...”,“HERE’S A THOUGHT ...”,1,2024-08-18,2024-08-18,1,0,3.4,3.101512371707699,0.37471,2.309518,4
"“LIONS AND TIGERS AND BEARS, OH MY!”","“LIONS AND TIGERS AND BEARS, OH MY!”",1,2024-12-24,2024-12-24,1,0,2.6,3.7017725078286836,0.548183,2.826678,4
“MANY” IN DIFFERENT LANGUAGES,“MANY” IN DIFFERENT LANGUAGES,1,2025-02-25,2025-02-25,1,0,4.5,2.856137996534099,0.32597,2.075941,4
“NOTHING TO IT!”,“NOTHING TO IT!”,1,2024-12-28,2024-12-28,1,0,3.8,3.763862479788047,0.569377,2.876922,4
“PAN”,“PAN”,1,2024-10-25,2024-10-25,1,0,3.2,2.814495527028836,0.315262,2.038737,4
“S.N.L.” CAST MEMBERS,“S.N.L.” CAST MEMBERS,1,2024-12-25,2024-12-25,1,0,2.5,3.3355730879743435,0.441927,2.511601,4
“SESAME STREET” CHARACTERS,“SESAME STREET” CHARACTERS,1,2024-12-03,2024-12-03,1,0,3.8,3.7815434940881305,0.542262,2.92438,4
“SESAME STREET” FIGURES,“SESAME STREET” FIGURES,1,2025-06-27,2025-06-27,1,0,1.8,1.783786174066584,0.153779,1.014331,4
“SETTLE DOWN!”,“SETTLE DOWN!”,1,2024-06-23,2024-06-23,1,0,3.5,3.4195255302529457,0.453894,2.596226,4
"“TOY STORY” CHARACTERS, FAMILIARLY","“TOY STORY” CHARACTERS, FAMILIARLY",1,2024-12-06,2024-12-06,1,0,2.8,2.8389784691622006,0.357347,2.024821,4
“WILL” CONTRACTIONS WITHOUT THE APOSTROPHE,“WILL” CONTRACTIONS WITHOUT THE APOSTROPHE,1,2025-05-03,2025-05-03,1,0,4.3,4.008014837259935,0.619645,3.107565,4
“___ ISLAND”,“___ ISLAND”,1,2024-11-22,2024-11-22,1,1,2.8,3.0942993383460315,0.369145,2.306784,4
•,•,1,2024-10-25,2024-10-25,1,0,3.2,2.814495527028836,0.315262,2.038737,4
🤑,🤑,1,2026-01-19,2026-01-19,1,0,2.8,3.4476406288411128,0.44294,2.639528,4
