item_norm,item_text,occurrence_count,first_date,last_date,distinct_category_titles,distinct_puzzles,image_occurrences,categories
BALL,BALL,18,2024-09-07,2026-05-25,17,18,0,BASEBALL CALLS | CHEESY CORN SNACK UNIT | CLASSIC TOYS | CRUSH INTO A COMPACT SHAPE | EVENT WITH DANCING | EVENTS WITH DANCING | EYE___ | FOOT___ | FUN TIME | FUNDRAISING EVENT | KINDS OF PARTIES | PARTS OF A FOOT | PIECES OF OLYMPIC SPORTS EQUIPMENT | ROUND THREE-DIMENSIONAL OBJECTS | TABLE TENNIS NEEDS | THINGS A DOG CAN FETCH | THINGS USED IN GOLF
BAR,BAR,15,2024-07-04,2026-05-28,15,15,0,"BENCHMARK | CANDY ___ | CLASSIC JOKE STAPLES | COMPONENTS OF A WEIGHTLIFTING SETUP | FORMATS OF GOLD | KINDS OF CHARTS | PARTS OF A COURTROOM | PROHIBIT, AS ENTRY | RESTAURANT SEATING OPTIONS | UNITS | UNITS OF MEASURE | WET ___ | WORDS BEFORE ""STOOL"" | WORDS BEFORE “BELL” | WORDS BEFORE “HOP”"
PIPE,PIPE,13,2024-11-15,2026-06-01,13,13,1,ASSOCIATED WITH POPEYE | CONDUIT | HOLLOW CYLINDERS | IMAGERY IN MAGRITTE PAINTINGS | INSTRUMENTS YOU BLOW INTO | OLD-TIMEY LOUNGING ACCESSORIES | PARTS OF A SHERLOCK HOLMES COSTUME | PLUMBING EQUIPMENT | POPEYE | TYPOGRAPHICAL SYMBOLS | USED IN VENTILATION | USED TO DECORATE A SNOWMAN | ___ CLEANER
RING,RING,13,2024-06-22,2026-05-26,12,13,0,"BOXING TERMS | CELLPHONE MODES | CHAMPIONSHIP AWARDS | CONTACT VIA TELEPHONE | CRIME ORGANIZATION | FEATURES OF A WEDDING | FINGERS | HORROR MOVIES, WITH “THE” | KINDS OF JEWELRY | LOOP | SEEN AT A WEDDING | THINGS YOU DO AT SOMEONE'S FRONT DOOR"
CHECK,CHECK,12,2024-07-17,2026-04-30,12,12,0,"""___ PLEASE"" | HALT | HINDER | LANGUAGE HOMOPHONES | MARK AS COMPLETED | PAYMENT METHODS | POKER ACTIONS | REMOVE, AS AN ITEM FROM A LIST, WITH ""OFF"" | RESTRICT | THINGS THAT COME IN ""BOOKS"" | WORDS AFTER “PAY” | ___ MARK"
SPLIT,SPLIT,12,2024-06-25,2026-05-18,12,12,0,BANANA ___ | BLACKJACK TERMS | BOWLING RESULTS | DIVIDE | GYMNASTICS MOVES | ICE CREAM PARLOR ORDERS | ICE CREAM TREATS | LEAVE QUICKLY | RIPPED | RUPTURE | RUPTURED | TAKE OFF
STAR,STAR,12,2024-09-04,2026-01-07,12,12,0,"ANAGRAMS | CELESTIAL OBJECTS | COMMON FLAG SYMBOLS | COOKIE CUTTER SHAPES IN “SQUID GAME” | FAMOUS PERSON | MAGAZINES | MARINE INVERTEBRATES, FAMILIARLY | MEMBER OF A DALLAS PRO SPORTS TEAM | N.H.L. TEAM MEMBER | PROTAGONIST | SYMBOLS ON A KEYBOARD | TAROT CARDS, WITH ""THE"""
KEY,KEY,12,2024-07-11,2026-06-01,11,12,0,ELEMENTARY | FIRST IN A COMEDY DUO | FUNDAMENTAL | IMPORTANT | MAP FEATURES | MUSIC THEORY CONCEPTS | PARTS OF A PIANO | POP SINGERS MINUS “S” | SOMETHING ENTERED FOR ACCESS | ___ RING | ___STONE
FLY,FLY,12,2024-06-20,2026-05-07,10,12,0,"BUTTER___ | COOL, IN ’80S SLANG | FISHING GEAR | MAY___ | MOVE QUICKLY | PANTS FEATURES | RETRO SLANG FOR COOL | SCI-FI MOVIES, WITH “THE” | THINGS WITH WINGS | WAYS TO ATTRACT FISH"
HOOK,HOOK,12,2024-06-20,2026-05-07,10,12,0,ATTRACT | BAD GOLF SHOTS | BOXING PUNCHES | DRAPERY HANGING ITEMS | FASTENERS | FICTIONAL PIRATES | FISHING GEAR | PARTS OF A SONG | SECOND WORDS OF “PETER PAN” CHARACTERS | SEEN IN A CLOSET
BUTTER,BUTTER,11,2024-07-14,2026-05-31,11,11,0,"APPLE PRODUCTS | BREAKFAST CONDIMENTS | INGREDIENTS IN CLASSIC POUND CAKE | KINDS OF KNIVES | KINDS OF LETTUCE | STARTS OF SWIMMING STROKES | THINGS THAT ARE YELLOW | WORDS BEFORE ""FLY"" IN INSECT NAMES | WORDS BEFORE “CUP” | WORDS BEFORE “FINGERS” | WORDS BEFORE “NUT”"
CROSS,CROSS,11,2024-07-16,2026-05-15,11,11,0,"BOXING PUNCHES | COMMON FLAG SYMBOLS | COMPOSITE | CRABBY | IN A BAD MOOD | MARK AS COMPLETED | MODERN CRIME SERIES PROTAGONISTS | NAVIGATE THROUGH, AS A RIVER | RED ___ | REMOVE, AS AN ITEM FROM A LIST, WITH ""OFF"" | ___WORD"
JACK,JACK,11,2024-06-26,2026-05-31,11,11,0,"BUSTER | FEATURED IN “JACK AND THE BEANSTALK” | FOLKTALE CHARACTERS | FOUND IN THE TRUNK OF A CAR | INCREASE, WITH ""UP"" | KINDS OF CHEESES | MALE ANIMALS | MUSCULAR, MINUS ""ED"" SOUND | PLACE TO PLUG SOMETHING IN | PLAYING CARDS | SLANG FOR A SAILOR"
TREE,TREE,11,2024-08-19,2026-06-26,11,11,0,"CLOSE IN ON | KINDS OF PLANTS | ORGANIZATIONAL STRUCTURES, METAPHORICALLY | PALM ___ | PARK STAPLES | THINGS THAT CAN HAVE LEAVES | THINGS TO CLIMB | VARIOUS AMOUNTS OF WOOD | WORDS AFTER “ASH” | YOGA POSES | ___ RING"
POCKET,POCKET,11,2024-10-29,2026-05-31,8,11,0,"BILLIARDS TERMS | PANTS FEATURES | REGION | STEAL | WORDS BEFORE ""WATCH"" | WORDS THAT MODIFY “WATCH” | WORDS THAT PRECEDE ""-SIZE"" TO MEAN SMALL | ___ SQUARE"
BLOCK,BLOCK,10,2024-06-18,2026-02-11,10,10,0,"BASKETBALL MOVES | COMPACT MASS | GROUP OF BUILDINGS | HIDE FROM VIEW | PROHIBIT | PROHIBIT, AS ENTRY | RESTRICT | THINGS A DEFENSIVE FOOTBALL PLAYER DOES | YOGA ACCESSORIES | ___HEAD"
BLUE,BLUE,10,2024-08-04,2026-04-20,10,10,0,"ASSOCIATED WITH THE GENIE IN “ALADDIN” | BLUE CHARACTERS | DEJECTED | DOGS OF THE SCREEN | GLOOMY | KINDS OF CHEESES | LEFT-LEANING, POLITICALLY | NICKNAMES FOR THE SEA, WITH “THE” | RISQUÉ | ___ MONDAY"
CAN,CAN,10,2024-08-12,2026-05-21,10,10,0,CONTAINERS | CYLINDER-SHAPED THINGS | ITEMS TO RECYCLE | MODAL VERBS | PROVERBIAL THINGS TO KICK | SLANG FOR TOILET | THINGS ASSOCIATED WITH BUTTS | VERBS EXPRESSING POSSIBILITY | WAYS TO ORDER A BEER | WAYS TO PRESERVE FOOD
CHEESE,CHEESE,10,2024-09-16,2026-04-24,10,10,0,"COMPONENTS OF A PIZZA | COMPONENTS OF A SALAD | CUT THE ___ | OVERLY SENTIMENTAL WORK | PIZZA INGREDIENTS | SLANG FOR MONEY | STRING ___ | WHAT ""JACK"" MIGHT REFER TO | ___ DOODLE | ___CAKE"
HOLE,HOLE,10,2024-06-17,2026-04-19,10,10,0,CARDS IN TEXAS HOLD 'EM | CARDS IN TEXAS HOLD ’EM | CRATER | DISREPUTABLE ESTABLISHMENT | FISSURE | FOX___ | MEMORY ___ | POT___ | PREDICAMENT | RESULTS OF SOME DIGGING
LEVEL,LEVEL,10,2024-07-21,2026-06-07,10,10,0,CARPENTRY TOOLS | COMMON VIDEO GAME FEATURES | DEMOLISH | FLUSH | PALINDROMES FEATURING “E” | PICTURE HANGING NEEDS | STEP IN A PROCESS | STOP CHANGING | TIER | UNFLUCTUATING
POWER,POWER,10,2024-06-18,2026-04-18,10,10,0,ALGEBRA TERMS | BASIC ELECTRICITY TERMS | ENERGY FOR AN ELECTRONIC DEVICE | HORSE___ | REMOTE CONTROL BUTTONS | SUPER ___ | WORDS THAT PRECEDE “POP” IN MUSIC GENRES | ___ PLANT | ___ TRIP | ___HOUSE (THAT AREN’T HOUSES)
CHARACTER,CHARACTER,10,2024-07-13,2026-06-10,9,10,0,COUNTED IN DOCUMENT WORD COUNTS | EMBODIMENT | FUNNY PERSON | INDIVIDUALITY | KINDS OF ACTORS | ONE’S CONSTITUTION | PUBLIC STANDING | QUITE THE LAUGH | SOMEBODY
LOVE,LOVE,10,2024-06-27,2026-05-21,9,10,0,CHURCH OF ENGLAND WEDDING VOW VERBS | KINDS OF SONGS | LETTER SIGN-OFFS | ROMANTIC LETTER SIGN-OFFS | TENNIS SCORING TERMS | TERMS OF ENDEARMENT | WORDS BEFORE “SHACK” | ___ IS ___ (IS ___) | “___ ISLAND”
POINT,POINT,10,2024-07-14,2026-05-26,9,10,0,"COASTAL LANDFORMS | DOG BREEDS MINUS “ER” SOUND | INTENTION | MATTER AT HAND | OBJECTS IN 0-, 1-, 2- AND 3-DIMENSIONAL SPACE | RUDE THINGS TO DO | SLENDER PROJECTIONS | TARGET | •"
TIME,TIME,10,2024-10-18,2026-04-30,9,10,0,"APPOINTMENT SPECIFICATIONS | CADENCE | ERA | MAGAZINES | MEASURED BY SI UNITS | OPPORTUNITY | SPARE ___ | WHAT ""T"" MIGHT STAND FOR | ___ ZONE"
WING,WING,10,2024-06-27,2025-12-08,9,10,0,APPENDAGES | BBQ OFFERING | BIT OF SPORTS BAR FARE | BUFFALO ___ | BUILDING ADD-ONS | GROUP WITHIN A GROUP | MEMBER OF A DALLAS PRO SPORTS TEAM | POULTRY CUTS | SECTION
POUND,POUND,10,2024-07-03,2026-03-21,8,10,0,20TH CENTURY AMERICAN POETS | BRITISH IMPERIAL UNITS OF WEIGHT | GLOBAL CURRENCIES | KINDS OF CAKE | PUNCH | THROB | WAYS ONE MIGHT REFER TO # | WHAT A HEART DOES WHEN EXCITED
BELL,BELL,9,2025-02-28,2026-06-03,9,9,0,BIKE ACCESSORIES | BOXING TERMS | COMPONENTS OF METAPHORS FOR THINGS THAT CAN’T BE UNDONE | DISNEY PRINCESSES MINUS LAST LETTER | INDUSTRIAL REVOLUTION INVENTORS | PERCUSSION INSTRUMENTS | SECOND WORDS OF “PETER PAN” CHARACTERS | THINGS THAT RING | WORDS IN HEMINGWAY TITLES
BOTTLE,BOTTLE,9,2024-07-06,2026-01-21,9,9,0,BABY GEAR | ITEMS TO RECYCLE | PURCHASES FOR A BABY | SHADES OF GREEN | THINGS THAT ARE CAPPED | THINGS WITH NECKS | WAYS TO ORDER A BEER | WINE VESSELS | ___NECK
BOW,BOW,9,2024-11-25,2026-03-24,9,9,1,ACCESSORIES FOR PLAYING AN INSTRUMENT | BEND UNDER PRESSURE | FEATURES OF A CARTOON CUPID | HETERONYMS | LONG___ | MS. PAC-MAN | PARTS OF A SHIP | PRESENT GO-WITHS | RAIN___
CARD,CARD,9,2024-09-06,2026-02-12,9,9,0,"FUNNY PERSON | KINDS OF DIGITAL STORAGE | MEMORY ___ | MLB PLAYER, FOR SHORT | NON-CASH WAY TO PAY | PRESENT GO-WITHS | QUITE THE LAUGH | THINGS RECEIVED IN THE MAIL | THINGS YOU CAN PICK"
CHAIN,CHAIN,9,2024-06-22,2026-05-09,9,9,0,"FOOD ___ | KINDS OF JEWELRY | ONE THING AFTER ANOTHER | ORGANIZATIONAL STRUCTURES, METAPHORICALLY | PARTS OF A BIKE | PARTS OF A TOILET TANK | SERIES OF MESSAGES | THINGS WORN AROUND THE NECK | ___ MAIL"
CREAM,CREAM,9,2024-08-23,2026-04-09,9,9,0,BEIGE SHADES | DEFEAT SOUNDLY | FINEST | ICE ___ | MEDICINE FORMATS | OINTMENT | STIR VIGOROUSLY | TROUNCE | ___ CHEESE
CUP,CUP,9,2025-02-15,2026-05-26,9,9,0,BEVERAGE SELF-SERVICE ITEMS | CHAMPIONSHIP | CHAMPIONSHIP AWARDS | ICE CREAM PARLOR ORDERS | ITEMS AT A COFFEE STATION | NEEDS FOR PLAYING YAHTZEE | SEEN AT AN ICE CREAM SHOP | USED FOR TEA | ___CAKE
DRIVE,DRIVE,9,2024-07-29,2025-11-04,9,9,0,AUTOMATIC GEAR SHIFTER POSITIONS | CAR TRIP | DESIRE | KINDS OF DIGITAL STORAGE | ROAD | SECOND WORDS IN DAVID LYNCH TITLES | STEER | STREET SUFFIXES | WHAT “D” MIGHT STAND FOR
FAIR,FAIR,9,2024-07-14,2026-03-04,9,9,0,BASEBALL CALLS | CONDITIONS FOR COLLECTIBLES | DESERVED | EXHIBITION | FITTING | MEH | PLACES TO SHOP | SPORTSMANLIKE | TREES PLUS A LETTER
FISH,FISH,9,2024-06-16,2026-04-09,9,9,0,ASSOCIATED WITH SCALES | CAT___ | FEEL AROUND (FOR) | STAR___ | SWEDISH ___ | WAYS TO GET FOOD | ZODIAC SYMBOLS | ___ TALE | ___STICKS
GAME,GAME,9,2024-08-04,2026-04-22,9,9,0,FIRST WORDS OF HBO SHOWS | INTO IT | NAME ___ | ON BOARD | PICK-UP ___ | TENNIS COMPETITION UNITS | TICKETED EVENTS | UP FOR ANYTHING | UP FOR IT
HOUSE,HOUSE,9,2024-09-28,2026-05-03,9,9,0,"COMPANY | CONTAIN | ELECTRONIC DANCE MUSIC GENRES | HOME STRUCTURES | IN ""A VISIT FROM ST. NICHOLAS"" | ITEMS IN A MONOPOLY BOX | PROVIDE WITH A PLACE TO STAY | TV SHOW TITLE SURNAMES | WHAT A SITTER MIGHT SIT"
KING,KING,9,2024-08-12,2026-06-18,9,9,0,CHECKERS TERMS | KINDS OF PENGUINS | KINDS OF SNAKES | MATTRESS SIZES | PEACE ACTIVISTS | PLAYING CARDS | SINGER-SONGWRITER PIANISTS | WIMBLEDON WINNERS | À/A LA ___
NUMBER,NUMBER,9,2024-09-06,2026-03-06,9,9,0,CONTACT INFO | CREDIT CARD INFO | DITTY | FEATURES OF A STRONG PASSWORD | PRO ATHLETE DATA | QUANTITY | SHTICK | WAYS ONE MIGHT REFER TO # | WAYS TO DENOTE A CITATION
REST,REST,9,2024-10-08,2025-11-11,9,9,0,BE AT LEISURE | BE CONTINGENT (ON) | FOUND ON SHEET MUSIC | OBJECT USED FOR SUPPORT | TIME OFF | TIPS FOR WORKING OUT SAFELY | VERBS IN BREADMAKING | WHAT’S LEFTOVER | WORDS BEFORE “ROOM” TO MEAN LAVATORY
RIGHT,RIGHT,9,2024-07-26,2026-05-30,9,9,0,"BASIC DIRECTIONS | COPY___ | DESERVED | FITTING | SENSIBLE | SQUARELY | SUITABLE | WORDS REPRESENTED BY THE LETTER ""R"" | YOU GOT IT!"
ROCK,ROCK,9,2024-08-19,2025-10-05,9,9,0,"ASSOCIATED WITH HARDNESS | DO EXCEPTIONALLY WELL | FLABBERGAST | MUSIC GENRES | PERFORM WELL ON | PLAY MUSIC WITH PASSION | PRO WRESTLING ICONS, WITH “THE” | THIRD ___ | ___ CANDY"
SHELL,SHELL,9,2024-11-04,2026-04-05,9,9,0,ATOMIC STRUCTURE TERMS | BOTANICAL COVERINGS | HUMAN-POWERED WATERCRAFT | PASTA SHAPES | PLACES THAT SELL GAS | PROTECTIVE COVERINGS IN NATURE | REMOVE THE COVERING FROM | WORDS WITH APOSTROPHES REMOVED | “WILL” CONTRACTIONS WITHOUT THE APOSTROPHE
STRING,STRING,9,2024-06-22,2026-04-29,9,9,0,FEATURES OF STRINGED INSTRUMENTS | FILAMENT | KINDS OF INSTRUMENTS | KINDS OF PUPPETS | ONE THING AFTER ANOTHER | PARTS OF A PIANO | PARTS OF AN ELECTRIC GUITAR | SEQUENCE | ___ CHEESE
SUN,SUN,9,2024-06-29,2025-09-26,9,9,0,KINDS OF BEARS | N.B.A. PLAYER | NATURAL PRODUCERS OF HEAT | NEWSPAPER NAMES | THEY HAVE RAYS | THINGS THAT GO UP AND DOWN | W.N.B.A. TEAMS | WORDS IN HEMINGWAY TITLES | ___FLOWER
WHEEL,WHEEL,9,2024-08-13,2026-04-22,9,9,0,GAME-CHANGING INVENTIONS | PARTS OF A BIKE | PARTS OF A CAR | PARTS OF THE FOOT PLUS STARTING LETTER | PASTA SHAPES | POTTERY EQUIPMENT | SEEN IN A POTTERY STUDIO | YOGA BACKBENDS | ___HOUSE (THAT AREN’T HOUSES)
BLOW,BLOW,9,2024-08-20,2026-05-18,8,9,0,"FAIL TO TAKE ADVANTAGE OF, AS AN OPPORTUNITY | MAKE A HASH OF | MOVE IN THE WIND | NOT BE GOOD | PUNCH | RUPTURE | RUSH OF WIND | ___FISH"
BOLT,BOLT,9,2024-06-20,2026-03-05,8,9,0,BITS OF HARDWARE | CYLINDER OF MATERIAL | EAT VORACIOUSLY | FLINCH | LIGHTNING ___ | MOVE AT BREAKNECK SPEED | MOVE QUICKLY | TITULAR ANIMALS OF FILM
BULL,BULL,9,2024-08-03,2026-04-21,8,9,0,ANIMAL METAPHORS IN ECONOMICS | BALDERDASH | NONSENSE | RED ___ | ZODIAC SYMBOLS | ___ TERRIER | ___DOG | ___HORN
LEAD,LEAD,9,2024-07-01,2026-06-25,8,9,0,BE IN CHARGE OF | DOMINANT | HAZARDOUS ELEMENTAL METALS | METAL ELEMENTS | OVERSEE | PROTAGONIST | SHOW THE WAY | STEER
NET,NET,9,2024-10-20,2026-05-07,8,9,0,EARN | EARNINGS | FISHING GEAR | N.B.A. PLAYER | NEW YORK SPORTS TEAM MEMBERS | PARTS OF A BASKETBALL HOOP | PLACES TO GET TRAPPED | TABLE TENNIS NEEDS
POP,POP,9,2024-08-20,2026-06-07,8,9,0,DR. SEUSS TITLE FIGURES | FAMILIAL NICKNAMES | MUSIC GENRE SUFFIXES | MUSIC GENRES | PUNCH | RUPTURE | WORDS AFTER “K” | ___CORN
SHAKE,SHAKE,9,2025-03-02,2026-04-30,8,9,0,"DISTURB | EVADE | FLABBERGAST | ICE CREAM PARLOR ORDERS | ICE CREAM TREATS | STOP, AS A HABIT | UNNERVE | WORDS BEFORE “SHACK”"
WATER,WATER,9,2024-07-19,2025-10-22,8,9,0,CARE FOR A PLANT | DO SOME TASKS IN THE GARDEN | USED FOR TEA | USED TO GROW A HOUSEPLANT | USED TO MAKE COFFEE | UTILITIES | WORDS BEFORE “BED” | ___ TABLE
COVER,COVER,9,2024-06-18,2026-04-04,7,9,0,ACT AS A BACKUP | HIDE FROM VIEW | OBSCURE | PARTS OF A BOOK | REPLACEMENT | SPREAD OVER | THINGS THAT PREVENT LEAKS
LINE,LINE,9,2024-06-20,2026-06-10,7,9,0,"CONDUIT | COUNTED IN DOCUMENT WORD COUNTS | FISHING GEAR | KINDS OF CHARTS | OBJECTS IN 0-, 1-, 2- AND 3-DIMENSIONAL SPACE | PROFESSION | VOCATION"
PACK,PACK,9,2024-06-19,2026-05-07,7,9,0,ANIMAL GROUP NAMES | CRAM | GROUP | MULTITUDE | TEAM | ___ ANIMAL | ___ RAT
STAND,STAND,9,2024-07-15,2026-05-28,7,9,0,BLACKJACK TERMS | OBJECT USED FOR SUPPORT | PARTS OF A COURTROOM | PERSIST | TOLERATE | VENDOR’S SPOT AT A MARKET | WAYS TO SECURE A TV
AIR,AIR,8,2024-08-25,2026-02-27,8,8,0,"AMBIENCE | AURA | BROADCAST, AS ONLINE MEDIA | DITTY | INTANGIBLE QUALITY | WORDS THAT MAKE UP THE ACRONYM “HVAC” | ___ GUITAR | ___DROP"
BENCH,BENCH,8,2024-09-27,2026-05-28,8,8,0,ACTIONS IN FANTASY SPORTS | COMPONENTS OF A WEIGHTLIFTING SETUP | PARK STAPLES | PARTS OF A COURTROOM | RESISTANCE TRAINING EQUIPMENT | SEEN IN A LOCKER ROOM | THINGS IN AN ENTRYWAY | ___ PRESS
BRIDGE,BRIDGE,8,2024-07-10,2025-07-18,8,8,0,CARD GAMES | COMPONENTS OF EYEGLASSES | CONNECT | DENTAL ADDITIONS | FEATURES OF STRINGED INSTRUMENTS | PARTS OF A SHIP | PARTS OF A SONG | YOGA BACKBENDS
BROWN,BROWN,8,2024-08-29,2026-06-03,8,8,0,COOK IN A PAN | COOK WITH DRY HEAT | DETECTIVES OF KID-LIT | JAMESES | KINDS OF BEARS | KINDS OF RICE | SUBJECTS OF ACCLAIMED MUSICAL BIOPICS | U.S. COLLEGES/UNIVERSITIES
CHAIR,CHAIR,8,2024-06-20,2026-03-22,8,8,1,ARBITRATE | EASY ___ | GOLDILOCKS | HAIR SALON FIXTURES | LEGISLATIVE ROLES | MUSICALS PLUS STARTING LETTER | OVERSEE | YOGA POSES
CHARGE,CHARGE,8,2024-07-20,2026-03-25,8,8,0,"ENERGY FOR AN ELECTRONIC DEVICE | EXPENDITURE | IMPOSE, AS A PENALTY | LITIGATION VERBS | NON-CASH WAY TO PAY | PAYMENT METHODS | TAKE TO COURT | WHAT AN ELECTROMETER MEASURES"
COUNT,COUNT,8,2024-08-29,2025-12-09,8,8,0,BEAR IN MIND | CEREAL MASCOTS | DEEM | FIRST NAMES IN JAZZ | QUANTITY | SPECS ON CONSUMER PACKAGING | “SESAME STREET” CHARACTERS | “SESAME STREET” FIGURES
DOG,DOG,8,2024-06-22,2026-06-15,8,8,0,ANIMALS IN THE WITCHES' BREW IN “MACBETH” | BBQ OFFERING | BULL___ | CHINESE ZODIAC ANIMALS | HOT ___ | TOP ___ | WORDS FOR SAUSAGE | ___ TAG
DOWN,DOWN,8,2024-07-26,2026-04-09,8,8,0,BASIC DIRECTIONS | DEJECTED | DOG COMMANDS | EAT VORACIOUSLY | GLOOMY | INTO IT | ON BOARD | UP FOR IT
DROP,DROP,8,2024-09-15,2026-01-11,8,8,0,"CANCEL, AS A PROJECT | DECREASE | KINDS OF EARRINGS | LITTLE BIT | NAME ___ | PLUNGE | SMALL AMOUNT | STOP, AS A HABIT"
FIRE,FIRE,8,2024-07-18,2026-03-24,8,8,0,"AWESOME | CHILI PEPPER QUALITY | EMOJI | GET EXCITED, WITH ""UP"" | KINDS OF ANTS | KINDS OF TRUCKS | NATURAL PRODUCERS OF HEAT | WORDS BEFORE ""FLY"" IN INSECT NAMES"
HEAD,HEAD,8,2024-08-12,2026-06-22,8,8,0,"""ENTHUSIAST"" EQUIVALENT | BE IN CHARGE OF | DIFFERENT AMOUNTS OF HAIR | DOMINANT | OVERSEE | SLANG FOR TOILET | VEGETABLE UNITS | ___ TRIP"
HEART,HEART,8,2024-07-18,2025-12-07,8,8,0,ELEMENTS OF A CLASSIC “MOM” TATTOO | EMOJI | FORTITUDE | INTREPIDITY | IPHONE MESSAGE TAPBACK RESPONSES | ORGAN MEATS | PURPLE ___ | ___STRING
LEAF,LEAF,8,2024-06-27,2026-04-17,8,8,0,"FORMATS OF GOLD | GOLD ___ | KINDS OF LETTUCE | PARTS OF A TREE | RIFFLE (THROUGH) | SKIM THROUGH, AS PAGES | THIN LAYER | VEGETABLE PARTS"
MILK,MILK,8,2024-08-10,2026-01-26,8,8,0,BEST ACTOR-WINNING BIOPICS | BEVERAGES | BIOPICS | EXPLOIT | INGREDIENTS IN BUBBLE TEA | PROVERBIAL THINGS THAT ARE SPILLED | THINGS THAT ARE WHITE | URL ENDINGS PLUS A LETTER
MIRROR,MIRROR,8,2024-06-20,2026-01-07,8,8,0,CAR PARTS | DOPPELGÄNGER | EMULATE | HAIR SALON FIXTURES | NEWSPAPER NAMES | PARTS OF A CAR | PERSONAL GROOMING ITEMS | SEEN IN A LOCKER ROOM
PITCH,PITCH,8,2024-08-01,2026-04-26,8,8,0,BLACK | CAREEN | HURL | MUSIC THEORY CONCEPTS | PROMOTE | PUBLICIZE | TILT | VOCAL CHARACTERISTICS
PLAY,PLAY,8,2024-09-29,2026-05-16,8,8,0,"ACTIONS IN CARD GAMES | BROADCAST, AS ONLINE MEDIA | DVR BUTTONS | HORSE___ | MESS AROUND (WITH) | MUSIC PLAYER BUTTONS | STAGED PERFORMANCES | TICKETED EVENTS"
POWDER,POWDER,8,2024-11-09,2026-06-22,8,8,0,FORMS OF SUGAR | KINDS OF ROOMS IN A MANSION | MAKEUP | SHADES OF BLUE | STARTING WITH EXPLOSIVE ONOMATOPOEIA | TYPES OF SNOW | VERBS FOR FINISHING DONUTS | WORDS BEFORE “ROOM” TO MEAN LAVATORY
PUFF,PUFF,8,2024-08-20,2026-06-05,8,8,0,BIT OF BREAKFAST CEREAL | BIT OF CEREAL | BREATHE HARD | CHEESY CORN SNACK UNIT | INHALATION | MASS OF SMOKE | RUSH OF WIND | ___ PIECE
RATTLE,RATTLE,8,2024-07-06,2026-05-24,8,8,0,DAUNT | DISTURB | FLUSTER | KINDS OF SNAKES | OBJECTS USED IN RITUAL PERFORMANCES | PERCUSSION INSTRUMENTS | PURCHASES FOR A BABY | THINGS A RATTLESNAKE DOES
RECORD,RECORD,8,2024-07-09,2026-01-02,8,8,0,ACCOUNT BOOK | CAPTURE ON VIDEO | CHRONICLE | CLASSIC COLLECTION ITEMS | DVR BUTTONS | ITEM IN A COLLECTION | ROUND FLAT THINGS | WRITE
SAW,SAW,8,2024-06-30,2026-05-15,8,8,1,CARPENTRY TOOLS | MOVIES | NON-PALINDROMIC WORDS IN A FAMOUS PALINDROME | OBJECTS PLAYED AS INSTRUMENTS | OBJECTS WITH TEETH | OLD SAYING | WOODWORKING HAND TOOLS | WORDS IN A FAMOUS QUOTE BY CAESAR
SHORT,SHORT,8,2024-06-28,2026-06-22,8,8,0,IN A BAD MOOD | INVESTMENT VERBS | KINDS OF LISTS | LACKING | MOVIES OF VARIOUS LENGTHS | PRONUNCIATION DESCRIPTORS | UNDERWEAR IN THE SINGULAR | ___CAKE
STANDARD,STANDARD,8,2024-11-19,2026-06-13,8,8,0,AVERAGE | BENCHMARK | DOUBLE ___ | ENDURING SONG | EVERYDAY | NORM | ORDINARY | PENNANT
STICK,STICK,8,2024-09-28,2025-11-20,8,8,0,ADHERE | ATTACH WITH ADHESIVE | BUGS PLUS STARTING LETTER | EMBED | PRICK | RODS | THINGS A DOG CAN FETCH | USED TO HIT A BALL IN SPORTS
TAPE,TAPE,8,2024-06-24,2026-01-30,8,8,0,CAPTURE ON VIDEO | FIRST AID KIT ITEMS | NEEDS FOR PAINTING A ROOM | RED ___ | SCHOOL SUPPLIES | THEY'RE ON A ROLL! | THINGS THAT COME ON SPOOLS | THINGS WITH ADHESIVE SURFACES
TWIST,TWIST,8,2024-10-14,2026-03-29,8,8,0,BIT OF CITRUS GARNISH | COCKTAIL GARNISHES | DICKENS CHARACTERS | INTERTWINE | MARTINI SPECIFICATIONS | METAPHOR FOR SOMETHING UNEXPECTED | RETRO DANCE CRAZES | WAYS TO WEAR YOUR HAIR UP
WINGS,WINGS,8,2024-09-25,2026-06-21,8,8,0,FEATURES OF A CARTOON CUPID | FEATURES OF A DUCK | FOOD NAMED AFTER CITIES | GAME DAY FARE | NBC SITCOMS | PARTS OF A THEATER | PARTS OF AN ANGEL COSTUME | W.N.B.A. TEAMS
BACK,BACK,8,2024-07-26,2026-06-20,7,8,0,ADVOCATE FOR | ENDORSE | REMOTE CONTROL BUTTONS | STARTS OF SWIMMING STROKES | SUPPORT | WEB BROWSER BUTTONS | WORDS REPEATED IN “MISS MARY MACK”
BLANKET,BLANKET,8,2024-09-29,2026-03-06,7,8,0,BEDDING | CATCHALL | CONCEALING COVER | ELECTRIC ___ | PICNIC ACCESSORIES | SPREAD OVER | WET ___
DRY,DRY,8,2024-09-26,2026-04-28,7,8,0,ADJECTIVES FOR A DESERT | LAUNDRY DAY VERBS | LAUNDRY SERVICES | MARTINI SPECIFICATIONS | QUALITIES OF OVERCOOKED MEAT | SPECIFICATIONS FOR A BARTENDER | ___ CLEANER
EGG,EGG,8,2024-08-22,2025-12-08,7,8,0,"COMPONENTS OF METAPHORS FOR THINGS THAT CAN’T BE UNDONE | GOAD, WITH ""ON"" | PRANK VERBS | THINGS WITH SHELLS | THINGS YOU CAN CRACK | ___ HUNT | ___ ROLL"
HOST,HOST,8,2024-06-19,2026-05-07,7,8,0,"FEATURED IN THE MONTY HALL PROBLEM | GREAT MANY | HELP PUT ON A PARTY | LARGE GROUP | LEAD, AS A TV PROGRAM | MULTITUDE | RESTAURANT JOBS"
JAM,JAM,8,2024-08-07,2026-03-17,7,8,0,ANTHEM | BREAKFAST CONDIMENTS | CRAM | METAPHORS FOR TROUBLE | PLAY MUSIC WITH PASSION | PLAY SOME ELECTRIC GUITAR | PREDICAMENT
JOKER,JOKER,8,2024-10-02,2026-01-27,7,8,0,CARD GAMES WITH FIRST LETTER CHANGED | FAMOUS SMILES | FICTIONAL CLOWNS | FUNNY PERSON | QUITE THE LAUGH | ROBERT DE NIRO FILMS | “BATMAN” VILLAINS
PASS,PASS,8,2024-07-11,2026-03-13,7,8,0,"""NO THANKS"" | ACTIONS IN CARD GAMES | BASKETBALL MOVES | CREDENTIALS FOR ENTRY | THINGS YOU CAN DO WITH A FOOTBALL | TRANSFER | ___WORD"
PERIOD,PERIOD,8,2024-10-25,2026-05-09,7,8,1,DURATION | ERA | INTERVAL | PUNCTUATION MARKS | TERM | ___ PIECE | •
RAM,RAM,8,2024-08-07,2026-04-09,7,8,0,CAR BRANDS | COLLIDE WITH | CRAM | LAPTOP SPECS | MALE ANIMALS | N.F.L. TEAM MEMBER | ZODIAC SYMBOLS
SCALE,SCALE,8,2024-09-07,2026-05-20,7,8,0,BREADTH | MAP FEATURES | MEASURING DEVICES | MUSIC THEORY CONCEPTS | SEEN AT A GROCERY CHECKOUT COUNTER | SEEN IN A LOCKER ROOM | WAYS TO TRANSFORM AN IMAGE
SOLID,SOLID,8,2024-07-03,2026-02-21,7,8,0,"COMMENTARY ABOUT YOUR CONNECTIONS RESULTS | CONTINUOUS | HELPFUL DEED | OBJECTS IN 0-, 1-, 2- AND 3-DIMENSIONAL SPACE | STOCKY | SUBSTANTIAL, AS A MEAL | TANGIBLE"
TAP,TAP,8,2024-11-01,2026-06-23,7,8,0,BAR FIXTURES | DANCE STYLES | RESTAURANT WATER OPTIONS | SOURCES OF DRINKING WATER | STRIKE | TOUCHSCREEN GESTURES | WAYS TO ORDER A BEER
BEAR,BEAR,8,2024-07-27,2026-01-29,6,8,1,"ANIMAL METAPHORS IN ECONOMICS | CREATE, AS RESULTS | FEATURED IN GOLDILOCKS AND THE THREE BEARS | GOLDILOCKS | TAKE ON, AS A RESPONSIBILITY | TOLERATE"
DIRECT,DIRECT,8,2024-07-01,2025-11-19,6,8,0,ADJECTIVES USED IN GRAMMAR | BE IN CHARGE OF | INSTRUCT | OUTSPOKEN | SHOW THE WAY | STEER
WEDGE,WEDGE,8,2024-06-22,2026-02-03,6,8,0,BIT OF CITRUS GARNISH | CRAM | EMBED | KINDS OF GOLF CLUBS | KINDS OF SALAD | KINDS OF SHOES
AIRPLANE,AIRPLANE,7,2024-10-24,2026-05-26,7,7,0,"'80S COMEDIES | CELLPHONE MODES | NAMES FEATURING ""!"" | THINGS MADE BY FOLDING PAPER | THINGS WITH WINGS | VACATION EMOJI | WHAT “JET” MIGHT REFER TO"
APPLE,APPLE,7,2024-10-08,2026-03-03,7,7,0,"""BIG"" THINGS | BEST FEMALE ROCK PERFORMANCE GRAMMY WINNERS | CANDY ___ | IMAGERY IN MAGRITTE PAINTINGS | TECH COMPANIES | THINGS YOU CAN PICK | [LETTER] (IS) FOR ___"
BABY,BABY,7,2024-11-27,2026-02-25,7,7,0,"""RUBBER BABY BUGGY BUMPER"" | CARE FOR | COMPARATIVELY SMALL | MOLLYCODDLE | SHADES OF BLUE | WHAT A SITTER MIGHT SIT | ___ TALK"
BASE,BASE,7,2024-07-15,2026-04-04,7,7,0,DESPICABLE | INSTRUMENT HOMOPHONES | LOWEST PART | OBJECT USED FOR SUPPORT | ON A BASEBALL FIELD | WAYS TO SECURE A TV | ___ CAMP
BEAT,BEAT,7,2024-09-08,2025-11-28,7,7,0,"ACHIEVE VICTORY OVER | CADENCE | COMBINE, AS BAKING INGREDIENTS | STIR VIGOROUSLY | SURPASS | THROB | VERBS IN A CAKE RECIPE"
BOUNCE,BOUNCE,7,2024-06-15,2025-07-24,7,7,0,FORCE TO LEAVE | LEAVE QUICKLY | MOVE TO THE MUSIC | QUALITIES OF THICK HAIR | REBOUND | UNITS OF VOLUME PLUS LETTER | WHAT “SPRING” MIGHT REFER TO
BREAK,BREAK,7,2025-02-17,2026-05-31,7,7,0,"BILLIARDS TERMS | DESTROY | OPPORTUNITY | STOP, AS A HABIT | TIME OFF | VARIATION FROM THE NORM | ___NECK"
BUG,BUG,7,2024-06-20,2025-10-19,7,7,0,"IRRITATE | LIGHTNING ___ | LOONEY TUNES CHARACTERS MINUS A LETTER | LOSE IT, WITH ""OUT"" | MANIA | MINOR AILMENTS | PESTER"
BUTTERFLY,BUTTERFLY,7,2024-07-28,2026-02-27,7,7,0,"KINDS OF CHAIN REACTION ""EFFECTS"" | KINDS OF KNIVES | LAST WORDS OF FAMOUS OPERA TITLES | NERVOUSNESS, IN THE SINGULAR | SOCIAL ___ | WORDS IN A FAMOUS MUHAMMAD ALI QUOTE | ___ EFFECT"
CAR,CAR,7,2024-10-17,2025-12-06,7,7,0,FEATURED IN THE MONTY HALL PROBLEM | MEMBER OF A TITULAR GROUP IN AN ANIMATION FRANCHISE | MOVIES WITH “S” REMOVED | THEY HAVE A HORN | THINGS TO BOOK FOR A VACATION | WHAT “FORD” MIGHT REFER TO | ___POOL
COMPACT,COMPACT,7,2025-05-06,2026-06-25,7,7,0,ADJECTIVES FOR A SPORTS CAR | COMPARATIVELY SMALL | GROOMING ITEMS | PACKED | PROMISE | THINGS THAT OPEN LIKE A CLAM | TIGHTLY PACKED
CREW,CREW,7,2024-08-01,2026-01-24,7,7,0,CRIME ORGANIZATION | GROUP | KINDS OF NECKLINES | KINDS OF SOCKS | NECKLINES | TEAM | ___ SOCKS
CROWN,CROWN,7,2024-08-31,2026-04-15,7,7,0,CHAMPIONSHIP | CHECKERS TERMS | DENTAL ADDITIONS | PARTS OF A TOOTH | SHAPES OF CHESS PIECES | SLANG FOR HEAD | TREE FEATURES
DEVIL,DEVIL,7,2024-08-10,2026-06-11,7,7,0,"DUST ___ | NHL TEAM MEMBER | ONES WITH POINTY EARS | REPRESENTED BY THREE-DIGIT NUMBERS | TAROT CARDS, WITH ""THE"" | THINGS THAT ARE RED | THINGS WITH HORNS"
DRAW,DRAW,7,2024-09-29,2025-08-22,7,7,0,"ABSORB USING CAPILLARY ACTION | ACTIONS IN CARD GAMES | ATTRACT | INHALATION | KINDS OF POKER | MAKE EQUAL, AS A SCORE | ___STRING"
DRUM,DRUM,7,2024-09-01,2026-05-24,7,7,0,BARREL-SHAPED CONTAINER | CONTAINERS | OBJECTS USED IN RITUAL PERFORMANCES | PARTS OF THE EAR | PERCUSSION INSTRUMENTS | ___ ROLL | ___STICKS
EASY,EASY,7,2024-06-23,2025-11-23,7,7,0,"""NOTHING TO IT!"" | LENIENT | UP FOR ANYTHING | WORDS THAT SOUNDS LIKE TWO LETTERS | “CALM DOWN” | “NOTHING TO IT!” | “SETTLE DOWN!”"
FIGURE,FIGURE,7,2024-07-13,2026-03-28,7,7,0,COST | EMBODIMENT | FAMOUS PERSON | GO ___ | PRESUME | SMALL LIKENESS | TEXTBOOK IMAGES
FOOT,FOOT,7,2024-11-17,2026-01-23,7,7,0,"HANDLE, AS A BILL | IMPERIAL UNITS | LOWEST PART | THINGS THAT ARE DIVIDED INTO TWELVE SEGMENTS | WHAT ' CAN INDICATE | WHAT AN APOSTROPHE MIGHT INDICATE | WORDS BEFORE ""STOOL"""
HERO,HERO,7,2024-07-07,2026-05-13,7,7,0,"BIRDS MINUS LAST LETTER | ELEMENTS OF GREEK DRAMA | LONG SANDWICH | LUNCH ORDERS | MARIAH CAREY NUMBER ONE HITS | PROTAGONIST | WHAT ""SUB"" MIGHT REFER TO"
HORSE,HORSE,7,2025-03-31,2026-06-15,7,7,0,"CHINESE ZODIAC ANIMALS | DARK ___ | GYMNASTICS APPARATUS | SEEN IN A BARN | SHAPES OF CHESS PIECES | WORDS BEFORE ""FLY"" IN INSECT NAMES | ___PLAY"
JET,JET,7,2024-06-30,2026-01-10,7,7,0,BLACK | HOT TUB COMPONENTS | LEAVE QUICKLY | N.F.L. TEAM MEMBER | NEW YORK SPORTS TEAM MEMBERS | SHADES OF BLACK | TAKE OFF
MATCH,MATCH,7,2024-07-18,2026-04-28,7,7,0,"BOXING UNIT | COMPETITION | CORRESPOND WELL WITH | OTHER HALF | STRIKE A ___ | TENNIS COMPETITION UNITS | THINGS THAT COME IN ""BOOKS"""
MOTHER,MOTHER,7,2024-07-12,2026-06-14,7,7,0,"CARE FOR | CHARACTERS IN ""DICK AND JANE"" | ONES CELEBRATED WITH HOLIDAYS | QUEEN ___ | WHAT ""MA"" MIGHT REFER TO | WORDS IN A PLANETARY MNEMONIC | ___ GOOSE"
NAIL,NAIL,7,2024-06-20,2026-04-25,7,7,0,BITS OF HARDWARE | BODY COVERINGS | KINDS OF BEDS | MADE OF KERATIN | PERFORM WELL ON | PICTURE HANGING NEEDS | SHARP FASTENERS
NAME,NAME,7,2024-11-07,2025-12-27,7,7,0,ATTRIBUTE | CONTACT INFO | CREDIT CARD INFO | FAMOUS PERSON | GIVE A TITLE TO | NEEDS FOR SENDING A LETTER | PUBLIC STANDING
NEW,NEW,7,2024-06-24,2026-03-07,7,7,0,"""___ GIRL"" TITLES | ANIMAL HOMOPHONES | FILE MENU OPTIONS | GROUNDBREAKING | IN PRISTINE CONDITION | INEXPERIENCED | WORDS BEFORE ""CASTLE"""
PAN,PAN,7,2024-07-16,2025-05-01,7,7,0,COOKING VESSELS | CRITICIZE | FIGURES IN GREEK MYTH | MOVIE CAMERA VERBS | PETER ___ | SECOND WORDS OF “PETER PAN” CHARACTERS | ___CAKE
PEPPER,PEPPER,7,2024-12-15,2026-06-04,7,7,0,"DOCTORS IN POP CULTURE | DRS | GHOST ___ | SPICES | SPRINKLE | STREW | WORDS BEFORE ""MINT"""
POOL,POOL,7,2024-07-19,2025-09-26,7,7,0,CACHE | CHANCE TO WIN A PRIZE | DIRTY ___ | FEATURES OF THE NATIONAL MALL IN D.C. | FUND | HOTEL AMENITIES | ___ TABLE
PUNCH,PUNCH,7,2024-08-21,2026-06-08,7,7,0,BEVERAGES | CLASSIC COCKTAIL TYPES | FAMOUS PUPPETS | PERFORATE | PIQUANCY | THINGS THAT CAN BE SPIKED | WALLOP
ROOT,ROOT,7,2024-10-14,2026-04-17,7,7,0,ALGEBRA TERMS | FEEL AROUND (FOR) | PARTS OF A TOOTH | PARTS OF A TREE | RUMMAGE | SUPPORT AUDIBLY | VEGETABLE PARTS
SHRED,SHRED,7,2024-09-04,2026-05-25,7,7,0,"MUSCULAR, MINUS ""ED"" SOUND | PARTICLE | PLAY MUSIC WITH PASSION | PLAY SOME ELECTRIC GUITAR | SMALLEST AMOUNT | TINY BIT | VERY SMALL AMOUNT"
SLIDE,SLIDE,7,2024-08-28,2025-11-04,7,7,0,ELECTRIC ___ | GUITAR PLAYING TECHNIQUES | KINDS OF SHOES | PLAYGROUND EQUIPMENT | SHOES | USED TO VIEW A BIOLOGICAL SAMPLE | ___ GUITAR
SOUR,SOUR,7,2024-07-31,2026-02-18,7,7,0,ALE STYLES | BAD-SMELLING | CLASSIC COCKTAIL TYPES | CRABBY | KINDS OF PICKLES | STYLES OF BEER | ___ CREAM
SPIN,SPIN,7,2024-08-02,2026-03-25,7,7,0,APPARATUS-BASED EXERCISE CLASSES | CAR TRIP | MAGAZINES | MUSIC PUBLICATIONS | PARTIALITY | THINGS A DJ DOES | WASHING MACHINE CYCLES/SETTINGS
STOP,STOP,7,2024-11-06,2025-11-08,7,7,0,"BLOCK, AS AN OPENING | DVR BUTTONS | REMOTE CONTROL FUNCTIONS | RESTRICT | WORDS BEFORE ""WATCH"" | WORDS THAT MODIFY “WATCH” | “AAH, ENOUGH!”"
SUGAR,SUGAR,7,2025-01-10,2025-12-02,7,7,0,INGREDIENTS IN AN OLD FASHIONED | INGREDIENTS IN BUBBLE TEA | INGREDIENTS IN CLASSIC POUND CAKE | KINDS OF COOKIES | MILD OATHS | TERMS OF ENDEARMENT | WORDS PRONOUNCED “SH” WITHOUT AN “SH”
TABLE,TABLE,7,2024-10-14,2025-09-21,7,7,0,DEFER | DISPLAY OF ROWS AND COLUMNS | RESTAURANT SEATING OPTIONS | TABLE TENNIS NEEDS | THINGS THAT CAN HAVE LEAVES | THINGS YOU CAN INSERT IN A DOCUMENT | VENDOR’S SPOT AT A MARKET
TALK,TALK,7,2024-06-25,2025-10-07,7,7,0,"DIVULGE, AS PRIVATE INFORMATION | GOSSIP | HEARSAY | SPOKEN PRESENTATION | SWEET ___ | THINGS YOU MIGHT DO IN YOUR SLEEP | ___ RADIO"
TAN,TAN,7,2024-07-21,2026-04-28,7,7,0,BEIGE SHADES | FARMERS’ THINGS | LIGHT BROWN SHADES | MATH ABBREVIATIONS | SECOND HALVES OF DRINK NAMES | STARTS OF AFRICAN COUNTRIES | SUN___
TOUCH,TOUCH,7,2024-09-04,2026-04-23,7,7,0,AFFECT | BE ADJACENT TO | BORDER | GLIMMER | LITTLE BIT | VERY SMALL AMOUNT | ___STONE
VOLUME,VOLUME,7,2024-06-15,2026-05-12,7,7,0,BASIC GEOMETRIC CALCULATIONS | CONTROLLED WITH UP/DOWN BUTTONS | QUALITIES OF THICK HAIR | REMOTE CONTROL BUTTONS | REMOTE CONTROL FUNCTIONS | SPECS ON CONSUMER PACKAGING | SUBSTANTIAL BOOK
WAVE,WAVE,7,2024-08-09,2026-06-07,7,7,0,"FAST-MOVING WATER | INFLUX | MOVE IN THE WIND | MUSIC GENRE SUFFIXES | OBJECTS WITH THE PREFIX “MICRO-” | SHOCK ___ | SIGNAL DOWN, AS A TAXI"
WIND,WIND,7,2024-08-20,2026-03-24,7,7,0,FOLLOW A MEANDERING COURSE | HETERONYMS | INTERTWINE | KINDS OF INSTRUMENTS | METAPHORS FOR QUICKNESS | ROTATE | SPOOL
WORD,WORD,7,2024-06-28,2026-06-10,7,7,0,'80S SLANG | COUNTED IN DOCUMENT WORD COUNTS | DIRTY ___ | ELEMENTS OF WRITING | INDICATION TO PROCEED | UTTERANCE | ___PLAY
ZIP,ZIP,7,2024-09-13,2026-02-17,7,7,0,CREDIT CARD INFO | FILE EXTENSIONS | MOVE QUICKLY | VIGOR | VITALITY | ZOOM | ___ CODE
ANGLE,ANGLE,7,2024-06-17,2026-04-12,6,7,0,CORNERS | MEASURED IN DEGREES | PARTIALITY | PERSPECTIVE | POINT OF VIEW | WORDS AFTER THE PREFIX “TRI-”
FIELD,FIELD,7,2024-07-14,2026-01-26,6,7,0,AREA OF EXPERTISE | BASEBALL VENUES | DEAL WITH | ICONIC ACTRESSES | PROFESSION | REALM OF EXPERTISE
HANDLE,HANDLE,7,2024-07-15,2025-12-21,6,7,0,"DEAL WITH | FEATURES OF A TEAPOT | LIQUOR BOTTLE SIZES | NICKNAME | PARTS OF A TOILET TANK | TAKE ON, AS A RESPONSIBILITY"
MONSTER,MONSTER,7,2024-07-13,2025-12-15,6,7,0,ENORMOUS | KINDS OF TRUCKS | MASSIVE | MEMBER OF A TITULAR GROUP IN AN ANIMATION FRANCHISE | SERIAL KILLER MOVIES | “SESAME STREET” FIGURES
NEEDLE,NEEDLE,7,2025-03-15,2026-04-16,6,7,0,"COMPONENTS OF A RECORD PLAYER | ITEMS IN A SEWING KIT | SHARP PROTRUSION | STARTING WITH SYNONYMS FOR ""HANKER FOR"" | TEASE | USED IN WEAVING"
PAPER,PAPER,7,2024-12-02,2026-04-12,6,7,0,SAND___ | SLANG FOR MONEY | SUPPLIES FOR MACARONI ART | WAX ___ | ___ CLIP | ___ DOLL
PARTY,PARTY,7,2024-06-27,2026-01-06,6,7,0,"GROUP WITHIN A GROUP | SOCIAL GATHERING | SOMEBODY | THINGS YOU CAN THROW, IN METAPHORS | THIRD ___ | ___ ANIMAL"
PIN,PIN,7,2024-11-19,2026-05-25,6,7,0,ACCESSORY WITH A POINTY FASTENER | COLORS MINUS LAST LETTER | COMMON PROMO ITEMS | SHARP FASTENERS | SOMETHING ENTERED FOR ACCESS | WAYS TO UNLOCK A DEVICE
POST,POST,7,2024-06-17,2026-06-06,6,7,0,"ASSIGNMENT | DELIVER, AS A PACKAGE | NEWSPAPER NAMES | PILLAR | THINGS YOU CAN DO ON SOCIAL MEDIA | ___ OFFICE"
POT,POT,7,2024-10-03,2025-10-23,6,7,0,CARE FOR A PLANT | COOKING VESSELS | FUND | USED TO GROW A HOUSEPLANT | USED WHEN SERVING SOUP | WINNINGS
STRIKE,STRIKE,7,2024-06-20,2026-05-24,6,7,0,BASEBALL CALLS | BOWLING RESULTS | DRAWBACK | LABOR PROTEST ACTIONS | LIGHTNING ___ | MARK AS COMPLETED
TRADE,TRADE,7,2024-07-14,2025-12-27,6,7,0,ACTIONS IN FANTASY SPORTS | BUYING AND SELLING | COMPANIES WITH “E” REMOVED | INVESTMENT VERBS | PROFESSION | VOCATION
CHANCE,CHANCE,7,2024-07-10,2026-04-02,5,7,0,FUTURE LIKELIHOOD | OPPORTUNITY | PUT ON THE LINE | SPACES ON A MONOPOLY BOARD | WORDS ON A MONOPOLY BOARD
GUIDE,GUIDE,7,2024-07-01,2025-11-19,5,7,0,INSTRUCT | SHOW THE WAY | STEER | TEACH | TEMPLATE
PINE,PINE,7,2024-07-05,2026-03-11,5,7,0,ACT LOVESTRUCK | KINDS OF CONES | TREES | WORDS BEFORE “NUT” | YEARN
SLUG,SLUG,7,2024-12-08,2026-04-22,5,7,0,BANANA ___ | PUNCH | SLIMY ANIMALS | SWIG | WALLOP
SOCK,SOCK,7,2024-10-03,2026-04-29,5,7,0,ITEM SOLD IN PAIRS | KINDS OF PUPPETS | PUNCH | WALLOP | WORDS BEFORE “HOP”
ALARM,ALARM,6,2024-08-18,2026-04-30,6,6,0,ALARM CLOCK BUTTONS | ALERT | DIGITAL WATCH FEATURES | DISTURB | THINGS THAT RING | UNNERVE
ANCHOR,ANCHOR,6,2024-07-25,2025-10-31,6,6,1,"ASSOCIATED WITH POPEYE | CLASSIC NAUTICAL TATTOOS | LEAD, AS A TV PROGRAM | MAINSTAY | PARTS OF A SHIP | POPEYE"
ANGEL,ANGEL,6,2025-02-28,2026-06-09,6,6,0,BENEFACTOR | LOVELY PERSON | MLB PLAYER | SYMBOLS OF INNOCENCE | TERMS OF ENDEARMENT | WHAT YOU MIGHT SEE ON A CHRISTMAS TREE
BALLOON,BALLOON,6,2024-08-21,2026-03-17,6,6,0,BIT OF PARTY DECORATION | INCREASE | THINGS MADE OF RUBBER | THINGS THAT ARE INFLATED | THINGS WITH STRINGS | ___ ANIMAL
BANK,BANK,6,2024-07-17,2025-09-15,6,6,1,AREA OF HIGH GROUND | BEACHY AREA | BUILDINGS AROUND TOWN | CACHE | PARTS OF A RIVER | REBOUND
BAT,BAT,6,2024-10-08,2025-08-14,6,6,0,ANIMALS IN THE WITCHES' BREW IN “MACBETH” | ASSOCIATED WITH COUNT DRACULA | HALLOWEEN SYMBOLS | RODS | THINGS YOU CAN DO WITH YOUR EYELIDS | USED TO HIT A BALL IN SPORTS
BED,BED,6,2024-09-04,2026-01-29,6,6,2,BIT OF LAND FOR GROWING | FEATURED IN GOLDILOCKS AND THE THREE BEARS | GOLDILOCKS | PARTS OF A RIVER | PUPPY PURCHASES | QUEEN ___
BIG,BIG,6,2024-10-10,2026-05-26,6,6,0,'80S COMEDIES | FICTIONAL MISTERS | MOVIES | SIGNIFICANT | ___ BIRD | ___ DEAL
BIRD,BIRD,6,2024-09-12,2026-05-15,6,6,0,"MULTI-TIME NBA MVPS | NBA LEGENDS, FAMILIARLY | SINGLE ANIMAL IN A CREATIVELY SPELLED BAND NAME | WHAT ""CARDINAL"" MIGHT REFER TO | “FREE ___” | “SESAME STREET” FIGURES"
BIT,BIT,6,2025-02-03,2026-02-08,6,6,0,"COMEDIC ROUTINE | EQUESTRIAN GEAR | SHORT PERIOD OF TIME | SHTICK | TINY AMOUNT, WITH “A” | WORDS AFTER ""TWO"""
BLAST,BLAST,6,2024-09-05,2025-10-04,6,6,0,"""AW, HECK!"" | CRITICIZE | CRITICIZE HARSHLY | FUN TIME | QUITE THE PARTY | RUSH OF WIND"
BOARD,BOARD,6,2024-11-02,2026-06-26,6,6,0,"COMMON COMPONENTS OF BOARD GAMES | GROUP OF ADVISORS | PROVIDE WITH A PLACE TO STAY | STAR___ | STEP ONTO, AS A VEHICLE | VARIOUS AMOUNTS OF WOOD"
BOOK,BOOK,6,2024-09-24,2026-03-04,6,6,0,CLASSIC KID GIFTS | PROCURE IN ADVANCE | SECURE IN ADVANCE | TAKE OFF | THINGS THAT CAN HAVE LEAVES | ___WORM
BOWL,BOWL,6,2024-07-29,2025-12-11,6,6,0,ARENA | DUST ___ | PUPPY PURCHASES | STADIUMS | SUPER ___ | USED WHEN SERVING SOUP
BOX,BOX,6,2024-08-30,2026-03-10,6,6,0,CONTAINERS FOR SHIPPING | DOG BREEDS MINUS “ER” SOUND | ON A BASEBALL FIELD | PARTICIPATE IN SUMMER OLYMPIC EVENTS | PUNCH | ___ OFFICE
CHARM,CHARM,6,2025-01-12,2026-01-01,6,6,0,BIT OF MAGIC | CAPTIVATE | COLLECTIVE NOUNS FOR BIRDS | KINDS OF BRACELETS | KINDS OF JEWELRY | WOO
CHERRY,CHERRY,6,2024-06-18,2025-12-25,6,6,0,COCKTAIL GARNISHES | DRINK GARNISHES | KINDS OF TOMATOES | SHADES OF RED | THINGS WITH STEMS | TREES
CHILL,CHILL,6,2024-06-23,2026-01-08,6,6,0,'80S SLANG | BE AT LEISURE | BIT OF A RESPONSE TO STRONG EMOTIONS | MINOR AILMENTS | RELAX | “CALM DOWN”
CLOCK,CLOCK,6,2025-01-02,2026-04-26,6,6,0,DEPICTED IN DALÍ’S “THE PERSISTENCE OF MEMORY” | MEASURING DEVICES | PERCEIVE | THINGS THAT ARE DIVIDED INTO TWELVE SEGMENTS | THINGS WITH FACES | WHAT CHARACTERS WERE TRANSFORMED INTO IN “BEAUTY AND THE BEAST”
CLOSE,CLOSE,6,2024-12-24,2026-01-26,6,6,0,"BELOVED, AS A FRIEND | BLOCK, AS AN OPENING | CONVENIENTLY LOCATED | ENCOURAGING RESPONSES IN A GUESSING GAME | ICONIC ACTRESSES | ___ CALL"
COMPASS,COMPASS,6,2024-12-04,2025-12-30,6,6,0,ARCHITECTURAL DRAWING TOOLS | CLASSIC NAUTICAL TATTOOS | ICONS ON AN IPHONE | MAP FEATURES | MEASURING DEVICES | THINGS WITH NEEDLE/S
COPY,COPY,6,2025-04-08,2026-01-21,6,6,0,EMULATE | IMITATION | KNOCKOFF | PAPER PUBLICATION | PLAGIARIZE | RADIO LINGO
DICE,DICE,6,2024-10-02,2026-05-06,6,6,1,COMMON COMPONENTS OF BOARD GAMES | CUT INTO PIECES | FOUND IN A CASINO | NEEDS FOR PLAYING YAHTZEE | PLURAL WORDS THAT ARE VERY DIFFERENT FROM THEIR SINGULAR FORMS | USE A KITCHEN KNIFE
DIVE,DIVE,6,2024-06-23,2025-12-15,6,6,0,DISREPUTABLE ESTABLISHMENT | LOCAL WATERING HOLE | PARTICIPATE IN SUMMER OLYMPIC EVENTS | QUICK JUMP IN THE POOL | SKY___ | WHAT HUMPBACK WHALES DO
EXTRA,EXTRA,6,2024-09-03,2025-09-28,6,6,0,ADDITIONAL BENEFIT | ADDITIONAL PERK | EXCESSIVELY | GUM BRANDS | PREFIX MEANING “VERY” | “EXTRA VIRGIN OLIVE OIL”
FAN,FAN,6,2024-08-23,2026-04-16,6,6,0,BURLESQUE WEAR | EMANATE | KINDS OF FICTION | THERMOSTAT SETTINGS | THINGS MADE BY FOLDING PAPER | THINGS TO DO WITH A DECK OF CARDS
FANTASY,FANTASY,6,2024-07-07,2025-12-18,6,6,0,BIT OF WISHFUL THINKING | FABRICATION | FICTION GENRES | LANDS OF THE IMAGINATION | MARIAH CAREY NUMBER ONE HITS | “___ ISLAND”
FAWN,FAWN,6,2024-07-24,2026-02-16,6,6,0,BABY ANIMALS | BEIGE SHADES | FIGURES IN CLASSIC DISNEY ANIMATED FILMS | LAY IT ON THICK | LIGHT BROWN SHADES | STRESS RESPONSES
FILM,FILM,6,2025-06-20,2026-06-10,6,6,0,CAPTURE ON VIDEO | GROSS THINGS THAT FORM ON WET SURFACES | KINDS OF ACTORS | MOVIE | THIN LAYER | THINGS THAT COME ON SPOOLS
FLAG,FLAG,6,2024-07-22,2026-02-13,6,6,0,"INDICATION | PENNANT | SIGNAL DOWN, AS A TAXI | THEY'RE BLOWIN' IN THE WIND | USED TO REDIRECT TRAFFIC | ___POLE"
FRESH,FRESH,6,2024-09-24,2026-04-19,6,6,0,ADJECTIVES FOR NICE SKIN | CHEEKY | IN FASHION | INEXPERIENCED | INSPIRED | SASSY
GOAT,GOAT,6,2024-08-11,2026-04-09,6,6,0,ACRONYMS | ALL-TIME GREAT | FEATURED IN THE MONTY HALL PROBLEM | KINDS OF CHEESES | ZODIAC SYMBOLS | ___ CHEESE
GREAT,GREAT,6,2025-02-06,2026-03-13,6,6,0,COLOSSAL | COMMENTARY ABOUT YOUR CONNECTIONS RESULTS | KINDS OF WALLS | LUMINARY | MAGNANIMOUS | ___ SEAL
HORN,HORN,6,2024-07-22,2026-03-15,6,6,0,BULL___ | FRENCH ___ | LONG___ | MADE OF KERATIN | MUSICAL INSTRUMENTS | PARTS OF A CAR
KICK,KICK,6,2024-08-03,2025-09-05,6,6,0,"BIT OF EXCITEMENT | CHILI PEPPER QUALITY | FUN TIME | PIQUANCY | STOP, AS A HABIT | ___BALL RECREATIONAL SPORTS"
KISS,KISS,6,2024-07-31,2026-03-24,6,6,0,CANDY PIECES | CANOODLE | FEATURES OF A WEDDING | FRENCH ___ | GRAZE | THINGS YOU CAN BLOW
MEAN,MEAN,6,2024-10-28,2026-04-03,6,6,0,AVERAGE | CATTY | DESPICABLE | INDICATE | NORM | SIGNIFY
MINT,MINT,6,2024-07-14,2026-04-19,6,6,0,COCKTAIL GARNISHES | CONDITIONS FOR COLLECTIBLES | IN PRISTINE CONDITION | LARGE AMOUNT OF MONEY | LAST WORDS OF CANDY BRANDS IN THE SINGULAR | 🤑
MISS,MISS,6,2024-10-18,2026-03-10,6,6,0,"BUNGLE | CLUNKER | FAIL TO TAKE ADVANTAGE OF, AS AN OPPORTUNITY | FLOP | U.S. STATE ABBREVIATIONS | U.S. STATE ABBREVIATIONS, PER AP STYLE GUIDE"
MOON,MOON,6,2024-08-22,2026-05-21,6,6,0,ACT LOVESTRUCK | BLUE ___ | CELESTIAL OBJECTS | PRANK VERBS | STARTS OF ONE-WORD JAMES BOND MOVIE TITLES | THINGS ASSOCIATED WITH BUTTS
MUSHROOM,MUSHROOM,6,2024-09-16,2026-04-13,6,6,0,"INCREASE | MAGIC ___ | SEEN IN THE AFTERMATH OF A RAINSTORM | STARTING WITH SYNONYMS FOR ""SLUSH"" | THEY HAVE CAPS | THINGS THAT ARE CAPPED"
PHONE,PHONE,6,2024-07-06,2025-03-27,6,6,0,CONTACT VIA TELEPHONE | MONTHLY EXPENSES | OBJECTS WITH THE PREFIX “MICRO-” | THINGS THAT RING | WORDS AFTER “PAY” | ___ TAG
PICKLE,PICKLE,6,2025-02-23,2026-03-17,6,6,0,"METAPHORS FOR TROUBLE | PREDICAMENT | RHYME WITH U.S. COINS | WAYS TO PRESERVE FOOD | WORDS BEFORE ""BALL"" IN SPORTS | ___BALL RECREATIONAL SPORTS"
PILOT,PILOT,6,2024-07-16,2026-02-28,6,6,0,"EXPERIMENTAL | GUIDE | HONDA MODELS | JOBS THAT INVOLVE TRAVELING | STEER | WORDS BEFORE ""LIGHT"""
PRESS,PRESS,6,2024-11-22,2026-05-28,6,6,0,FIRST AMENDMENT FREEDOMS | FOURTH ESTATE | JOSTLE | LAUNDRY SERVICES | PETITION (FOR) | PUBLICITY
REGISTER,REGISTER,6,2024-07-09,2026-06-06,6,6,0,"ACCOUNT BOOK | CHRONICLE | INDICATE, AS EMOTIONS | PERCEIVE | SEEN AT A GROCERY CHECKOUT COUNTER | VOCAL CHARACTERISTICS"
ROD,ROD,6,2024-06-20,2026-04-20,6,6,0,DRAPERY HANGING ITEMS | FISHING GEAR | HOT ___ | LIGHTNING ___ | SEEN IN A CLOSET | WORDS AFTER “GOLDEN”
ROUND,ROUND,6,2024-07-18,2026-06-06,6,6,0,"BOXING TERMS | BOXING UNIT | MORE OR LESS, COLLOQUIALLY | PARTS OF A TOURNAMENT SETUP | STEP IN A PROCESS | ___ TABLE"
RUN,RUN,6,2024-08-10,2026-06-04,6,6,0,"BE IN CHARGE OF | BE IN COMMISSION | BROADCAST, AS ONLINE MEDIA | OVERSEE | SEQUENCE | STARTS OF CLASSIC HIP-HOP GROUPS"
SALT,SALT,6,2025-01-21,2026-06-04,6,6,0,ENHANCE THE TASTE OF | ROCK ___ | SLANG FOR A SAILOR | STARTS OF CLASSIC HIP-HOP GROUPS | THINGS THAT COME IN FLAKES | USED TO CLEAR SNOW
SAVE,SAVE,6,2024-09-03,2025-06-09,6,6,0,ABSOLVE | CONSERVE | FILE MENU OPTIONS | KEYBOARD SHORTCUT COMMANDS | MARK ONLINE FOR LATER | NOT INCLUDING
SCISSORS,SCISSORS,6,2024-07-11,2026-02-09,6,6,0,FIRST AID KIT ITEMS | FIRST-CLASS LEVERS | ITEMS IN A SEWING KIT | SCHOOL SUPPLIES | USED IN WEAVING | WHAT THE OUTSTRETCHED INDEX AND MIDDLE FINGERS CAN REPRESENT
SCRATCH,SCRATCH,6,2024-08-02,2025-09-11,6,6,0,BLEMISH | MESS UP THE SURFACE OF | SLANG FOR MONEY | SMALL IMPERFECTION | THINGS A DJ DOES | THINGS CATS DO
SCREEN,SCREEN,6,2024-06-18,2026-04-28,6,6,0,CLASSIC MOVIE THEATER EQUIPMENT | HIDE FROM VIEW | OBSCURE | SUN___ | VISUAL INTERFACE | ___PLAY
SECRET,SECRET,6,2024-06-25,2026-06-09,6,6,0,"HUSH-HUSH | INTIMATE AND UNDISCLOSED | KEY TO SUCCESS, SO TO SPEAK | THINGS YOU'RE NOT SUPPOSED TO REVEAL | TOP ___ | ___ CODE"
SHED,SHED,6,2024-10-06,2026-05-24,6,6,0,EMIT | FARM FIXTURES | HOME STRUCTURES | THINGS A RATTLESNAKE DOES | THINGS CATS DO | THINGS SEEN IN A YARD
SHIELD,SHIELD,6,2024-06-18,2026-06-02,6,6,0,BACKING | HERALDIC ACHIEVEMENTS | HIDE FROM VIEW | OBSCURE | PICTURED ON THE U.S. GREAT SEAL | SEEN ON BACKS OF U.S. COINS
SPEED,SPEED,6,2024-07-23,2026-02-17,6,6,0,BREAK THE RULES | CARD GAMES | CLASSIC '90S ACTION FILMS | LAPTOP SPECS | LOONEY TUNES CHARACTERS MINUS A LETTER | ZOOM
SPELL,SPELL,6,2024-10-28,2026-03-18,6,6,0,BIT OF MAGIC | CURSE | HYPNOTIC STATE | INDICATE | INTERVAL | SIGNIFY
STAMP,STAMP,6,2024-09-02,2026-04-28,6,6,0,"CLASSIC COLLECTION ITEMS | CREDENTIALS FOR ENTRY | EMBLEM | ITEM IN A COLLECTION | NEEDS FOR SENDING A LETTER | THINGS THAT COME IN ""BOOKS"""
STONE,STONE,6,2025-03-06,2026-01-23,6,6,0,BEST ACTRESS OSCAR WINNERS | BRITISH IMPERIAL UNITS OF WEIGHT | BUILDING MATERIALS | IMPERIAL UNITS | PIECES OF OLYMPIC SPORTS EQUIPMENT | SAND___
STORE,STORE,6,2024-07-02,2025-12-12,6,6,0,CACHE | CHAIN ___ | CONSERVE | CONTAIN | PACK (AWAY) FOR FUTURE USE | SUPPLY
SUB,SUB,6,2024-07-07,2026-05-13,6,6,0,ACT AS A BACKUP | LATIN PREPOSITIONS | LONG SANDWICH | PREFIXES | REPLACEMENT | WATERCRAFT
SUIT,SUIT,6,2024-07-07,2026-01-21,6,6,0,"BATMAN'S ""BAT"" THINGS | CORRESPOND WELL WITH | COURT FILING | MAKE HAPPY | SLANGY NAMES FOR PROFESSIONS | WHAT ""DIAMOND"" CAN REFER TO"
SUNSET,SUNSET,6,2025-03-01,2026-03-19,6,6,0,"BROADWAY MUSICALS, FAMILIARLY | DISCONTINUE | FAMOUS STREETS IN LOS ANGELES | THINGS KNOWN FOR BEING COLORFUL THINGS | THINGS THAT CHANGE COLOR | ___ STRIP"
SWEAT,SWEAT,6,2024-07-20,2025-11-02,6,6,0,EXERTION | EXHIBIT NERVOUSNESS | FLUSTERED STATE | SHOW SIGNS OF PHYSICAL EXERTION | WORDS AFTER “NO” TO MEAN “IT’S ALL GOOD” | ___ SOCKS
TIGER,TIGER,6,2024-08-04,2026-03-26,6,6,0,KIDDO | M.L.B. TEAM MEMBER | MEMBER OF A DETROIT SPORTS TEAM | PAPER ___ | STRIPED ANIMALS | THINGS WITH STRIPES
TIRE,TIRE,6,2024-08-21,2026-01-28,6,6,0,PARTS OF A WHEEL | SPARE ___ | THINGS MADE OF RUBBER | THINGS THAT ARE INFLATED | TORUS-SHAPED THINGS | WEARY
TURN,TURN,6,2024-07-04,2026-04-19,6,6,0,CARDS IN TEXAS HOLD 'EM | CARDS IN TEXAS HOLD ’EM | DRIVING INSTRUCTOR DIRECTIVES | OPPORTUNITY | ROTATE | SINGLE ROTATION
WAX,WAX,6,2024-07-25,2026-05-01,6,6,0,"ANCIENT WRITING SURFACES | HAIR PRODUCTS | INCREASE | INCREASE, IN A WAY | KINDS OF PAPER | MAKE GLOSSY"
WORK,WORK,6,2024-07-20,2026-05-12,6,6,0,BE IN COMMISSION | EXERTION | RENOVATIONS | RIHANNA #1 HITS | SUBSTANTIAL BOOK | VOCATION
YO-YO,YO-YO,6,2024-08-16,2026-03-17,6,6,0,BE INDECISIVE | DOOFUS | FOUND AT THE END OF A STRING/CORD | KNUCKLEHEAD | THINGS THAT GO UP AND DOWN | THINGS WITH STRINGS
BUCK,BUCK,6,2025-01-03,2026-04-02,5,6,0,$1 | MALE ANIMALS | N.B.A. PLAYER | ONE DOLLAR | SOUNDS A CHICKEN MAKES
CALL,CALL,6,2024-12-10,2026-04-28,5,6,0,CONTACT VIA TELEPHONE | ENTREATY | GIVE A TITLE TO | POKER ACTIONS | PREDICT
CAPE,CAPE,6,2024-08-27,2026-04-13,5,6,0,ACCESSORIES FOR A MAGICIAN | ASSOCIATED WITH COUNT DRACULA | CLASSIC BARBERSHOP SUPPLIES | COASTAL LANDFORMS | LANDFORMS
CHAMPION,CHAMPION,6,2024-07-26,2026-06-20,5,6,0,ADVOCATE FOR | BENEFACTOR | ENDORSE | SUPPORT | SUPPORTER
COURT,COURT,6,2024-06-19,2026-06-16,5,6,0,ATTENDANTS | GO OUT WITH | OPEN SPACE | STREET SUFFIXES | WOO
CRUISE,CRUISE,6,2024-09-28,2026-04-03,5,6,0,CAR TRIP | GLIDE | PARTS OF A FLIGHT | PROLIFIC ACTORS | ___ CONTROL
DECK,DECK,6,2024-08-22,2026-04-22,5,6,0,CUT THE ___ | GATHERING SPOT OUTSIDE A RESIDENCE | PARTS OF A SHIP | TIER | WALLOP
ECHO,ECHO,6,2024-08-08,2026-06-17,5,6,0,EMULATE | FIGURES IN GREEK MYTH | IN THE NATO ALPHABET | REITERATE | SOMETHING THAT BRINGS BACK MEMORIES
FIX,FIX,6,2024-06-17,2026-01-19,5,6,0,"ADHERE | CLEAN UP, AS A PHOTOGRAPH | PREDICAMENT | WAY OF SOLVING A PROBLEM | WORDS AFTER ""QUICK"""
FLAT,FLAT,6,2024-09-17,2026-02-01,5,6,0,APARTMENT | EXPRESSIONLESS | FLUSH | KINDS OF SHOES | SHOES
GIANT,GIANT,6,2024-07-13,2025-12-15,5,6,0,COLOSSAL | ENORMOUS | FANTASY CREATURES | FEATURED IN “JACK AND THE BEANSTALK” | MASSIVE
HOSE,HOSE,6,2025-05-26,2026-05-17,5,6,0,GARDENING TOOLS | HOLLOW CYLINDERS | LINGERIE | SWINDLE | USED IN VENTILATION
IRON,IRON,6,2024-06-22,2026-02-20,5,6,0,"""___ MAN"" SONGS FROM THE '70S | INFO ON A NUTRITION LABEL | KINDS OF GOLF CLUBS | ORIGINAL MONOPOLY TOKENS | THINGS YOU CAN PUMP"
LIFT,LIFT,6,2024-06-15,2026-05-28,5,6,0,FEATURES OF A SKI RESORT | PLAGIARIZE | QUALITIES OF THICK HAIR | SKI ___ | STEAL
MEDIUM,MEDIUM,6,2024-09-21,2026-05-20,5,6,0,CHANNEL | CLAIRVOYANT | INFO ON A MUSEUM PLACARD | MEANS | STOVE KNOB SETTINGS
MOLE,MOLE,6,2024-10-27,2026-04-06,5,6,0,COMPONENTS OF WHAC-A-MOLE | DISTINGUISHING CHARACTERISTICS | SPY | UNITS | UNITS OF MEASURE
POSITION,POSITION,6,2024-08-25,2026-04-12,5,6,0,ASSIGNMENT | PERSPECTIVE | POINT OF VIEW | PRO ATHLETE DATA | STATUS
PRESENT,PRESENT,6,2024-07-25,2026-02-21,5,6,0,"ADJECTIVES USED IN GRAMMAR | ATTENDANCE STATUS | BESTOW | LEAD, AS A TV PROGRAM | PUT FORWARD, AS AN ANNOUNCEMENT"
RIBBON,RIBBON,6,2024-11-19,2026-01-25,5,6,0,ELEMENTS OF A CLASSIC “MOM” TATTOO | PASTA SHAPES | PRESENT GO-WITHS | STARTING WITH SYNONYMS FOR “TEASE” | THEY'RE ON A ROLL!
SHOT,SHOT,6,2024-10-18,2026-03-22,5,6,0,"INCREASED, WITH “UP” | OPPORTUNITY | PICTURE TAKEN FROM A FILM | SWIG | ___ GLASS GLASSWARE"
PALM,PALM,6,2024-06-19,2026-05-15,4,6,0,"HOMOPHONES OF KINDS OF DOGS, FAMILIARLY | STEAL | THINGS READ IN DIVINATION | TREES"
BABE,BABE,5,2024-07-27,2026-06-09,5,5,0,FICTIONAL PIGS | FIRST NAMES OF YANKEES LEGENDS | HOTTIE | SYMBOLS OF INNOCENCE | TITULAR ANIMALS OF FILM
BALANCE,BALANCE,5,2025-01-20,2026-06-11,5,5,0,ATM OPTIONS | PARTS OF A WORKOUT ROUTINE | WHAT’S LEFTOVER | ___ BEAM | ___ SHEET
BAND,BAND,5,2024-12-21,2026-04-04,5,5,0,GROUP | LOOP | RADIO TUNING OPTIONS | RESISTANCE TRAINING EQUIPMENT | ___ CAMP
BEST,BEST,5,2024-08-11,2025-11-28,5,5,0,ACHIEVE VICTORY OVER | ALL-TIME GREAT | FINEST | LETTER SIGN-OFFS | SURPASS
BILL,BILL,5,2024-09-06,2026-01-18,5,5,0,BUFFALO ___ | FEATURES OF A DUCK | LINEUP | NICKNAMES THAT HAVE OTHER MEANINGS | THINGS RECEIVED IN THE MAIL
BITE,BITE,5,2025-01-27,2025-12-24,5,5,0,"MASTICATE | NOT BE GOOD | SMALL AMOUNT OF FOOD TO TRY | THINGS PEOPLE DO TO FINGERNAILS | WORDS THAT PRECEDE ""-SIZE"" TO MEAN SMALL"
BLACK,BLACK,5,2024-07-12,2025-09-26,5,5,0,KINDS OF BEARS | ROULETTE BETS | ROULETTE OPTIONS | WHAT “JET” MIGHT REFER TO | WORDS REPEATED IN “MISS MARY MACK”
BOAT,BOAT,5,2024-11-02,2026-01-24,5,5,0,"BANANA ___ | CORE EXERCISES | KINDS OF NECKLINES | NECKLINES | POKER HANDS, FAMILIARLY"
BONUS,BONUS,5,2024-10-11,2026-02-09,5,5,0,ADDITIONAL BENEFIT | ADDITIONAL PERK | GOOD THINGS TO GET AT WORK | KINDS OF PAYMENT FOR AN AUTHOR | PARTS OF A COMPENSATION PACKAGE
BOOT,BOOT,5,2025-01-06,2026-04-04,5,5,0,FORCE TO LEAVE | ORIGINAL MONOPOLY TOKENS | POSSIBLE RESULTS OF A TRAFFIC VIOLATION | SYNONYMS FOR REAR END MINUS LAST LETTER | ___ CAMP
BRANCH,BRANCH,5,2024-06-25,2025-10-27,5,5,0,DEPICTED IN DALÍ’S “THE PERSISTENCE OF MEMORY” | DIVIDE | EMANATE | PARTS OF A TREE | SECTION
BRICK,BRICK,5,2024-12-29,2026-03-13,5,5,0,BUILDING MATERIALS | COMPACT MASS | KINDS OF WALLS | RECTANGULAR PRISMS | SHADES OF RED
BRUSH,BRUSH,5,2024-08-27,2026-01-31,5,5,0,CLASSIC BARBERSHOP SUPPLIES | DO SOME GROOMING | GRAZE | PERSONAL GROOMING ITEMS | WAYS TO APPLY PAINT
BUMPER,BUMPER,5,2024-11-27,2025-12-15,5,5,0,"""RUBBER BABY BUGGY BUMPER"" | CAR PARTS | ENORMOUS | WAYS TO MODIFY A CAR'S EXTERIOR | ___ CAR"
BUSINESS,BUSINESS,5,2024-07-14,2025-12-27,5,5,0,AIRLINE CLASSES | BUYING AND SELLING | KINDS OF CARDS | NEWSPAPER SECTIONS | PROFESSION
BUST,BUST,5,2024-10-18,2026-04-19,5,5,0,BLACKJACK TERMS | CLUNKER | DRESS MEASUREMENTS | FLOP | KINDS OF CARVINGS
BUTTON,BUTTON,5,2024-09-14,2026-05-06,5,5,1,ACCESSORY WITH A POINTY FASTENER | CONSOLE INPUTS | ITEMS IN A SEWING KIT | KINDS OF MUSHROOMS | WAYS TO FASTEN THINGS
BUZZ,BUZZ,5,2024-08-14,2025-10-07,5,5,0,"GOSSIP | THINGS BEES DO | THINGS YOU DO AT SOMEONE'S FRONT DOOR | ___WORD | “TOY STORY” CHARACTERS, FAMILIARLY"
CAKE,CAKE,5,2024-08-21,2026-03-24,5,5,0,COMPACT MASS | COVER WITH A THICK LAYER | FEATURES OF A WEDDING | KING ___ | SEEN AT A WEDDING
CAP,CAP,5,2024-11-16,2026-05-25,5,5,1,COMMON PROMO ITEMS | GRADUATION GEAR | LAST WORDS OF CANDY BRANDS IN THE SINGULAR | POPEYE | THINGS THAT PREVENT LEAKS
CASTLE,CASTLE,5,2024-07-13,2026-04-15,5,5,0,"ASSOCIATED WITH COUNT DRACULA | KAFKA WORKS, WITH ""THE"" | SAND___ | SHAPES OF CHESS PIECES | SILENT “T”"
CAT,CAT,5,2024-08-20,2026-06-01,5,5,0,COPY___ | DR. SEUSS TITLE FIGURES | SUBJECTS IN TENNESSEE WILLIAMS TITLES | WORDS AFTER “KITTY” | ___FISH
CELL,CELL,5,2024-07-06,2025-12-29,5,5,0,"BIOLOGICAL BUILDING BLOCKS | BIOLOGICAL STRUCTURES | HOMOPHONES OF SYNONYMS FOR ""VEND"" | LEVELS OF BIOLOGICAL ORGANIZATION | THINGS YOU CAN INSERT INTO A SPREADSHEET"
CHANNEL,CHANNEL,5,2024-06-18,2026-05-07,5,5,0,BODIES OF WATER | CONTROLLED WITH UP/DOWN BUTTONS | RADIO TUNING OPTIONS | REMOTE CONTROL BUTTONS | ___ SURF
CHEEK,CHEEK,5,2024-07-10,2026-06-17,5,5,0,BACK TALK | BODILY WORDS FOR ATTITUDE | BRASHNESS | FACIAL FEATURES | SASSINESS
CHIP,CHIP,5,2024-09-23,2026-06-26,5,5,0,BIT OF SPORTS BAR FARE | CRUNCHY SNACK ITEM | MEMBER OF A CARTOON DUO | OBJECTS WITH THE PREFIX “MICRO-” | RODENTS WHO ARE FIRST IN A CARTOON DUO
CLEAR,CLEAR,5,2024-08-13,2026-05-30,5,5,0,"OBVIOUS | SATISFY, AS DEBTS | SENSIBLE | SONOROUS | WELL-DEFINED, AS AN IMAGE"
CLOUD,CLOUD,5,2024-08-06,2026-04-20,5,5,0,FLUFFY WHITE THINGS | IMAGERY IN MAGRITTE PAINTINGS | KINDS OF DIGITAL STORAGE | MASS OF SMOKE | OBFUSCATE
COAT,COAT,5,2024-08-21,2026-03-18,5,5,0,COVER WITH A THICK LAYER | RAIN___ | SPREAD OVER | THIN LAYER | ___ CHECK
COIN,COIN,5,2024-09-02,2026-04-05,5,5,0,CLASSIC COLLECTION ITEMS | CREATE | FORMATS OF GOLD | ITEM IN A COLLECTION | THINGS TO FLIP
COMB,COMB,5,2024-10-14,2026-05-01,5,5,1,FEATURES OF A BIRD'S HEAD | GROOMING ITEMS | OBJECTS WITH TEETH | RUMMAGE | USED IN HAIR CARE
CONCERN,CONCERN,5,2025-06-21,2026-05-26,5,5,0,COMPANY | DISTURB | INTEREST | MATTER AT HAND | PORTION
CONE,CONE,5,2024-07-22,2026-02-23,5,5,0,CONICAL THINGS | ICE CREAM PARLOR ORDERS | SEEN AT AN ICE CREAM SHOP | SNOW ___ | USED TO REDIRECT TRAFFIC
CORE,CORE,5,2024-11-11,2026-06-07,5,5,0,ABDOMINAL AREA | CENTRAL SECTION OF THE BODY | COLLOQUIAL SUFFIXES | GIST | MUSIC GENRE SUFFIXES
CORNER,CORNER,5,2024-06-17,2026-03-15,5,5,0,CLOSE IN ON | GREEDILY CONTROL | PREDICAMENT | TURN THE ___ | WORDS AFTER “KITTY”
CROWD,CROWD,5,2024-11-25,2026-04-25,5,5,0,"BIRD PLUS LETTER | LARGE GROUP | MASSES, IN IDIOMS | THEY ROAR | ___ SURF"
CUBE,CUBE,5,2024-08-30,2026-02-03,5,5,0,CUT INTO PIECES | FORMS OF SUGAR | ICE ___ | MAKE INTO SMALLER PIECES WHILE COOKING | USE A KITCHEN KNIFE
DAY,DAY,5,2025-03-25,2026-04-16,5,5,0,CLEAR AS ___ | ERA | MAY___ | TRAINING ___ | WORDS BEFORE “BED”
DEAL,DEAL,5,2025-02-01,2025-12-05,5,5,0,DISCOUNT | REAL ___ | STATE OF AFFAIRS | STRIKE A ___ | THINGS TO DO WITH A DECK OF CARDS
DEAR,DEAR,5,2024-06-24,2025-12-10,5,5,0,"""MY GOODNESS!"" | ANIMAL HOMOPHONES | BELOVED, AS A FRIEND | LOVELY PERSON | WORDS BEFORE AN ADDRESSEE"
DING,DING,5,2024-07-26,2025-09-11,5,5,0,BLEMISH | CONCAVITY | DRAWBACK | SMALL IMPERFECTION | YOU GOT IT!
DIP,DIP,5,2024-10-11,2026-01-10,5,5,0,BIT OF SPORTS BAR FARE | GAME DAY FARE | LEAVE QUICKLY | QUICK JUMP IN THE POOL | TAKE OFF
DRAG,DRAG,5,2024-11-01,2026-02-12,5,5,0,INHALATION | MOUSE ACTIONS | PROGRESS SLOWLY | ROAD | ___ QUEEN
DRAGON,DRAGON,5,2024-11-05,2026-06-15,5,5,0,"CHINESE ZODIAC ANIMALS | FANTASY CREATURES | FIGURES IN “SHREK” | KINDS OF LIZARDS | WORDS BEFORE ""FLY"" IN INSECT NAMES"
DRESS,DRESS,5,2025-07-01,2026-03-11,5,5,0,"DO SOME GROOMING | KINDS OF SOCKS | MAKE NICER, WITH ""UP"" | WHAT ""SHIFT"" MIGHT REFER TO | ___ CODE"
DRILL,DRILL,5,2024-08-07,2026-02-27,5,5,0,INVOLVED IN A DENTIST VISIT | SAME OLD STUFF | TASKS FOR A STUDENT | THINGS WITH BITS | ___ PRESS
EAR,EAR,5,2024-10-29,2025-12-12,5,5,0,DISTINCTIVE FEATURES OF AN ELEPHANT | PASTA SHAPES | SINGULAR NOUN IN A FAMOUS “JULIUS CAESAR” LINE | VEGETABLE UNITS | WORDS BEFORE “DRUM”
EVEN,EVEN,5,2024-07-12,2026-03-13,5,5,0,"FLUSH | KINDS OF NUMBERS | MAKE EQUAL, AS A SCORE | ROULETTE BETS | ROULETTE OPTIONS"
EYE,EYE,5,2024-10-10,2026-03-08,5,5,0,BODY PARTS | FACIAL FEATURES | PALINDROMES | THIRD ___ | ___ CANDY
FAST,FAST,5,2024-11-30,2026-02-12,5,5,0,ADJECTIVES FOR A SPORTS CAR | FIXED | FIXED IN PLACE | ___ FOOD | ___BALL PITCHES
FIDDLE,FIDDLE,5,2024-07-22,2026-05-16,5,5,0,"MESS AROUND (WITH) | MUSICAL INSTRUMENTS | SECOND ___ | SQUANDER, WITH “AWAY” | ___STICKS"
FINE,FINE,5,2024-07-14,2025-10-23,5,5,0,"CONDITIONS FOR COLLECTIBLES | COPACETIC | IMPOSE, AS A PENALTY | PEACHY | SPLENDID"
FIRM,FIRM,5,2025-06-21,2026-04-10,5,5,0,COMPANY | DESCRIPTORS FOR SWISS CHEESE | FIXED | FIXED IN PLACE | STRICT
FLASH,FLASH,5,2024-07-18,2026-02-17,5,5,0,GLITZINESS | NEWS ANNOUNCEMENT | SHORT PERIOD OF TIME | THINGS IN A CAMERA KIT | ZOOM
FLIP,FLIP,5,2024-09-07,2026-04-15,5,5,0,"LOSE IT, WITH ""OUT"" | OVERSIMPLISTIC | RIFFLE (THROUGH) | SKIM THROUGH, AS PAGES | WAYS TO TRANSFORM AN IMAGE"
FLOWER,FLOWER,5,2024-06-15,2026-04-28,5,5,0,KINDS OF BEDS | MAY___ | SUN___ | THINGS WITH STEMS | ___ CHILD
FORD,FORD,5,2025-04-14,2026-05-15,5,5,0,"ASSOCIATED WITH THE GAME THE OREGON TRAIL | CAR BRANDS | NAVIGATE THROUGH, AS A RIVER | PROLIFIC ACTORS | U.S. PRESIDENTS"
FREEZE,FREEZE,5,2024-07-06,2026-02-16,5,5,0,BAD THINGS FOR A WEBSITE TO DO | CHANGE STATES OF MATTER | STRESS RESPONSES | WAYS TO PRESERVE FOOD | ___ TAG
FROZEN,FROZEN,5,2024-07-02,2026-02-12,5,5,0,ADJECTIVES FOR ASSETS | BEST ANIMATED FEATURE OSCAR WINNERS | FIXED IN PLACE | MADONNA SONGS | UNMOVING
GATE,GATE,5,2024-12-06,2025-09-14,5,5,0,AIRPORT BOARD INFO | AIRPORT FEATURES | COLLOQUIAL SUFFIXES | ENTRYWAY | STAR___
GLOVES,GLOVES,5,2024-08-23,2026-04-14,5,5,0,BOXING TERMS | BURLESQUE WEAR | CLEANING SUPPLIES | FENCING GEAR | GEAR FOR A BOXER
GOLD,GOLD,5,2024-08-12,2026-04-21,5,5,0,METAL ELEMENTS | SHADES OF YELLOW | SPARKLING THINGS | STARTS OF ONE-WORD JAMES BOND MOVIE TITLES | ___FISH
GOOSE,GOOSE,5,2025-02-22,2025-07-11,5,5,0,MOTHER ___ | SILLY PERSON | WORDS AFTER “GOLDEN” | ___BERRY | ___NECK
HAMMER,HAMMER,5,2024-09-01,2026-04-17,5,5,0,KINDS OF PANTS | PARTS OF A PIANO | PARTS OF THE EAR | PICTURE HANGING NEEDS | SEEN IN “DONKEY KONG”
HASH,HASH,5,2024-09-04,2026-03-06,5,5,0,BREAKFAST SIDES | CUT INTO PIECES | FOOD-RELATED JUMBLES | SYMBOLS ON A KEYBOARD | WAYS ONE MIGHT REFER TO #
HIGH,HIGH,5,2024-08-03,2026-05-20,5,5,0,"""SCHOOL"" MODIFIERS | BIT OF EXCITEMENT | HOMOPHONES OF GREETINGS | STOVE KNOB SETTINGS | ___ ROAD"
HOLD,HOLD,5,2024-10-28,2025-12-12,5,5,0,CAPTIVATE | CHURCH OF ENGLAND WEDDING VOW VERBS | CONTAIN | INVESTMENT VERBS | PERSIST
HUSTLE,HUSTLE,5,2024-07-01,2026-03-29,5,5,0,CON GAME | RETRO DANCE CRAZES | SCHEME | SILENT “T” | SWINDLE
KNOCK,KNOCK,5,2025-01-17,2026-02-05,5,5,0,COLLIDE WITH | CRITICIZE | INSULT | STRIKE | THINGS YOU DO AT SOMEONE'S FRONT DOOR
LEGEND,LEGEND,5,2024-08-11,2025-07-08,5,5,0,ALL-TIME GREAT | GODDESS | JOHNS | LUMINARY | SINGER-SONGWRITER PIANISTS
LIGHT,LIGHT,5,2024-11-25,2025-10-25,5,5,0,ASSOCIATED PRINCIPLES IN CHINESE PHILOSOPHY | DELICATE | DIGITAL WATCH FEATURES | HARD TO MAKE OUT | LACKING
LIKE,LIKE,5,2024-09-12,2026-02-04,5,5,0,"APPROXIMATELY | ILK | MARK ONLINE FOR LATER | MORE OR LESS, COLLOQUIALLY | THINGS YOU CAN DO ON SOCIAL MEDIA"
LION,LION,5,2024-08-20,2026-03-26,5,5,0,LUMINARY | MEMBER OF A DETROIT SPORTS TEAM | THEY ROAR | ZODIAC SYMBOLS | ___ KING
LODGE,LODGE,5,2024-09-28,2026-05-28,5,5,0,ANIMAL HOMES | EMBED | FEATURES OF A SKI RESORT | PROVIDE WITH A PLACE TO STAY | SKI ___
LOG,LOG,5,2024-07-09,2026-06-26,5,5,0,ACCOUNT BOOK | CHRONICLE | MATH ABBREVIATIONS | VARIOUS AMOUNTS OF WOOD | WRITE
LOW,LOW,5,2024-10-21,2026-04-09,5,5,0,AUTOMATIC GEAR SHIFTER POSITIONS | DESPICABLE | GLOOMY | LACKING | ___LIFE
MARKET,MARKET,5,2024-06-26,2025-07-03,5,5,0,"BUYING AND SELLING | CONSUMER DESIRE, COLLECTIVELY | FARMERS’ THINGS | PLACES TO SHOP | PROMOTE"
MAY,MAY,5,2024-06-29,2026-02-12,5,5,0,"IN “STAR LIGHT, STAR BRIGHT” | VERBS EXPRESSING POSSIBILITY | ___ QUEEN | ___FLOWER | ___POLE"
MINUS,MINUS,5,2024-07-26,2026-02-07,5,5,1,CALCULATOR BUTTONS | DRAWBACK | MADE WITH HORIZONTAL LINES | SYMBOLS USED IN ARITHMETIC | WITHOUT
MODEL,MODEL,5,2024-09-24,2026-06-27,5,5,0,COMPONENTS OF A FASHION SHOW | ONLINE PERSONALITY | SMALL LIKENESS | TEMPLATE | THINGS YOU ASSEMBLE
MONITOR,MONITOR,5,2024-08-23,2026-06-25,5,5,0,BABY GEAR | COMPUTER PERIPHERALS | KEEP TABS ON | KINDS OF LIZARDS | VISUAL INTERFACE
MOUSE,MOUSE,5,2024-08-03,2025-10-31,5,5,1,"CINDERELLA | COMPUTER INPUT DEVICES | FIGURES IN CLASSIC DISNEY ANIMATED FILMS | IN ""A VISIT FROM ST. NICHOLAS"" | THINGS TO CLICK"
NICE,NICE,5,2024-09-19,2026-04-22,5,5,0,CITIES | PLACES IN FRANCE | WORDS PRONOUNCED DIFFERENT WAYS AS PROPER NOUNS | WORDS PRONOUNCED DIFFERENTLY AS PROPER NOUNS | “GREAT JOB!”
ONION,ONION,5,2024-12-18,2026-06-01,5,5,0,SPRING ___ | THINGS WITH LAYERS | WHAT MIGHT BRING TEARS TO YOUR EYES | ___ DOME | ___ RING
PASTE,PASTE,5,2025-04-29,2026-04-09,5,5,0,ADHERE | COOKING CONCOCTIONS | DEFEAT SOUNDLY | KEYBOARD SHORTCUT COMMANDS | OINTMENT
PATCH,PATCH,5,2024-09-23,2026-03-18,5,5,0,BIT OF LAND FOR GROWING | FIX A HOLE IN CLOTHING | INTERVAL | MEDICINE FORMATS | REGION
PEA,PEA,5,2025-06-18,2026-01-24,5,5,0,CONTENTS OF A POD | KINDS OF COATS | SHADES OF GREEN | SMALL SPHERICAL THINGS | SNOW ___
PEARL,PEARL,5,2024-09-11,2025-10-08,5,5,0,BITS OF WISDOM | HORROR MOVIES FROM 2022 | PAINT FINISHES | SMALL SPHERICAL THINGS | SPHERES IN MILK TEA
PEN,PEN,5,2024-07-11,2026-05-24,5,5,0,COMMIT TO PAPER | FARM FIXTURES | SCHOOL SUPPLIES | THEY HAVE CAPS | THINGS WITH INK
PLAIN,PLAIN,5,2025-01-19,2026-03-21,5,5,0,AUSTERE | DIRECT | KINDS OF PIZZA | LANDFORMS | ORDINARY
PLANT,PLANT,5,2024-09-28,2025-05-17,5,5,0,DO SOME TASKS IN THE GARDEN | EMBED | MEMBER OF A KINGDOM IN TAXONOMY | SPY | WHAT A SITTER MIGHT SIT
POPULAR,POPULAR,5,2025-02-15,2026-06-23,5,5,0,CONTENT SORTING OPTIONS ONLINE | PREVAILING | TREES PLUS A LETTER | WHAT “POP” MIGHT MEAN | WORDS SHORTENED IN ROCK GENRES
PORT,PORT,5,2024-06-26,2025-08-19,5,5,0,FORTIFIED WINES | PLACE TO PLUG SOMETHING IN | SANCTUARY | STARTS OF EUROPEAN COUNTRIES | WHAT “LEFT” MIGHT MEAN
PRIMARY,PRIMARY,5,2025-07-27,2026-06-22,5,5,0,"""SCHOOL"" MODIFIERS | DOMINANT | ELEMENTARY | FOREMOST | WORDS BEFORE ""SCHOOL"""
PRINCIPAL,PRINCIPAL,5,2024-07-11,2026-02-25,5,5,0,ELEMENTARY | FOREMOST | FUNDAMENTAL | IMPORTANT | PROTAGONIST
PYRAMID,PYRAMID,5,2024-07-01,2026-05-11,5,5,0,"FOOD ___ | KINDS OF SCHEMES | ORGANIZATIONAL STRUCTURES, METAPHORICALLY | SEEN ON A U.S. DOLLAR BILL | WONDERS OF THE WORLD"
QUEEN,QUEEN,5,2024-08-12,2025-11-23,5,5,0,FEMALE ANIMALS | GODDESS | MATTRESS SIZES | PLAYING CARDS | SECOND WORDS IN TITLES OF ABBA HITS
RAIN,RAIN,5,2024-10-23,2026-06-21,5,5,0,PRECIPITATION | PURPLE ___ | SOURCES OF DRINKING WATER | ___ CHECK | ___DROP
RAINBOW,RAINBOW,5,2025-04-05,2025-10-24,5,5,0,ARC-SHAPED THINGS | ENDING WITH MEDIEVAL WEAPONS | KINDS OF COOKIES | LAST WORDS IN LONG-RUNNING CHILDREN’S SHOW TITLES | THINGS KNOWN FOR BEING COLORFUL THINGS
RAY,RAY,5,2024-11-29,2026-06-03,5,5,0,BEST ACTOR-WINNING BIOPICS | DISNEY PRINCESSES MINUS LAST LETTER | M.L.B. TEAM MEMBER | MLB PLAYER | WORDS AFTER “X”
REEL,REEL,5,2024-08-20,2026-01-04,5,5,0,CAREEN | CLASSIC MOVIE THEATER EQUIPMENT | CYLINDER OF MATERIAL | ROTATE | SPOOL
RIM,RIM,5,2024-07-10,2025-07-24,5,5,0,CAR PARTS | COMPONENTS OF EYEGLASSES | PARTS OF A BASKETBALL HOOP | PARTS OF A WHEEL | WAYS TO MODIFY A CAR'S EXTERIOR
ROCKY,ROCKY,5,2024-09-23,2025-12-31,5,5,0,ASSOCIATED WITH PHILADELPHIA | MEMBER OF A CARTOON DUO | MUSIC GENRES PLUS A LETTER | RODENTS WHO ARE FIRST IN A CARTOON DUO | ___ ROAD
ROLL,ROLL,5,2024-10-14,2026-05-13,5,5,0,CYLINDER OF MATERIAL | EGG ___ | JELLY ___ | SOUND LIKE THUNDER | SOUNDS OF THUNDER
ROUGH,ROUGH,5,2024-07-31,2025-12-02,5,5,0,"APPROXIMATE | NOT SMOOTH, AS TERRAIN | RASPY | ___ PATCH | ___HOUSE (THAT AREN’T HOUSES)"
RUFFLE,RUFFLE,5,2024-10-26,2026-01-26,5,5,0,"DAUNT | FLUSTER | IRRITATE | SALTY SNACK UNIT | SCRUNCH, AS FABRIC"
SCORE,SCORE,5,2024-09-05,2025-09-19,5,5,0,ATTAIN | EVALUATE | GREAT MANY | MESS UP THE SURFACE OF | OBTAIN
SEA,SEA,5,2024-06-19,2025-11-13,5,5,0,FOAMY THINGS | LARGE GROUP | LAST WORDS IN “AMERICA THE BEAUTIFUL” | MEMBER OF A SEPTET | MULTITUDE
SEAL,SEAL,5,2024-07-01,2025-11-08,5,5,0,"BLOCK, AS AN OPENING | EMBLEM | SEEN ON A U.S. DOLLAR BILL | THINGS THAT PREVENT LEAKS | WAX ___"
SEE,SEE,5,2024-06-19,2025-12-15,5,5,0,"ARE WE CLEAR? | GO OUT WITH | HOMOPHONES OF BODIES OF WATER | PICK UP ON | WHAT ""C"" MIGHT MEAN"
SETTLE,SETTLE,5,2024-12-30,2025-12-06,5,5,0,"HANDLE, AS A BILL | MOLLIFY | PAY, WITH “UP” | SATISFY, AS DEBTS | STOP CHANGING"
SHIP,SHIP,5,2024-06-17,2026-01-25,5,5,0,"BODY PART PLUS A STARTING LETTER | DELIVER, AS A PACKAGE | LARGE BOAT | SUFFIXES | THINGS IN BOTTLES"
SIGNAL,SIGNAL,5,2024-06-28,2026-01-21,5,5,0,"ALERT | BATMAN'S ""BAT"" THINGS | DRIVING INSTRUCTOR DIRECTIVES | INDICATION | INDICATION TO PROCEED"
SILVER,SILVER,5,2025-03-12,2026-02-22,5,5,0,"DESCRIPTORS FOR GRAYING HAIR | FICTIONAL PIRATES | MATERIALS ASSOCIATED WITH FANCY DINING | WORDS AFTER ""QUICK"" | WORDS SAID TO HAVE NO EXACT RHYMES"
SKIN,SKIN,5,2025-01-27,2026-06-10,5,5,0,ANAGRAMS | BODY COVERINGS | GROSS THINGS THAT FORM ON WET SURFACES | PROTECTIVE COVERINGS IN NATURE | REMOVE THE COVERING FROM
SKIRT,SKIRT,5,2024-10-05,2026-04-23,5,5,0,BORDER | EVADE | PARTS OF A CLASSIC GIRL SCOUT UNIFORM | PERIPHERY | STEAK CUTS
SLACK,SLACK,5,2024-06-28,2026-01-03,5,5,0,"KINDS OF PANTS MINUS ""S"" | LEGWEAR IN THE SINGULAR | LENIENT | WIGGLE ROOM | WORK COMMUNICATION PLATFORMS"
SLIP,SLIP,5,2024-08-24,2026-05-11,5,5,0,"ASSOCIATED WITH FREUD | FOOTWEAR MINUS “ER” SOUND | LINGERIE | MOVE STEALTHILY | MOVE STEALTHILY, WITH ""IN"""
SNAKE,SNAKE,5,2025-02-17,2026-06-15,5,5,0,"BACKSTABBER | CHINESE ZODIAC ANIMALS | FOLLOW A MEANDERING COURSE | PLUMBING EQUIPMENT | PRO WRESTLING ICONS, WITH “THE”"
SOAP,SOAP,5,2024-07-12,2026-01-28,5,5,0,ASSOCIATED WITH “DOVE” | BAR ___ | CLEANING SUPPLIES | THINGS THAT ARE OFTEN SCENTED | ___BOX
SOLO,SOLO,5,2024-09-20,2025-09-05,5,5,0,"AVAILABLE | CHARACTERS IN “THE EMPIRE STRIKES BACK,"" FAMILIARLY | PLAY SOME ELECTRIC GUITAR | WORDS BEFORE “CUP” | “FREE ___”"
SQUARE,SQUARE,5,2024-07-18,2026-03-04,5,5,0,"MAKE EQUAL, AS A SCORE | OPEN SPACE | SATISFY, AS DEBTS | SPORTSMANLIKE | SUBSTANTIAL, AS A MEAL"
STORY,STORY,5,2024-08-22,2026-01-16,5,5,0,BIT OF NEWSPAPER WRITING | COMPONENTS OF A KID’S BEDTIME ROUTINE | STATE OF AFFAIRS | TELLING OF EVENTS | TIER
STRAIGHT,STRAIGHT,5,2024-09-09,2026-03-21,5,5,0,"CONTINUOUS | DIRECT | HOMOPHONES OF BODIES OF WATER | POKER HANDS, FAMILIARLY | SPECIFICATIONS FOR A BARTENDER"
STRAW,STRAW,5,2025-06-16,2026-02-06,5,5,0,BEVERAGE SELF-SERVICE ITEMS | HOLLOW CYLINDERS | ITEMS AT A COFFEE STATION | LAST ___ | WHAT A DRINK IS SERVED WITH
SUPER,SUPER,5,2024-07-30,2025-02-09,5,5,0,MASSIVE | PEACHY KEEN | PREFIX MEANING “VERY” | PREFIXES | ___ TUESDAY
SWEET,SWEET,5,2024-11-03,2025-12-10,5,5,0,CONFECTION | HEARTWARMING | KINDS OF PICKLES | LOVING | ___ TALK
TEA,TEA,5,2024-06-19,2025-05-04,5,5,1,"INGREDIENTS IN BUBBLE TEA | PROVERBIAL THINGS THAT ARE SPILLED | THINGS READ IN DIVINATION | THINGS THAT SOUND LIKE ""T"" | WORDS IN “DO-RE-MI”"
TITLE,TITLE,5,2024-11-07,2026-01-24,5,5,0,CHAMPIONSHIP | DOCUMENTS OF OWNERSHIP | FOUND ON A BOOK JACKET | INFO ON A MUSEUM PLACARD | SEEN IN OPENING CREDITS
TRACE,TRACE,5,2024-09-04,2026-02-15,5,5,0,GLIMMER | INDICATION | SMALLEST AMOUNT | SOMETHING THAT BRINGS BACK MEMORIES | VERY SMALL AMOUNT
TRAIN,TRAIN,5,2024-06-22,2025-08-14,5,5,0,CLASSIC TOYS | COMPONENTS OF A BRIDE’S ENSEMBLE | INSTRUCT | ONE THING AFTER ANOTHER | TEACH
TRIANGLE,TRIANGLE,5,2024-07-22,2025-11-10,5,5,0,COOKIE CUTTER SHAPES IN “SQUID GAME” | MUSICAL INSTRUMENTS | PERCUSSION INSTRUMENTS | STARTING WITH GREEK NUMERICAL PREFIXES | WORDS WITH THE PREFIX MEANING “THREE”
TRUNK,TRUNK,5,2025-01-08,2025-11-29,5,5,0,ABDOMINAL AREA | CENTRAL SECTION OF THE BODY | DISTINCTIVE FEATURES OF AN ELEPHANT | PARTS OF A TREE | STORAGE CONTAINERS
TUBE,TUBE,5,2024-08-01,2026-01-25,5,5,0,CONTAINERS FOR SHIPPING | HOLLOW CYLINDERS | PASTA SHAPES | SUBTERRANEAN TRANSIT | ___ SOCKS
WAY,WAY,5,2024-09-21,2026-06-10,5,5,0,EXTREMELY | FREE___ | METHOD | STREET SUFFIXES | TECHNIQUE
WHALE,WHALE,5,2024-07-29,2025-09-11,5,5,0,BEHEMOTH | BLUE ___ | COMPLAINT HOMOPHONES | CONTENTS OF A POD | THINGS WITH SPOUTS
WHIP,WHIP,5,2024-09-17,2026-04-16,5,5,0,FEATURES OF A CATWOMAN COSTUME | LEGISLATIVE ROLES | PARTS OF AN INDIANA JONES COSTUME | STIR VIGOROUSLY | THINGS YOU CAN CRACK
WONDER,WONDER,5,2024-09-15,2026-04-18,5,5,0,BEGINNING WITH NUMBER HOMOPHONES | LOOK AT WITH AWE | MEMBER OF A SEPTET | ONE IN A SEPTET | SINGER-SONGWRITER PIANISTS
WRENCH,WRENCH,5,2024-07-03,2025-11-05,5,5,0,"METAPHOR FOR SOMETHING UNEXPECTED | PLUMBING EQUIPMENT | THINGS YOU CAN THROW, IN METAPHORS | WEAPONS IN THE GAME CLUE | WREST"
YARD,YARD,5,2024-07-18,2025-05-08,5,5,0,GATHERING SPOT OUTSIDE A RESIDENCE | GRASSY AREA | MEASURED IN FOOTBALL STATS | OPEN SPACE | ___STICK
BUNK,BUNK,5,2024-08-03,2026-04-21,4,5,0,BALDERDASH | KINDS OF BEDS | NONSENSE | SPEND THE NIGHT (AT)
BURN,BURN,5,2024-07-19,2025-07-13,4,5,0,COMMENT AFTER AN INSULT | GET RED IN THE FACE | INSULT | YEARN
CURRENT,CURRENT,5,2024-10-01,2026-01-19,4,5,0,FAST-MOVING WATER | IN FASHION | MEASURED BY SI UNITS | WHAT AN ELECTROMETER MEASURES
DODGE,DODGE,5,2025-03-02,2025-10-18,4,5,0,"CAR BRANDS | EVADE | WORDS BEFORE ""BALL"" IN SPORTS | ___BALL RECREATIONAL SPORTS"
DOMINO,DOMINO,5,2024-11-01,2026-02-27,4,5,0,"BLACK-AND-WHITE THINGS | KINDS OF CHAIN REACTION ""EFFECTS"" | THINGS WITH SPOTS | ___ EFFECT"
EDUCATION,EDUCATION,5,2024-06-17,2026-05-02,4,5,0,"MEASURED IN DEGREES | SIDEBAR INFO ON A PERSON’S WIKIPEDIA PAGE | U.S. CABINET DEPARTMENTS | WHAT ""ED"" MIGHT INDICATE"
FACE,FACE,5,2024-11-19,2026-03-28,4,5,0,EXTERIOR | REPUTATION | WAYS TO UNLOCK A DEVICE | ___ PLANT
FLOAT,FLOAT,5,2025-05-05,2025-10-26,4,5,0,GLIDE | ICE CREAM TREATS | PARTS OF A TOILET TANK | WORDS IN A FAMOUS MUHAMMAD ALI QUOTE
FORTUNE,FORTUNE,5,2024-07-05,2026-03-25,4,5,0,KINDS OF COOKIES | LARGE AMOUNT OF MONEY | MAGAZINES | 🤑
FOUL,FOUL,5,2025-02-03,2026-03-02,4,5,0,"BAD-SMELLING | BASEBALL CALLS | BOWLING RESULTS | BUNGLE, WITH “UP”"
GAS,GAS,5,2024-06-30,2025-10-22,4,5,0,GRILL FUEL SOURCES | MONTHLY EXPENSES | THINGS YOU CAN PUMP | UTILITIES
GENERAL,GENERAL,5,2024-06-26,2026-04-17,4,5,0,APPROXIMATE | ARMY RANKS | CATCHALL | PREVAILING
HEEL,HEEL,5,2025-01-03,2025-10-02,4,5,0,A REAL JERK | DOG COMMANDS | PARTS OF A FOOT | PARTS OF A SHOE
JACKET,JACKET,5,2024-07-28,2026-03-08,4,5,0,DUST ___ | PARTS OF A BOOK | STARTING WITH SLANG FOR ZERO | YELLOW ___
LANE,LANE,5,2024-07-29,2026-05-06,4,5,1,MEMORY ___ | PARTS OF A ROAD | SEEN IN A BOWLING ALLEY | STREET SUFFIXES
MAJOR,MAJOR,5,2024-06-26,2026-01-03,4,5,0,ARMY RANKS | IMPORTANT | JOHNS | SIGNIFICANT
NUT,NUT,5,2024-06-20,2026-06-26,4,5,0,BITS OF HARDWARE | BUTTER___ | CRUNCHY SNACK ITEM | THINGS WITH SHELLS
PUMPKIN,PUMPKIN,5,2024-10-08,2026-05-21,4,5,1,CINDERELLA | HALLOWEEN SYMBOLS | KINDS OF PIES | TERMS OF ENDEARMENT
REAL,REAL,5,2024-07-03,2026-01-05,4,5,0,"ART MOVEMENTS, WITH ""-ISM"" | EXTREMELY | GLOBAL CURRENCIES | TANGIBLE"
RIB,RIB,5,2024-07-24,2026-04-16,4,5,0,BBQ OFFERING | JOKE AROUND WITH | SPARE ___ | TEASE
ROSE,ROSE,5,2024-08-10,2025-09-16,4,5,0,"COMMON PERFUME INGREDIENTS | INCREASED, WITH “UP” | ONE IN A DOZEN | THINGS THAT ARE RED"
SHADE,SHADE,5,2025-02-01,2026-04-08,4,5,0,APPARITION | EYEWEAR IN THE SINGULAR | TINT | WINDOW TREATMENTS IN THE SINGULAR
SHAM,SHAM,5,2024-07-15,2026-01-28,4,5,0,BEDDING | FACADE | IMITATION | IMPOSTOR
SHEET,SHEET,5,2024-09-29,2026-01-21,4,5,0,BEDDING | ITEMS IN A LINEN CLOSET | THIN LAYER | THINGS YOU CAN INSERT INTO A SPREADSHEET
SPINE,SPINE,5,2024-07-28,2026-05-31,4,5,0,"BARB | KINDS OF WOOD PLUS ""S"" | PARTS OF A BOOK | SHARP PROTRUSION"
STAY,STAY,5,2024-09-15,2025-10-02,4,5,0,DOG COMMANDS | PERSIST | RESIDE | SPEND THE NIGHT (AT)
STILL,STILL,5,2025-05-06,2026-03-22,4,5,0,PICTURE TAKEN FROM A FILM | RESTAURANT WATER OPTIONS | SILENCE | UNMOVING
SUPPORT,SUPPORT,5,2024-07-26,2026-06-20,4,5,0,ADVOCATE FOR | ENDORSE | OFFICIAL SANCTIONING | PILLAR
SWALLOW,SWALLOW,5,2024-10-12,2025-11-30,4,5,0,BIRDS | BIRDS THAT ARE VERBS | CLASSIC NAUTICAL TATTOOS | TOLERATE
SWING,SWING,5,2024-10-26,2026-06-23,4,5,0,DANCE STYLES | PLACES TO LIE/SIT THAT MOVE | THINGS THAT MOVE BACK AND FORTH | THINGS THAT SWING
TENDER,TENDER,5,2024-06-24,2025-09-27,4,5,0,HEARTWARMING | LOVING | POULTRY CUTS | SORE TO THE TOUCH
THROW,THROW,5,2024-09-04,2026-01-21,4,5,0,"BEDDING | FLUSTER | HELP PUT ON A PARTY | SQUANDER, WITH “AWAY”"
WOOD,WOOD,5,2024-06-22,2026-02-03,4,5,0,FLOORING OPTIONS | GRILL FUEL SOURCES | KINDS OF GOLF CLUBS | WORDS IN A FAMOUS TONGUE TWISTER
FLUKE,FLUKE,5,2024-07-10,2025-12-17,3,5,0,BIBLICAL FIGURES PLUS STARTING LETTER | FEATURES OF A TOOTHED WHALE | FISH
PINCH,PINCH,5,2025-04-13,2026-03-31,3,5,0,SHORTAGE | STEAL | TOUCHSCREEN GESTURES
SCARF,SCARF,5,2024-10-12,2026-02-23,3,5,0,DRAPED ACCESSORIES | EAT VORACIOUSLY | USED TO DECORATE A SNOWMAN
SOLE,SOLE,5,2024-06-15,2025-12-24,3,5,0,FISH | PARTS OF A FOOT | PARTS OF A SHOE
ADDRESS,ADDRESS,4,2024-10-17,2025-09-12,4,4,0,CONTACT INFO | DEAL WITH | NEEDS FOR SENDING A LETTER | SPOKEN PRESENTATION
AREA,AREA,4,2024-07-22,2026-01-30,4,4,0,BASIC GEOMETRIC CALCULATIONS | REALM OF EXPERTISE | REGION | WHAT “A” MIGHT MEAN
ARROW,ARROW,4,2024-09-03,2026-03-17,4,4,0,ELEMENTS OF A CLASSIC “MOM” TATTOO | FEATURES OF A CARTOON CUPID | METAPHORS FOR QUICKNESS | ___HEAD
BACON,BACON,4,2024-12-27,2025-12-24,4,4,0,BREAKFAST SIDES | PROLIFIC ACTORS | SLANG FOR MONEY | ___ STRIP
BAD,BAD,4,2024-09-08,2026-02-18,4,4,0,"""YOU SHOULD KNOW BETTER!"" | COOL, IN ’80S SLANG | RETRO SLANG FOR COOL | ___ BOYS"
BARGE,BARGE,4,2024-07-24,2025-02-26,4,4,0,LARGE BOAT | PUSH THROUGH A CROWD | SIMPSON FAMILY MEMBERS WITH FIRST LETTER CHANGED | WATERCRAFT
BEAK,BEAK,4,2025-01-31,2026-05-01,4,4,0,FEATURES OF A BIRD'S HEAD | SCHNOZZ | SNOUTS | WHAT “BILL” MIGHT REFER TO
BEANS,BEANS,4,2024-09-13,2025-05-10,4,4,0,FEATURED IN “JACK AND THE BEANSTALK” | PROVERBIAL THINGS THAT ARE SPILLED | USED TO MAKE COFFEE | VIGOR
BINGO,BINGO,4,2024-10-22,2026-02-04,4,4,0,GAMES OF CHANCE | GAMES WHERE YOU SAY THE GAME’S NAME | YOU GOT IT! | ___ HALL
BIRTH,BIRTH,4,2024-09-28,2025-12-19,4,4,0,BEGINNING | HOMOPHONES OF PLACES TO PARK A SHIP | ___ CONTROL | ___STONE
BLUFF,BLUFF,4,2024-07-15,2026-04-04,4,4,0,COASTAL LANDFORMS | FACADE | LANDFORMS | POSE
BOARDWALK,BOARDWALK,4,2024-11-29,2026-06-27,4,4,0,FIRST WORDS OF HBO SHOWS | MONOPOLY SQUARES | STRUCTURES BY THE SHORE | WORDS ON A MONOPOLY BOARD
BOND,BOND,4,2024-06-27,2025-09-03,4,4,0,CHARACTERS IN BOND MOVIES | GOLD ___ | HEROES OF ACTION MOVIE FRANCHISES | JOIN
BORDER,BORDER,4,2024-09-26,2025-10-03,4,4,0,BOUNDARY | DECORATIVE EDGE | PERIPHERY | ___ TERRIER
BORE,BORE,4,2024-12-13,2025-08-07,4,4,0,ANIMAL HOMOPHONES | OWNED | PERFORATE | WEARY
BOXER,BOXER,4,2024-06-28,2025-09-29,4,4,0,KINDS OF SHORTS | KINDS OF UNDERWEAR | ONES WEARING ROBES | UNDERWEAR IN THE SINGULAR
BRACE,BRACE,4,2024-09-04,2026-05-30,4,4,0,PILLAR | STRUCTURAL SUPPORTS | SYMBOLS ON A KEYBOARD | TYPOGRAPHICAL SYMBOLS
BRACKET,BRACKET,4,2024-07-15,2025-06-16,4,4,0,BE ON BOTH SIDES OF | DRAPERY HANGING ITEMS | PARTS OF A TOURNAMENT SETUP | WAYS TO SECURE A TV
BUCKET,BUCKET,4,2025-03-04,2026-01-28,4,4,0,CLEANING SUPPLIES | CONTAINERS | DICKENS CHARACTERS | KINDS OF LISTS
BUDDY,BUDDY,4,2024-08-04,2025-12-26,4,4,0,ACTION FILM SUBGENRES | COMEDY SUBGENRES | KIDDO | ___ MOVIE
BUFF,BUFF,4,2024-08-23,2026-05-01,4,4,0,"""ENTHUSIAST"" EQUIVALENT | BEIGE SHADES | MAKE GLOSSY | SMOOTH USING FRICTION"
CANDY,CANDY,4,2024-08-05,2025-12-10,4,4,0,CHECKOUT LINE IMPULSE BUYS | CONFECTION | JOHNS | WORDS AFTER “EYE”
CAPRI,CAPRI,4,2024-10-13,2025-11-02,4,4,0,"KINDS OF PANTS | KINDS OF PANTS MINUS ""S"" | STARTS OF ZODIAC SIGNS | ___CORN"
CARPET,CARPET,4,2024-06-24,2025-09-15,4,4,0,FLOORING OPTIONS | KINDS OF TENNIS COURTS | MAGIC ___ | RED ___
CATCH,CATCH,4,2025-01-02,2026-04-26,4,4,0,FINE PRINT | PERCEIVE | PICK UP ON | STIPULATION
CHINA,CHINA,4,2025-02-24,2026-06-24,4,4,0,BODY PARTS PLUS LETTER | CLASSIC WEDDING GIFTS | FIRED OBJECTS | MATERIALS ASSOCIATED WITH FANCY DINING
CIRCLE,CIRCLE,4,2024-12-21,2026-05-06,4,4,1,COOKIE CUTTER SHAPES IN “SQUID GAME” | FLAG DESIGNS | LOOP | MILIEU
CLASSIC,CLASSIC,4,2025-08-19,2026-06-17,4,4,0,"ENDURING SONG | ROCK MUSIC SUBGENRES | STARTING WITH SYNONYMS FOR ""ILK"" | ___ ROCK"
CLAY,CLAY,4,2024-07-25,2026-04-22,4,4,0,ANCIENT WRITING SURFACES | KINDS OF TENNIS COURTS | POTTERY EQUIPMENT | SEEN IN A POTTERY STUDIO
CLIP,CLIP,4,2025-01-04,2025-09-19,4,4,0,EXCERPT | FASTENERS | PAPER ___ | THINGS PEOPLE DO TO FINGERNAILS
CLUB,CLUB,4,2024-11-26,2025-05-30,4,4,0,KINDS OF CRACKERS | LUNCH ORDERS | RODS | SEEN IN “THE FLINTSTONES”
CLUSTER,CLUSTER,4,2025-03-16,2026-06-05,4,4,0,AMASS | BIT OF CEREAL | BUNCH | REGION
COACH,COACH,4,2024-09-07,2025-07-30,4,4,0,INSTRUCT | LOGOS WITH HORSES | SITCOMS | TEACH
COLD,COLD,4,2024-06-23,2025-12-15,4,4,0,"MINOR AILMENTS | QUALITIES OF A RAINY DAY | WHAT ""C"" MIGHT MEAN | ___ CALL"
COLOR,COLOR,4,2024-09-05,2026-05-11,4,4,0,HAIR SALON OFFERINGS | KINDS OF SCHEMES | TINT | TV DISPLAY SETTINGS
COMMERCE,COMMERCE,4,2025-01-16,2025-12-19,4,4,0,BUYING AND SELLING | POLITE TERMS FOR SEX | U.S. CABINET DEPARTMENTS | “E” THINGS
COMPOUND,COMPOUND,4,2024-07-30,2025-02-27,4,4,0,COMPOSITE | CONCOCTION | ENDING WITH UNITS OF MEASURE | GROUP OF BUILDINGS
CONTACT,CONTACT,4,2024-08-05,2026-04-08,4,4,0,CORRESPONDENCE | EYEWEAR IN THE SINGULAR | PAGES ON A WEBSITE | WORDS AFTER “EYE”
COOK,COOK,4,2024-08-07,2026-05-19,4,4,0,DINNER OPTIONS | JAMESES | MODIFY DECEPTIVELY | RESTAURANT JOBS
COOKIE,COOKIE,4,2024-12-03,2026-04-14,4,4,0,THINGS STORED BY A BROWSER | [LETTER] (IS) FOR ___ | ___ SHEET | “SESAME STREET” CHARACTERS
COUNTER,COUNTER,4,2024-11-02,2025-09-21,4,4,0,BAR FIXTURES | DIAMETRIC | RESTAURANT SEATING OPTIONS | SEEN IN A KITCHEN
CRASH,CRASH,4,2024-08-27,2026-01-11,4,4,0,BEST PICTURE WINNERS SINCE 2000 | EXPLOSIVE SOUND | PLUNGE | SPEND THE NIGHT (AT)
CREEP,CREEP,4,2024-08-24,2026-05-11,4,4,0,"A REAL JERK | MOVE STEALTHILY | MOVE STEALTHILY, WITH ""IN"" | PROGRESS SLOWLY"
CURL,CURL,4,2024-11-01,2026-02-18,4,4,0,CHEESY CORN SNACK UNIT | CREATE SOME VOLUME/TEXTURE IN HAIR | RETRO HAIR DIRECTIVES | THINGS YOU CAN DO WITH YOUR LIPS
CURTAIN,CURTAIN,4,2025-06-16,2026-03-26,4,4,0,CONCEALING COVER | DRAPERY HANGING ITEMS | FEATURES OF A CLASSIC VOTING BOOTH | ___ CALL
DASH,DASH,4,2024-10-04,2025-11-15,4,4,0,MADE WITH HORIZONTAL LINES | MOVE QUICKLY | PUNCTUATION MARKS | SMALL AMOUNT
DATE,DATE,4,2024-06-19,2025-10-25,4,4,0,APPOINTMENT SPECIFICATIONS | DIGITAL WATCH FEATURES | GO OUT WITH | ___ MOVIE
DENT,DENT,4,2024-10-04,2025-09-11,4,4,0,BLEMISH | CONCAVITY | SMALL IMPERFECTION | WORDS AFTER THE PREFIX “TRI-”
DIAL,DIAL,4,2024-11-07,2026-04-28,4,4,0,ANAGRAMS OF FAMOUS PAINTERS | CONTACT VIA TELEPHONE | SPEED ___ | SUN___
DINNER,DINNER,4,2024-07-04,2026-06-06,4,4,0,KINDS OF PARTIES | WORDS BEFORE “BELL” | ___ DATE | ___ TABLE
DISH,DISH,4,2024-06-25,2025-10-07,4,4,0,"DIVULGE | DIVULGE, AS PRIVATE INFORMATION | GOSSIP | LOWDOWN"
DONUT,DONUT,4,2025-01-02,2026-05-13,4,4,0,JELLY ___ | ONE IN A DOZEN | ONE IN A GROUP OF TWELVE | PROPS FOR CHARACTERS ON “THE SIMPSONS”
DOOR,DOOR,4,2025-01-10,2026-06-01,4,4,0,ENTRYWAY | FEATURED IN THE MONTY HALL PROBLEM | ROOM FEATURES | ___ PRIZE
DOPE,DOPE,4,2024-08-18,2025-11-12,4,4,0,AWESOME | DOOFUS | LOWDOWN | SEVEN DWARFS MINUS LAST LETTER
DOUGH,DOUGH,4,2024-07-14,2026-04-24,4,4,0,COOKING CONCOCTIONS | HOMOPHONES | PIZZA INGREDIENTS | WORDS BEFORE “NUT”
DOVE,DOVE,4,2024-11-11,2026-06-09,4,4,0,ANIMAL METAPHORS IN ECONOMICS | CANDY BARS | COMPANIES NAMED AFTER ANIMALS | SYMBOLS OF INNOCENCE
DRAIN,DRAIN,4,2024-11-14,2026-01-26,4,4,0,DEPLETE | EXPLOIT | PARTS OF A SINK | WEARY
DREAM,DREAM,4,2024-10-04,2026-03-14,4,4,0,HYPNOTIC STATE | LANDS OF THE IMAGINATION | THINGS YOU MIGHT DO IN YOUR SLEEP | ___ DATE
DUCK,DUCK,4,2025-02-02,2026-05-28,4,4,0,BIRDS THAT ARE VERBS | EVADE | GET LOW | N.H.L. TEAM MEMBER
EARTH,EARTH,4,2025-01-13,2026-06-23,4,4,0,MOTHER ___ | THINGS WITH LAYERS | THINGS WITH MANTLES/MANTELS | ___WORM
EDGE,EDGE,4,2024-08-10,2025-10-03,4,4,0,BOUNDARY | MICROSOFT PRODUCTS | PERIPHERY | WEB BROWSERS
EMPEROR,EMPEROR,4,2024-09-20,2026-06-23,4,4,0,"CHARACTERS IN “THE EMPIRE STRIKES BACK,"" FAMILIARLY | HANS CHRISTIAN ANDERSEN FIGURES | KINDS OF PENGUINS | THINGS WITH MANTLES/MANTELS"
ENERGY,ENERGY,4,2024-09-13,2025-12-19,4,4,0,CABINET DEPARTMENTS | U.S. CABINET DEPARTMENTS | VIGOR | VITALITY
ENVELOPE,ENVELOPE,4,2025-08-17,2026-06-27,4,4,0,CONTAINERS FOR SHIPPING | ENDING IN HORSE GAITS | ICONS ON AN IPHONE | NEEDS FOR SENDING A LETTER
FAKE,FAKE,4,2024-11-28,2025-12-10,4,4,0,FAUX | FRAUDSTER | IMITATION | KNOCKOFF
FALL,FALL,4,2025-04-12,2025-12-20,4,4,0,"BRITISH BANDS FORMED IN THE 1970S, WITH ""THE"" | DO WRONG | SECOND WORDS IN POE STORIES, AFTER ""THE"" | TOPPLE"
FILE,FILE,4,2024-07-21,2025-11-01,4,4,0,CARPENTRY TOOLS | SMOOTH USING FRICTION | TAKE TO COURT | THINGS PEOPLE DO TO FINGERNAILS
FILTER,FILTER,4,2024-06-30,2025-08-25,4,4,0,AQUARIUM PURCHASES | HOT TUB COMPONENTS | PIPE-SMOKING ACCESSORIES | USED TO MAKE COFFEE
FIRST,FIRST,4,2025-07-28,2026-05-23,4,4,0,AIRLINE CLASSES | FOREMOST | MORE READILY | ___ PRIZE
FLIGHT,FLIGHT,4,2024-09-09,2026-02-16,4,4,0,AIRPORT BOARD INFO | FLAVOR ASSORTMENT | STRESS RESPONSES | THINGS TO BOOK FOR A VACATION
FLOP,FLOP,4,2024-10-18,2026-04-19,4,4,0,CARDS IN TEXAS HOLD 'EM | CARDS IN TEXAS HOLD ’EM | CLUNKER | PERFORM POORLY
FOLD,FOLD,4,2025-07-05,2026-04-28,4,4,0,"COMBINE, AS BAKING INGREDIENTS | LAUNDRY DAY VERBS | LAUNDRY SERVICES | POKER ACTIONS"
FOOD,FOOD,4,2024-12-16,2026-03-24,4,4,0,KINDS OF PLAY FIGHTS | KINDS OF TRUCKS | ___ CHAIN | ___ COURT
FORE,FORE,4,2024-09-03,2025-11-06,4,4,0,HOMOPHONES OF COORDINATING CONJUNCTIONS | PARTS OF A SHIP | ___HEAD | ___PLAY
GARNISH,GARNISH,4,2024-11-20,2026-05-10,4,4,0,COCKTAIL-MAKING VERBS | CONTRONYMS (WORDS THAT CAN MEAN OPPOSITE THINGS) | VERBS IN MAKING A MOJITO | WHAT A DRINK IS SERVED WITH
GEAR,GEAR,4,2024-12-12,2026-03-15,4,4,1,EQUIPMENT | MECHANICAL WATCH PARTS | OBJECTS WITH TEETH | TOOTHED WHEELS
GHOST,GHOST,4,2025-08-09,2026-06-05,4,4,1,BAD THINGS TO DO IN MODERN DATING | DEMI MOORE MOVIES | MOVIES FEATURING SUPERNATURAL ROMANCE | MS. PAC-MAN
GLASS,GLASS,4,2025-03-26,2025-08-30,4,4,0,CONTEMPORARY COMPOSERS | PARTS OF A TABLE SETTING | WHAT A DRINK IS SERVED WITH | WINE VESSELS
GLOBE,GLOBE,4,2024-08-22,2026-06-14,4,4,0,NEWSPAPER NAMES | ROUND THREE-DIMENSIONAL OBJECTS | SNOW ___ | THINGS THAT SPIN
GRAND,GRAND,4,2024-08-29,2025-08-15,4,4,0,"KINDS OF PIANOS | MAGNANIMOUS | SPLENDID | WAYS TO EXPRESS 1,000"
GRANT,GRANT,4,2025-08-08,2026-01-18,4,4,0,BESTOW | CLASSIC HOLLYWOOD ACTORS | CONFER | U.S. PRESIDENTS
GRIND,GRIND,4,2025-02-04,2026-04-15,4,4,0,RUB TOGETHER | SAME OLD STUFF | SMOOTH USING FRICTION | TEDIOUS UNDERTAKING
HALO,HALO,4,2024-10-19,2025-06-27,4,4,0,INTANGIBLE QUALITY | PARTS OF AN ANGEL COSTUME | VIDEO GAME FRANCHISES | ___ EFFECT
HAM,HAM,4,2024-07-23,2025-03-02,4,4,0,ONE WHO LIKES SHOWING OFF | TYPES OF RADIO | ___ RADIO | ___STRING
HEAT,HEAT,4,2024-08-27,2026-04-16,4,4,0,CHILI PEPPER QUALITY | CLASSIC '90S ACTION FILMS | ROBERT DE NIRO FILMS | THERMOSTAT SETTINGS
HERB,HERB,4,2025-04-02,2026-05-24,4,4,0,KINDS OF PLANTS | POSSESSIVE ADJECTIVES PLUS A LETTER | WORDS PRONOUNCED DIFFERENT WAYS AS PROPER NOUNS | WORDS PRONOUNCED DIFFERENTLY AS PROPER NOUNS
HIP,HIP,4,2024-10-10,2025-10-28,4,4,0,BODY PARTS | IN THE KNOW | WORDS BEFORE “HOP” | ___ JOINT
HISTORY,HISTORY,4,2024-07-04,2026-04-14,4,4,0,CABLE CHANNELS | EXPERIENCE | THINGS STORED BY A BROWSER | THINGS STORED BY A WEB BROWSER
HIT,HIT,4,2025-01-17,2026-06-13,4,4,0,BLACKJACK TERMS | ENDURING SONG | STRIKE | THINGS TRACKED BY WEB ANALYTICS
HOLLOW,HOLLOW,4,2025-02-18,2026-06-26,4,4,0,ALCOVE | AREAS OF LOW GROUND | CRATER | VALLEY
HONEY,HONEY,4,2024-07-07,2026-05-21,4,4,0,KINDS OF BEES | MARIAH CAREY NUMBER ONE HITS | TRANSLUCENT GOLDEN THINGS | ___ MUSTARD
HORSESHOE,HORSESHOE,4,2024-11-18,2026-03-19,4,4,0,ASSOCIATED WITH GOOD LUCK | GOOD LUCK SYMBOLS | N.F.L. TEAM LOGOS | ___ CRAB
HOTEL,HOTEL,4,2024-09-28,2026-06-23,4,4,0,FIRST WORDS IN '70S ROCK SONG TITLES | IN A MONOPOLY BOX | ITEMS IN A MONOPOLY BOX | THINGS TO BOOK FOR A VACATION
HUNT,HUNT,4,2024-06-27,2025-09-08,4,4,0,ASSOCIATED WITH THE GAME THE OREGON TRAIL | FICTIONAL SPIES | PURSUIT | WAYS TO GET FOOD
I,I,4,2024-08-11,2026-02-07,4,4,1,HOMOPHONES OF BODY FEATURES | LOWERCASE LETTERS | PERIODIC TABLE SYMBOLS | WORDS IN A FAMOUS QUOTE BY CAESAR
ICE,ICE,4,2025-04-22,2025-07-14,4,4,0,"ENSURE, AS A VICTORY | SHADES OF BLUE | THINGS THAT ARE SLIPPERY | TYPES OF SNOW"
IMAGE,IMAGE,4,2024-11-07,2026-03-22,4,4,0,PICTURE TAKEN FROM A FILM | PUBLIC STANDING | REPUTATION | THINGS YOU CAN INSERT IN A DOCUMENT
INCH,INCH,4,2024-11-01,2025-07-04,4,4,0,ONE IN A GROUP OF TWELVE | PROGRESS SLOWLY | WHAT “IN” MIGHT REFER TO | ___WORM
JOB,JOB,4,2024-09-02,2025-04-08,4,4,0,ASSIGNMENT | OLD TESTAMENT BOOKS | WORDS PRONOUNCED DIFFERENTLY AS PROPER NOUNS | ___ HUNT
JUDGE,JUDGE,4,2024-08-29,2025-11-14,4,4,0,ARBITRATE | DEEM | EVALUATE | ONES WEARING ROBES
JUICE,JUICE,4,2024-07-20,2025-08-10,4,4,0,BEVERAGES | ENERGY FOR AN ELECTRONIC DEVICE | INFLUENCE | VITALITY
JUMP,JUMP,4,2025-06-29,2026-05-28,4,4,0,CHECKERS TERMS | FLINCH | SKI ___ | UPTICK
LAB,LAB,4,2024-07-12,2026-03-05,4,4,0,"DOG BREEDS, INFORMALLY | PLACES WHERE IDEAS ARE DEVELOPED | SCHOOL FACILITIES | TYPES OF ACADEMIC COURSES"
LABEL,LABEL,4,2024-12-10,2025-12-17,4,4,0,BIBLICAL FIGURES PLUS STARTING LETTER | EMBLEM | GIVE A TITLE TO | INFO ON A RECORD
LADDER,LADDER,4,2024-11-20,2026-03-01,4,4,0,"CONSTRUCTION EQUIPMENT | ORGANIZATIONAL STRUCTURES, METAPHORICALLY | SEEN IN “DONKEY KONG” | THINGS TO CLIMB"
LATER,LATER,4,2024-10-16,2026-03-13,4,4,0,"""NO THANKS"" | AT SOME FUTURE POINT | SUBSEQUENT | TIME ADVERBS"
LEMON,LEMON,4,2024-10-17,2025-11-30,4,4,0,FLOP | SHADES OF YELLOW | THINGS THAT ARE YELLOW | ___ LAW
LENGTH,LENGTH,4,2025-09-22,2026-04-19,4,4,0,BASIC GEOMETRIC CALCULATIONS | DRESS MEASUREMENTS | FEATURES OF A STRONG PASSWORD | MEASURED BY SI UNITS
LENS,LENS,4,2024-07-10,2025-06-13,4,4,0,COMPONENTS OF EYEGLASSES | PERSPECTIVE | POINT OF VIEW | THINGS IN A CAMERA KIT
LID,LID,4,2025-06-25,2026-05-25,4,4,0,BEVERAGE SELF-SERVICE ITEMS | EYE___ | FEATURES OF A TEAPOT | ITEMS AT A COFFEE STATION
LIGHTNING,LIGHTNING,4,2025-03-20,2026-03-26,4,4,0,METAPHORS FOR QUICKNESS | NATURAL PRODUCERS OF HEAT | THEY HAVE BOLTS | THINGS IN BOTTLES
LINK,LINK,4,2024-06-22,2025-05-28,4,4,0,BBQ OFFERING | CONNECT | FRANKFURTER | WORDS FOR SAUSAGE
LIP,LIP,4,2024-07-10,2026-06-17,4,4,0,BACK TALK | BODILY WORDS FOR ATTITUDE | FACIAL FEATURES | SASSINESS
LITTER,LITTER,4,2024-09-20,2026-01-08,4,4,0,BREAK THE RULES | RUDE THINGS TO DO | STREW | WORDS AFTER “KITTY”
LOCK,LOCK,4,2024-12-29,2026-03-26,4,4,0,"AMOUNTS OF HAIR | DIFFERENT AMOUNTS OF HAIR | ENSURE, AS A VICTORY | THEY HAVE BOLTS"
MAGIC,MAGIC,4,2024-06-23,2025-10-10,4,4,0,"KINDS OF CARDS | NBA LEGENDS, FAMILIARLY | ___ CITY NICKNAMES | ___ EYE"
MANNER,MANNER,4,2026-01-05,2026-06-10,4,4,0,"ART MOVEMENTS, WITH ""-ISM"" | AURA | METHOD | TECHNIQUE"
MAR,MAR,4,2024-12-15,2025-11-26,4,4,0,BACKWARDS ANIMALS | BLEMISH | CANDY BARS MINUS “S” | POP SINGERS MINUS “S”
MARBLE,MARBLE,4,2024-07-03,2026-03-06,4,4,0,"KINDS OF CAKE | KINDS OF ROCKS | WHAT “CAT’S EYE” CAN BE USED TO DESCRIBE | WORDS FOR LUCIDITY, IN THE SINGULAR"
MARK,MARK,4,2025-03-07,2026-04-30,4,4,0,"BIG IMPRESSION | EMBLEM | REMOVE, AS AN ITEM FROM A LIST, WITH ""OFF"" | TARGET"
MASS,MASS,4,2026-01-19,2026-05-07,4,4,0,MEASURED BY SI UNITS | MULTITUDE | QUANTITIES IN MECHANICS | U.S. STATE ABBREVIATIONS
MICROWAVE,MICROWAVE,4,2024-08-07,2025-11-24,4,4,0,ELECTROMAGNETIC SPECTRUM | POPCORN-MAKING METHODS | RECTANGULAR PRISMS | SMALL KITCHEN APPLIANCES
MIGHT,MIGHT,4,2025-02-13,2026-05-20,4,4,0,"IN “STAR LIGHT, STAR BRIGHT” | MODAL VERBS | POTENCY | VERBS EXPRESSING POSSIBILITY"
MOBILE,MOBILE,4,2024-07-06,2026-01-21,4,4,0,"BATMAN'S ""BAT"" THINGS | PURCHASES FOR A BABY | SOFTWARE PLATFORMS | WORDS AFTER “T-”"
MOUND,MOUND,4,2024-09-27,2026-02-14,4,4,0,AREA OF HIGH GROUND | CANDY BARS MINUS “S” | ON A BASEBALL FIELD | PROTUBERANCE
MOUNT,MOUNT,4,2024-07-15,2026-03-28,4,4,0,"INCREASE | INCREASE, IN A WAY | STEP ONTO, AS A VEHICLE | WAYS TO SECURE A TV"
MUSIC,MUSIC,4,2025-05-21,2025-12-20,4,4,0,FOLDERS ON A MAC | MADONNA SONGS | MAIN FOLDERS IN A COMPUTER | ROCK ___
MUSTARD,MUSTARD,4,2024-08-19,2025-04-10,4,4,0,BRATWURST GO-WITHS | CUT THE ___ | SHADES OF YELLOW | THINGS THAT ARE YELLOW
NATURE,NATURE,4,2024-07-05,2025-07-31,4,4,0,MAGAZINES | ONE’S CONSTITUTION | PBS SHOWS | SECOND ___
NERVE,NERVE,4,2024-07-28,2026-06-17,4,4,0,"BODILY WORDS FOR ATTITUDE | BRASHNESS | INTREPIDITY | NERVOUSNESS, IN THE SINGULAR"
NOODLE,NOODLE,4,2025-05-04,2026-03-20,4,4,0,DOGS WITH FIRST LETTER CHANGED | EGG ___ | PLAY SOME ELECTRIC GUITAR | PONDER
NOSE,NOSE,4,2024-12-05,2025-09-19,4,4,0,"APTITUDE | SCENTS OF WINE | THINGS THAT CAN RUN, ANNOYINGLY | THINGS YOU CAN PICK"
NOTE,NOTE,4,2024-10-08,2026-01-02,4,4,0,FOUND ON SHEET MUSIC | PICK UP ON | SCENTS OF WINE | WRITE
OIL,OIL,4,2025-01-05,2026-06-04,4,4,0,LIQUIDS YOU PUT INTO CARS | PAINTING MEDIA | WORDS BEFORE “DRUM” | “EXTRA VIRGIN OLIVE OIL”
ORIGINAL,ORIGINAL,4,2024-09-24,2025-07-28,4,4,0,FOREMOST | GROUNDBREAKING | IN PRISTINE CONDITION | INSPIRED
OUTLET,OUTLET,4,2024-06-26,2025-10-29,4,4,0,CHANNEL | INSTALLED ON A WALL | PLACE TO PLUG SOMETHING IN | PLACES TO SHOP
OVER,OVER,4,2024-09-03,2025-09-09,4,4,0,EXCESSIVELY | FINISHED | PREFIX MEANING “VERY” | RADIO LINGO
PEACE,PEACE,4,2024-07-12,2026-05-03,4,4,0,ASSOCIATED WITH “DOVE” | GESTURES MADE WITH THE INDEX AND MIDDLE FINGERS | SILENCE | WHAT THE OUTSTRETCHED INDEX AND MIDDLE FINGERS CAN REPRESENT
PERFECT,PERFECT,4,2024-10-29,2026-03-13,4,4,0,COMMENTARY ABOUT YOUR CONNECTIONS RESULTS | KINDS OF NUMBERS | MARTINI SPECIFICATIONS | ___ SQUARE
PIT,PIT,4,2025-01-22,2026-06-10,4,4,0,"CRATER | PARTS OF A THEATER | RESULTS OF SOME DIGGING | SECOND WORDS IN POE STORIES, AFTER ""THE"""
PLATE,PLATE,4,2025-03-26,2026-03-28,4,4,0,ON A BASEBALL FIELD | PARTS OF A TABLE SETTING | SEEN ON A TABLE AT A DINNER PARTY | TEXTBOOK IMAGES
POKER,POKER,4,2024-08-25,2026-02-19,4,4,0,ACTIVITIES THAT INVOLVE FOLDING | DRAW ___ | FIREPLACE ACCESSORIES | ___ HAND
POLE,POLE,4,2025-07-24,2026-06-06,4,4,0,FURTHEST POINT | MAY___ | PARTS OF A BASKETBALL HOOP | PILLAR
PRICE,PRICE,4,2024-07-06,2026-01-18,4,4,0,CLASSIC HOLLYWOOD ACTORS | COST | EXPENDITURE | ___ TAG
PRINT,PRINT,4,2024-09-22,2026-01-04,4,4,0,FILE MENU OPTIONS | FOOT___ | KEYBOARD SHORTCUT COMMANDS | PAPER PUBLICATION
PROTEIN,PROTEIN,4,2024-07-06,2025-12-29,4,4,0,BIOLOGICAL BUILDING BLOCKS | BIOLOGICAL STRUCTURES | COMPONENTS OF A SALAD | INFO ON A NUTRITION LABEL
PULL,PULL,4,2024-10-21,2025-08-10,4,4,0,ABSORB USING CAPILLARY ACTION | ATTRACT | INFLUENCE | INHALATION
PUMP,PUMP,4,2024-06-30,2024-09-17,4,4,0,AQUARIUM PURCHASES | HOT TUB COMPONENTS | KINDS OF SHOES | WHAT A HEART DOES WHEN EXCITED
QUOTE,QUOTE,4,2024-08-08,2026-01-18,4,4,0,EXCERPT | FOUND ON A BOOK JACKET | REITERATE | WHAT ' CAN INDICATE
RACKET,RACKET,4,2024-07-01,2025-08-14,4,4,0,CON GAME | NOISY DISTURBANCE | SCHEME | USED TO HIT A BALL IN SPORTS
RADIO,RADIO,4,2024-08-07,2026-05-04,4,4,0,ELECTROMAGNETIC SPECTRUM | FEATURES OF A CAR'S CENTER CONSOLE | THINGS WITH KNOBS | WORDS BEFORE “SHACK”
RAG,RAG,4,2025-07-13,2026-04-12,4,4,0,CLEANING SUPPLIES | SLANG FOR PRINTED MATTER | TEASE | ___ DOLL
RAT,RAT,4,2025-06-14,2026-01-01,4,4,0,"""ENTHUSIAST"" EQUIVALENT | A REAL JERK | INFORMANT | ___ TERRIER"
RAVE,RAVE,4,2024-10-25,2026-04-06,4,4,0,BIRDS MINUS LAST LETTER | EVENT WITH DANCING | EVENTS WITH DANCING | QUITE THE PARTY
RAVEN,RAVEN,4,2024-09-01,2025-11-01,4,4,0,BLACK | DANCE EVENTS PLUS A LETTER | N.F.L. TEAM MEMBER | SHADES OF BLACK
RED,RED,4,2024-07-12,2026-05-18,4,4,0,FIRST WORDS OF KIDS' GAMES | MLB PLAYER | ROULETTE BETS | ROULETTE OPTIONS
REMOTE,REMOTE,4,2024-08-03,2025-05-09,4,4,0,"ALOOF | FUZZY, AS A MEMORY | THINGS TO CLICK | ___ CONTROL"
RESERVE,RESERVE,4,2024-09-24,2025-06-09,4,4,0,CACHE | PROCURE IN ADVANCE | SECURE IN ADVANCE | SUPPLY
RHYTHM,RHYTHM,4,2025-01-02,2025-11-28,4,4,0,CADENCE | PHONETIC ELEMENTS OF SPEECH | WORDS WHOSE ONLY VOWEL IS “Y” | ___ GUITAR
RIDE,RIDE,4,2025-04-04,2026-04-16,4,4,0,CAR TRIP | COMPETE IN A MODERN PENTATHLON | PESTER | TEASE
RIVER,RIVER,4,2024-10-18,2026-04-19,4,4,0,AMAZON ___ | CARDS IN TEXAS HOLD 'EM | CARDS IN TEXAS HOLD ’EM | KINDS OF BEDS
ROBE,ROBE,4,2024-11-12,2026-06-01,4,4,0,FEATURES OF JUSTICE PERSONIFIED | GEAR FOR A BOXER | OLD-TIMEY LOUNGING ACCESSORIES | PARTS OF AN ANGEL COSTUME
ROBOT,ROBOT,4,2025-01-15,2026-03-29,4,4,0,"DANCE MOVES | FICTIONAL MISTERS | RETRO DANCE CRAZES | WORDS AFTER ""I"""
ROLLER,ROLLER,4,2024-09-25,2026-01-31,4,4,0,CYLINDER-SHAPED THINGS | KINDS OF LUGGAGE | NEEDS FOR PAINTING A ROOM | WAYS TO APPLY PAINT
ROW,ROW,4,2024-08-30,2026-03-24,4,4,0,HETERONYMS | NOISY DISTURBANCE | PARTICIPATE IN SUMMER OLYMPIC EVENTS | THINGS YOU CAN INSERT INTO A SPREADSHEET
RULER,RULER,4,2024-07-11,2025-12-30,4,4,0,ARCHITECTURAL DRAWING TOOLS | GRADUATED INSTRUMENTS | MEASURING DEVICES | SCHOOL SUPPLIES
RUSH,RUSH,4,2024-06-27,2026-06-24,4,4,0,BIT OF EXCITEMENT | GOLD ___ | INFLUX | PROG BANDS
SADDLE,SADDLE,4,2025-03-11,2026-04-21,4,4,0,EQUESTRIAN GEAR | KINDS OF BAGS | PARTS OF A BIKE | THINGS TRADITIONALLY MADE OF LEATHER
SAND,SAND,4,2025-01-21,2026-03-07,4,4,0,"SMOOTH USING FRICTION | USED TO CLEAR SNOW | WORDS AFTER ""QUICK"" | WORDS BEFORE ""CASTLE"""
SCOOP,SCOOP,4,2024-09-18,2026-01-24,4,4,0,KINDS OF NECKLINES | LOWDOWN | NECKLINES | SEEN AT AN ICE CREAM SHOP
SEASON,SEASON,4,2024-09-06,2026-05-10,4,4,0,"ENHANCE THE TASTE OF | UNITS OF TV PROGRAMS | WHAT ""SPRING"" MIGHT REFER TO | WHAT “SPRING” MIGHT REFER TO"
SET,SET,4,2024-08-27,2025-10-02,4,4,0,DOG BREEDS MINUS “ER” SOUND | KINDS OF CARDS | SITUATED | TENNIS COMPETITION UNITS
SHADOW,SHADOW,4,2024-08-05,2026-04-29,4,4,0,KINDS OF PUPPETS | PURSUE | WORDS AFTER “EYE” | ___BOX
SHARP,SHARP,4,2025-07-01,2026-03-06,4,4,0,"DAPPER | MUSICAL INSTRUMENTS PLUS STARTING LETTER | WAYS ONE MIGHT REFER TO # | WELL-DEFINED, AS AN IMAGE"
SHOCK,SHOCK,4,2024-07-09,2026-04-30,4,4,0,AMOUNTS OF HAIR | FLABBERGAST | MESS OF HAIR | UNNERVE
SHOOT,SHOOT,4,2025-06-01,2025-12-02,4,4,0,BASKETBALL MOVES | CAPTURE ON VIDEO | COMPETE IN A MODERN PENTATHLON | MILD OATHS
SHOULDER,SHOULDER,4,2024-07-24,2026-01-13,4,4,0,"JOSTLE | PARTS OF A ROAD | PUSH THROUGH A CROWD | TAKE ON, AS A RESPONSIBILITY"
SHOWER,SHOWER,4,2025-02-10,2026-06-15,4,4,0,DO SOME GROOMING | GET READY FOR A NIGHT OUT | KINDS OF PARTIES | SPRINKLE
SILENT,SILENT,4,2025-07-28,2026-06-22,4,4,0,ANAGRAMS | CELLPHONE MODES | PRONUNCIATION DESCRIPTORS | ___ MOVIE
SINK,SINK,4,2024-06-20,2026-01-17,4,4,0,ANAGRAMS | HAIR SALON FIXTURES | INVOLVED IN A DENTIST VISIT | SEEN IN A KITCHEN
SLICE,SLICE,4,2024-08-26,2025-08-05,4,4,0,BAD GOLF SHOTS | BIT OF CITRUS GARNISH | MAKE INTO SMALLER PIECES WHILE COOKING | USE A KITCHEN KNIFE
SOUL,SOUL,4,2024-09-30,2025-05-19,4,4,0,CAPITAL CITY HOMOPHONES | HOMOPHONES OF PARTS OF THE FOOT | ___ FOOD | ___ PATCH
SOUND,SOUND,4,2024-07-13,2026-05-30,4,4,0,BODIES OF WATER | COME ACROSS AS | SENSIBLE | UTTERANCE
SPIKE,SPIKE,4,2024-10-30,2026-02-14,4,4,0,LEES OF HOLLYWOOD | THINGS YOU CAN DO WITH A FOOTBALL | UPSWING | UPTICK
SPRING,SPRING,4,2025-04-21,2026-03-02,4,4,0,HELICAL THINGS | MECHANICAL WATCH PARTS | SOURCES OF DRINKING WATER | ___ CHICKEN
START,START,4,2024-09-27,2026-02-28,4,4,0,ACTIONS IN FANTASY SPORTS | ASTRONOMICAL TERMS PLUS A LETTER | BEGINNING | ESTABLISH
STATE,STATE,4,2024-06-16,2026-06-07,4,4,0,CABINET DEPARTMENTS | CURRENT SITUATION | SPEAK | U.S. CABINET DEPARTMENTS
STICKER,STICKER,4,2025-01-03,2026-05-25,4,4,0,BARB | COMMON PROMO ITEMS | POT___ | THINGS WITH ADHESIVE SURFACES
STING,STING,4,2024-07-01,2025-10-26,4,4,0,CON GAME | SCHEME | THINGS BEES DO | WORDS IN A FAMOUS MUHAMMAD ALI QUOTE
STRAIN,STRAIN,4,2024-08-02,2026-05-17,4,4,0,"COCKTAIL-MAKING VERBS | DITTY | STRETCH, AS ONE’S PATIENCE | TEA-MAKING VERBS"
STRAND,STRAND,4,2024-12-29,2025-09-15,4,4,0,ABANDON | BEACHY AREA | DIFFERENT AMOUNTS OF HAIR | FILAMENT
STREET,STREET,4,2024-11-03,2026-01-23,4,4,0,EASY ___ | KINDS OF PARKING | LAST WORDS IN LONG-RUNNING CHILDREN’S SHOW TITLES | WORDS AFTER “K”
STRETCH,STRETCH,4,2025-06-07,2026-03-29,4,4,0,DURATION | INTERVAL | TIPS FOR WORKING OUT SAFELY | ___ MARK
STYLE,STYLE,4,2024-12-15,2026-04-14,4,4,0,AESTHETIC | FREE___ | METHOD | POP SINGERS MINUS “S”
SUE,SUE,4,2024-11-11,2025-11-26,4,4,0,LITIGATION VERBS | TAKE TO COURT | WOMEN’S NICKNAMES | ___ BIRD
SUPREME,SUPREME,4,2024-09-16,2025-08-13,4,4,0,FOREMOST | KINDS OF PIZZA | MEMBER OF A GIRL GROUP | ___ COURT
SWAY,SWAY,4,2025-03-27,2025-12-12,4,4,0,AFFECT | INFLUENCE | MOVE IN THE WIND | MOVE TO THE MUSIC
SWELL,SWELL,4,2024-07-30,2025-10-23,4,4,0,"COPACETIC | INCREASE, IN A WAY | PEACHY | PEACHY KEEN"
SWORD,SWORD,4,2024-06-18,2025-08-01,4,4,0,DRINK GARNISHES | FEATURES OF JUSTICE PERSONIFIED | SILENT “W” | ___FISH
TAIL,TAIL,4,2025-04-23,2026-03-04,4,4,0,CANINE/FELINE FEATURES | CAT___ | DERRIERE | PURSUE
TANK,TANK,4,2024-09-07,2026-01-11,4,4,0,AQUARIUM PURCHASES | BARREL-SHAPED CONTAINER | PERFORM POORLY | PLUNGE
TEMPLE,TEMPLE,4,2024-07-10,2026-01-23,4,4,0,COMPONENTS OF EYEGLASSES | FACIAL FEATURES | LEGENDS OF CLASSIC HOLLYWOOD | WONDERS OF THE WORLD
THREAD,THREAD,4,2024-10-26,2025-10-06,4,4,0,FILAMENT | ITEMS IN A SEWING KIT | SERIES OF MESSAGES | THINGS THAT COME ON SPOOLS
TICK,TICK,4,2025-01-04,2026-04-30,4,4,0,"ARTHROPODS | MARK AS COMPLETED | REMOVE, AS AN ITEM FROM A LIST, WITH ""OFF"" | SOUNDS A CUCKOO CLOCK MAKES"
TIDE,TIDE,4,2024-08-16,2026-02-20,4,4,0,ASSOCIATED WITH THE MOON | TENDENCY | THINGS THAT GO UP AND DOWN | TURN THE ___
TIE,TIE,4,2024-06-29,2026-05-09,4,4,0,"CONNECT | LANGUAGE HOMOPHONES | MAKE EQUAL, AS A SCORE | THINGS WORN AROUND THE NECK"
TIGHT,TIGHT,4,2024-12-24,2026-02-12,4,4,0,"BELOVED, AS A FRIEND | FIXED | FIXED IN PLACE | PACKED"
TIMER,TIMER,4,2026-01-22,2026-04-06,4,4,0,"COMPONENTS OF WHAC-A-MOLE | EGG ___ | MAGAZINES PLUS A LETTER | WORDS AFTER ""TWO"""
TIMES,TIMES,4,2024-10-29,2026-06-22,4,4,0,CALCULATOR BUTTONS | MULTIPLICATION INDICATORS | ___ SQUARE | ___ TABLE
TIP,TIP,4,2024-07-08,2026-04-14,4,4,0,BIT OF ADVICE | SLENDER PROJECTIONS | TILT | WORDS ON A RESTAURANT RECEIPT
TISSUE,TISSUE,4,2024-12-17,2025-12-29,4,4,0,BIOLOGICAL STRUCTURES | KINDS OF PAPER | KINDS OF SOFT/LIGHTWEIGHT PAPER | LEVELS OF BIOLOGICAL ORGANIZATION
TONGUE,TONGUE,4,2024-08-03,2025-12-07,4,4,0,ORGAN MEATS | PARTS OF A SHOE | SPOKEN COMMUNICATION | THINGS TO CLICK
TOTAL,TOTAL,4,2024-09-06,2026-06-07,4,4,0,DEMOLISH | DESTROY | QUANTITY | WORDS ON A RESTAURANT RECEIPT
TOY,TOY,4,2025-05-06,2026-06-13,4,4,0,"CLASSIC KID GIFTS | COMPARATIVELY SMALL | PLAY AROUND (WITH) | WORDS BEFORE ""STORY"" IN MOVIE TITLES"
TRASH,TRASH,4,2024-12-13,2026-06-07,4,4,0,DEMOLISH | EMAIL FOLDERS | FOLDERS ON A MAC | UTILITIES
TREASURE,TREASURE,4,2024-10-11,2025-06-02,4,4,0,CHERISH | HOLD DEAR | TERMS OF ENDEARMENT | “___ ISLAND”
TRIAL,TRIAL,4,2024-07-16,2026-04-15,4,4,0,"EXPERIMENTAL | KAFKA WORKS, WITH ""THE"" | LEGAL SESSION | TEDIOUS UNDERTAKING"
TURTLE,TURTLE,4,2024-08-20,2025-05-02,4,4,0,DR. SEUSS TITLE FIGURES | FEATURED IN “ELOISE” | THINGS WITH SHELLS | ___NECK
TWIN,TWIN,4,2024-08-12,2026-05-18,4,4,0,DOPPELGÄNGER | M.L.B. TEAM MEMBER | MATTRESS SIZES | MLB PLAYER
TWO,TWO,4,2024-06-29,2026-03-16,4,4,1,"HOMOPHONES | PIPS ON A DIE | SILENT ""W"" | WHAT THE OUTSTRETCHED INDEX AND MIDDLE FINGERS CAN REPRESENT"
UMBRELLA,UMBRELLA,4,2024-06-18,2026-01-03,4,4,0,CATCHALL | COOKIE CUTTER SHAPES IN “SQUID GAME” | DRINK GARNISHES | RIHANNA #1 HITS
VALUE,VALUE,4,2024-08-09,2025-11-06,4,4,0,CHERISH | COST | HOLD DEAR | SHOCK ___
VOLT,VOLT,4,2024-09-13,2026-01-10,4,4,0,"CAR MODELS | UNITS | UNITS OF MEASURE | WHAT ""V"" MIGHT MEAN"
WILLING,WILLING,4,2024-08-04,2026-04-07,4,4,0,"INTO IT | ON BOARD | UP FOR IT | WHAT ""DOWN"" MIGHT MEAN"
WITCH,WITCH,4,2024-07-13,2026-06-05,4,4,0,ASSOCIATED WITH HANSEL AND GRETEL | HALLOWEEN SYMBOLS | SILENT “T” | ___ HUNT
WORLD,WORLD,4,2024-12-14,2025-05-15,4,4,0,MILIEU | PLACES USED IN RETAIL SUFFIXES | REAL ___ | WORDS BEFORE “CUP”
WRAP,WRAP,4,2024-10-12,2025-08-01,4,4,0,DRAPED ACCESSORIES | HOMOPHONES OF MUSIC GENRES | LUNCH ORDERS | SILENT “W”
YIELD,YIELD,4,2024-07-27,2026-02-11,4,4,0,"CREATE, AS RESULTS | EARN | EARNINGS | RESULT"
ZOOM,ZOOM,4,2024-11-22,2025-09-12,4,4,0,KINDS OF CAMERA LENSES | MOVIE CAMERA VERBS | TRADEMARKS THAT HAVE BECOME VERBS | WORK COMMUNICATION PLATFORMS
ABSENT,ABSENT,4,2024-08-09,2026-02-21,3,4,0,ATTENDANCE STATUS | NOT PRESENT | WITHOUT
BALONEY,BALONEY,4,2024-08-03,2026-04-21,3,4,0,BALDERDASH | NONSENSE | THINGS CALLED “OSCAR”
BEAM,BEAM,4,2025-07-15,2026-04-11,3,4,0,"GYMNASTICS APPARATUS | STRUCTURAL SUPPORTS | WORDS AFTER ""I"""
CAST,CAST,4,2024-08-01,2026-04-12,3,4,0,EMIT | SEEN IN OPENING CREDITS | THROW
CAVITY,CAVITY,4,2024-11-13,2026-06-17,3,4,0,ALCOVE | CONCERNS FOR A DENTIST | CRATER
DUMP,DUMP,4,2025-03-17,2026-03-24,3,4,0,ABANDON | DISREPUTABLE ESTABLISHMENT | KINDS OF TRUCKS
FLAIR,FLAIR,4,2024-07-25,2025-08-01,3,4,0,ABILITY TO DO SOMETHING WELL | APTITUDE | NATURAL ABILITY
FLEECE,FLEECE,4,2024-11-05,2026-05-17,3,4,0,EXPLOIT | SWINDLE | THINGS THAT ARE FUZZY
FOUNDATION,FOUNDATION,4,2025-05-15,2026-01-29,3,4,0,LOWEST PART | MAKEUP | RATIONALE
FUDGE,FUDGE,4,2024-12-12,2026-05-19,3,4,1,"""AW, HECK!"" | MILD OATHS | MODIFY DECEPTIVELY"
GIFT,GIFT,4,2024-07-25,2025-08-01,3,4,0,ABILITY TO DO SOMETHING WELL | APTITUDE | WRAPPED THINGS
GIVE,GIVE,4,2024-07-11,2025-11-08,3,4,0,"BEND UNDER PRESSURE | PUT FORWARD, AS AN ANNOUNCEMENT | TRANSFER"
GLUE,GLUE,4,2024-12-23,2025-08-02,3,4,0,ATTACH WITH ADHESIVE | SUPER ___ | SUPPLIES FOR MACARONI ART
GRADE,GRADE,4,2025-07-27,2026-05-17,3,4,0,"""SCHOOL"" MODIFIERS | EVALUATE | WORDS BEFORE ""SCHOOL"""
GRIT,GRIT,4,2024-07-08,2025-08-16,3,4,0,FORTITUDE | INTREPIDITY | METTLE
HAND,HAND,4,2024-07-11,2026-04-29,3,4,0,"KINDS OF PUPPETS | TRANSFER | WORDS BEFORE ""BALL"" IN SPORTS"
HINT,HINT,4,2024-09-04,2026-05-05,3,4,0,GLIMMER | INDICATION | VERY SMALL AMOUNT
LAUGH,LAUGH,4,2025-01-28,2026-02-16,3,4,0,FUNNY PERSON | KNEE SLAPPER | LAST ___
MENU,MENU,4,2024-06-18,2026-01-25,3,4,0,PARTS OF A WEBSITE | PC KEYBOARD KEYS | REMOTE CONTROL BUTTONS
MOCK,MOCK,4,2025-02-19,2026-03-30,3,4,0,FAUX | IMITATION | ___TAIL
NICK,NICK,4,2024-11-15,2025-07-01,3,4,0,SMALL IMPERFECTION | STEAL | ___ OF TIME
PASSWORD,PASSWORD,4,2024-11-19,2026-06-09,3,4,0,SOMETHING ENTERED FOR ACCESS | THINGS YOU'RE NOT SUPPOSED TO REVEAL | WAYS TO UNLOCK A DEVICE
POLO,POLO,4,2024-09-07,2025-11-12,3,4,0,KINDS OF SHIRTS | LOGOS WITH HORSES | SPORTS
PRIVATE,PRIVATE,4,2024-06-26,2026-01-03,3,4,0,ARMY RANKS | HUSH-HUSH | INTIMATE AND UNDISCLOSED
PURSE,PURSE,4,2025-01-19,2025-10-23,3,4,0,FUND | THINGS YOU CAN DO WITH YOUR LIPS | WINNINGS
RANGE,RANGE,4,2024-08-15,2026-04-26,3,4,0,BREADTH | SEEN IN A KITCHEN | VOCAL CHARACTERISTICS
SCREW,SCREW,4,2024-06-20,2026-03-05,3,4,0,"BITS OF HARDWARE | BUNGLE, WITH “UP” | ___BALL PITCHES"
SIGN,SIGN,4,2025-02-05,2025-11-08,3,4,0,EMPLOY | INDICATION | KINDS OF LANGUAGE
SODA,SODA,4,2024-07-20,2026-04-17,3,4,0,BEVERAGES | SECOND HALVES OF DRINK NAMES | WHAT “POP” MIGHT MEAN
SPARE,SPARE,4,2024-09-03,2025-08-02,3,4,0,ABSOLVE | AUSTERE | BOWLING RESULTS
SPEAR,SPEAR,4,2024-11-12,2026-02-14,3,4,0,"POP SINGERS MINUS “S” | VEGETABLE UNITS | WORDS BEFORE ""MINT"""
SPIRIT,SPIRIT,4,2024-07-08,2025-10-29,3,4,0,APPARITION | FORTITUDE | METTLE
SPORTS,SPORTS,4,2024-08-31,2026-03-31,3,4,0,KINDS OF BRAS | NEWSPAPER SECTIONS | ___ CAR
STATION,STATION,4,2024-08-25,2026-03-02,3,4,0,ASSIGNMENT | RADIO TUNING OPTIONS | STATUS
TAKE,TAKE,4,2024-08-03,2026-04-12,3,4,0,ACHIEVE VICTORY OVER | PERSPECTIVE | TOLERATE
TANG,TANG,4,2024-12-14,2026-06-26,3,4,0,CHINESE DYNASTIES | COLORS PLUS A LETTER | FISH
TONE,TONE,4,2025-02-01,2026-04-26,3,4,0,MUSIC THEORY CONCEPTS | TINT | VOCAL CHARACTERISTICS
ABLE,ABLE,3,2025-03-25,2026-05-15,3,3,0,ANAGRAMS | HOMOPHONES OF GENESIS FIGURES | NON-PALINDROMIC WORDS IN A FAMOUS PALINDROME
ABOUT,ABOUT,3,2024-08-11,2024-12-26,3,3,0,APPROXIMATELY | PAGES ON A WEBSITE | REGARDING
ABUT,ABUT,3,2025-07-14,2026-03-03,3,3,0,ANAGRAMS OF MUSICAL INSTRUMENTS | BE ADJACENT TO | DISNEY ANIMATED CHARACTERS PLUS A LETTER
ALE,ALE,3,2025-09-21,2026-05-01,3,3,0,TRANSLUCENT GOLDEN THINGS | VEGETABLES MINUS STARTING LETTER | VEGETABLES WITH FIRST LETTER REMOVED
ALTERNATIVE,ALTERNATIVE,3,2025-02-15,2025-10-08,3,3,0,ROCK MUSIC SUBGENRES | VARIATION FROM THE NORM | WORDS SHORTENED IN ROCK GENRES
AMBER,AMBER,3,2024-07-31,2026-05-01,3,3,0,ALE STYLES | FEATURED IN “JURASSIC PARK” | TRANSLUCENT GOLDEN THINGS
ANIMAL,ANIMAL,3,2024-11-26,2026-03-09,3,3,0,KINDS OF CRACKERS | MEMBER OF A KINGDOM IN TAXONOMY | MUPPETS
ANKLE,ANKLE,3,2024-08-01,2025-07-09,3,3,0,KINDS OF BOOTS | KINDS OF SOCKS | ___ SOCKS
ARE,ARE,3,2024-07-27,2025-12-13,3,3,0,"GREEK MYTHOLOGICAL FIGURES MINUS A LETTER | LETTER HOMOPHONES | WORDS REPRESENTED BY THE LETTER ""R"""
ARTIST,ARTIST,3,2024-11-07,2026-04-22,3,3,0,INFO ON A MUSEUM PLACARD | INFO ON A RECORD | PICK-UP ___
ASTERISK,ASTERISK,3,2025-05-22,2026-06-09,3,3,0,FINE PRINT | THINGS REPRESENTED IN SUPERSCRIPT | WAYS TO DENOTE A CITATION
ATTENTION,ATTENTION,3,2024-11-22,2026-02-26,3,3,0,"""___ PLEASE"" | PUBLICITY | WORDS BEFORE AN ADDRESSEE"
ATTITUDE,ATTITUDE,3,2024-07-10,2026-06-18,3,3,0,BACK TALK | DEMEANOR | SASSINESS
AVENUE,AVENUE,3,2024-12-17,2025-11-16,3,3,0,ROAD | SPACES ON A MONOPOLY BOARD | WORDS ON MONOPOLY SQUARES
AXE,AXE,3,2025-01-27,2026-06-09,3,3,0,"CANCEL, AS A PROJECT | SEEN IN “THE SHINING” | SLANG FOR MUSICAL INSTRUMENTS"
BADGE,BADGE,3,2025-03-28,2026-01-26,3,3,0,ACCESSORY WITH A POINTY FASTENER | MAMMALS MINUS LAST LETTER | PARTS OF A CLASSIC GIRL SCOUT UNIFORM
BAIT,BAIT,3,2024-12-07,2026-04-20,3,3,0,FISHING GEAR | TEASE | WAYS TO ATTRACT FISH
BANANA,BANANA,3,2025-06-11,2025-08-29,3,3,0,ARC-SHAPED THINGS | TOP ___ | ___ SPLIT
BANNER,BANNER,3,2024-09-24,2026-02-13,3,3,0,BIT OF PARTY DECORATION | PARTS OF A WEBSITE | PENNANT
BARK,BARK,3,2024-08-31,2025-01-27,3,3,0,PROTECTIVE COVERINGS IN NATURE | SOUND LIKE A DOG | TREE FEATURES
BARREL,BARREL,3,2024-12-19,2025-12-07,3,3,0,MOVE AT BREAKNECK SPEED | MOVE QUICKLY | SEEN IN “DONKEY KONG”
BASH,BASH,3,2024-09-05,2025-08-31,3,3,0,CRITICIZE | CRITICIZE HARSHLY | QUITE THE PARTY
BASIN,BASIN,3,2025-01-19,2026-01-11,3,3,0,LANDFORMS | NEEDS FOR TIE-DYEING A SHIRT | PARTS OF A SINK
BASKET,BASKET,3,2025-01-23,2026-02-19,3,3,0,BIKE ACCESSORIES | EASTER SUPPLIES | PICNIC ACCESSORIES
BAY,BAY,3,2024-11-20,2025-04-04,3,3,0,BODIES OF WATER | COMPANIES WITH “E” REMOVED | SOUND LIKE A DOG
BEACH,BEACH,3,2024-09-08,2025-04-03,3,3,0,PALM ___ | TREE HOMOPHONES | ___ BOYS
BEAN,BEAN,3,2024-09-26,2026-05-13,3,3,0,JELLY ___ | STRING ___ | ___POLE
BEETLE,BEETLE,3,2024-09-13,2025-08-04,3,3,0,ARTHROPODS | CAR MODELS | SINGLE ANIMAL IN A CREATIVELY SPELLED BAND NAME
BELT,BELT,3,2024-12-08,2025-09-09,3,3,0,PARTS OF A CAR | PUNCH | SWIG
BEND,BEND,3,2025-01-20,2026-05-05,3,3,0,CORNERS | GUITAR PLAYING TECHNIQUES | KINDS OF KNOTS
BENT,BENT,3,2024-11-09,2025-08-01,3,3,0,APTITUDE | CONTORTED | PERSPECTIVE
BERET,BERET,3,2024-10-23,2025-03-28,3,3,0,GREEN ___ | KINDS OF HATS | PARTS OF A CLASSIC GIRL SCOUT UNIFORM
BIRTHDAY,BIRTHDAY,3,2024-07-03,2024-09-19,3,3,0,KINDS OF CAKE | KINDS OF GREETING CARDS | KINDS OF PARTIES
BISHOP,BISHOP,3,2024-09-08,2026-03-21,3,3,0,20TH CENTURY AMERICAN POETS | ECCLESIASTICAL TITLES | FAMOUS POETS
BLUES,BLUES,3,2024-08-19,2025-06-27,3,3,0,BABY ___ | MUSIC GENRES | ___ BROTHERS
BLUSH,BLUSH,3,2024-09-09,2025-11-11,3,3,0,EXHIBIT NERVOUSNESS | GET RED IN THE FACE | MAKEUP
BOBA,BOBA,3,2024-09-20,2025-05-04,3,3,0,"CHARACTERS IN “THE EMPIRE STRIKES BACK,"" FAMILIARLY | INGREDIENTS IN BUBBLE TEA | SPHERES IN MILK TEA"
BODY,BODY,3,2024-06-15,2025-11-08,3,3,0,KINDS OF LANGUAGE | QUALITIES OF THICK HAIR | THINGS IN A CAMERA KIT
BONE,BONE,3,2025-03-03,2026-06-09,3,3,0,SEEN IN “THE FLINTSTONES” | SLANG FOR MUSICAL INSTRUMENTS | THINGS A DOG CAN FETCH
BOOM,BOOM,3,2024-08-27,2026-04-29,3,3,0,EXPLOSIVE SOUND | SOUND LIKE THUNDER | UPSWING
BOOTH,BOOTH,3,2025-01-09,2026-03-26,3,3,0,FEATURES OF A CLASSIC VOTING BOOTH | RESTAURANT SEATING OPTIONS | VENDOR’S SPOT AT A MARKET
BOP,BOP,3,2025-01-17,2026-02-01,3,3,0,ANTHEM | MOVE TO THE MUSIC | STRIKE
BOUQUET,BOUQUET,3,2025-02-10,2025-10-07,3,3,0,COMPONENTS OF A BRIDE’S ENSEMBLE | SCENTS OF WINE | SEEN AT A WEDDING
BRAT,BRAT,3,2024-06-22,2025-01-17,3,3,0,BRATWURST GO-WITHS | FRANKFURTER | WORDS FOR SAUSAGE
BREEZE,BREEZE,3,2025-01-06,2026-04-21,3,3,0,AMBLE (IN) | GLIDE | METAPHORS FOR EASY THINGS
BRIEF,BRIEF,3,2024-06-28,2025-10-14,3,3,0,KINDS OF UNDERWEAR | SUMMARY | UNDERWEAR IN THE SINGULAR
BROW,BROW,3,2025-12-02,2026-05-25,3,3,0,COLORS MINUS LAST LETTER | EYE___ | FAMILY MEMBER NICKNAME PLUS A LETTER
BUBBLE,BUBBLE,3,2024-08-21,2025-05-31,3,3,0,KINDS OF CHARTS | SPHERES IN MILK TEA | THINGS YOU CAN BLOW
BUCKLE,BUCKLE,3,2025-01-04,2026-05-06,3,3,1,BEND UNDER PRESSURE | FASTENERS | WAYS TO FASTEN THINGS
BUFFALO,BUFFALO,3,2025-03-07,2026-01-26,3,3,0,DAUNT | N.F.L. TEAM LOGOS | U.S. CITIES
BUMP,BUMP,3,2025-01-28,2026-02-14,3,3,0,COLLIDE WITH | PROTUBERANCE | SPEED ___
CAB,CAB,3,2024-10-23,2025-07-13,3,3,0,FIRST NAMES IN JAZZ | WINE NICKNAMES | YELLOW ___
CACHE,CACHE,3,2024-07-04,2026-04-14,3,3,0,HOMOPHONES OF SLANG FOR MONEY | THINGS STORED BY A BROWSER | THINGS STORED BY A WEB BROWSER
CAMEL,CAMEL,3,2025-10-06,2026-02-13,3,3,0,CIGARETTE BRANDS | KINDS OF COATS | LIGHT BROWN SHADES
CAMP,CAMP,3,2024-06-27,2026-04-16,3,3,0,"EXAGGERATED, AS A PERFORMANCE | GROUP WITHIN A GROUP | TRAINING ___"
CANAL,CANAL,3,2024-09-01,2025-03-29,3,3,0,DUTCH SYMBOLS | NOUNS IN A FAMOUS PALINDROME | PARTS OF THE EAR
CANARY,CANARY,3,2024-11-13,2025-07-07,3,3,0,INFORMANT | SHADES OF YELLOW | THINGS THAT ARE YELLOW
CANDLE,CANDLE,3,2024-10-19,2025-05-08,3,3,0,STARTING WITH SYNONYMS FOR LAVATORY | THINGS THAT ARE OFTEN SCENTED | ___STICK
CANDY CANE,CANDY CANE,3,2025-08-20,2026-02-06,3,3,0,RODS THAT CURVE AT ONE END | THINGS WITH STRIPES | WHAT YOU MIGHT SEE ON A CHRISTMAS TREE
CANE,CANE,3,2024-10-08,2026-01-13,3,3,0,ACCESSORIES FOR MR. MONOPOLY | CANDY ___ | HOMOPHONES OF GENESIS FIGURES
CARGO,CARGO,3,2024-10-13,2025-11-02,3,3,0,GOODS TO BE TRANSPORTED | KINDS OF PANTS | KINDS OF SHORTS
CARPENTER,CARPENTER,3,2025-07-08,2026-01-20,3,3,0,JOHNS | KINDS OF ANTS | KINDS OF BEES
CARRY-ON,CARRY-ON,3,2025-09-23,2026-05-22,3,3,0,KINDS OF LUGGAGE | SEEN WHILE GOING THROUGH AIRPORT SECURITY | STARTING WITH NAME HOMOPHONES
CASE,CASE,3,2025-01-19,2025-04-17,3,3,0,COURT FILING | STORAGE CONTAINERS | UNITS OF BEER
CASH,CASH,3,2025-03-07,2026-03-25,3,3,0,PAYMENT METHODS | STARTS OF CULINARY NUTS | SUBJECTS OF ACCLAIMED MUSICAL BIOPICS
CATERPILLAR,CATERPILLAR,3,2024-11-05,2026-06-14,3,3,0,"COMPANIES NAMED AFTER ANIMALS | FEATURED IN ""ALICE'S ADVENTURES IN WONDERLAND"" | THINGS THAT ARE FUZZY"
CHAMP,CHAMP,3,2024-08-04,2025-12-24,3,3,0,ALL-TIME GREAT | KIDDO | MASTICATE
CHANGE,CHANGE,3,2025-03-11,2026-06-15,3,3,0,GET READY FOR A NIGHT OUT | SLANG FOR MONEY | VARIATION FROM THE NORM
CHECKERS,CHECKERS,3,2024-09-10,2025-07-22,3,3,0,BLACK OR RED | PATTERNS | THINGS WITH KINGS
CHESS,CHESS,3,2025-01-28,2026-05-21,3,3,0,KINDS OF PIES | SPEED ___ | ___ PIE
CHICKEN,CHICKEN,3,2024-12-16,2025-06-07,3,3,0,CLASSIC JOKE STAPLES | SPRING ___ | WORDS BEFORE “FINGERS”
CHUCK,CHUCK,3,2024-08-01,2025-09-30,3,3,0,HURL | THROW | WORDS IN A FAMOUS TONGUE TWISTER
CIVIC,CIVIC,3,2024-09-13,2025-12-17,3,3,0,CAR MODELS | HONDA MODELS | ___ DUTY
CLAM,CLAM,3,2024-11-05,2025-05-21,3,3,0,ONE DOLLAR | THINGS THAT OPEN LIKE A CLAM | THINGS WITH SHELLS
CLAP,CLAP,3,2024-10-14,2026-04-29,3,3,0,SOUND LIKE THUNDER | SOUNDS OF THUNDER | SUPPORT AUDIBLY
CLOWN,CLOWN,3,2024-09-15,2025-11-18,3,3,0,DOOFUS | FUNNY PERSON | ___ CAR
CLUE,CLUE,3,2025-02-01,2026-05-26,3,3,0,'80S COMEDIES | COMPONENTS OF A MYSTERY | MOVIES FROM 1985
COASTER,COASTER,3,2025-05-27,2026-02-11,3,3,0,ROLLER ___ | ROUND FLAT THINGS | WHAT A DRINK IS SERVED WITH
COCKTAIL,COCKTAIL,3,2024-09-19,2025-06-23,3,3,0,CONCOCTION | KINDS OF PARTIES | ___ GLASS GLASSWARE
COIL,COIL,3,2024-09-06,2026-05-10,3,3,0,"SPOOL | WHAT ""SPRING"" MIGHT REFER TO | WHAT “SPRING” MIGHT REFER TO"
COLONEL,COLONEL,3,2024-11-13,2026-05-21,3,3,0,"SILENT ""L"" | WORDS THAT SEEM LONGER WRITTEN THAN SPOKEN | ___ MUSTARD"
COLUMN,COLUMN,3,2024-10-20,2026-04-11,3,3,0,BIT OF NEWSPAPER WRITING | STRUCTURAL SUPPORTS | THINGS YOU CAN INSERT INTO A SPREADSHEET
COMIC,COMIC,3,2024-09-02,2025-07-28,3,3,0,CLASSIC COLLECTION ITEMS | ITEM IN A COLLECTION | ___ STRIP
COMPLEX,COMPLEX,3,2024-07-30,2025-12-05,3,3,0,AFFLICTION | GROUP OF BUILDINGS | TRICKY
CON,CON,3,2024-07-01,2024-11-28,3,3,0,DRAWBACK | FRAUDSTER | SCHEME
CONDITION,CONDITION,3,2024-06-16,2025-05-22,3,3,0,CURRENT SITUATION | FINE PRINT | FITNESS
CONSOLE,CONSOLE,3,2024-11-04,2026-01-12,3,3,0,FURNITURE | LIVING ROOM FURNITURE | THINGS IN AN ENTRYWAY
CONTEST,CONTEST,3,2024-07-18,2026-04-07,3,3,0,BOXING UNIT | COMPETITION | TAKE ISSUE WITH
CONVENTION,CONVENTION,3,2025-06-06,2026-05-22,3,3,0,EXHIBITION | THE WAY THINGS ARE DONE | WHAT “CON” MIGHT MEAN
COOL,COOL,3,2025-04-06,2026-04-16,3,3,0,ALOOF | MOLLIFY | THERMOSTAT SETTINGS
CORAL,CORAL,3,2024-11-21,2026-02-24,3,3,0,"CALCIUM-BASED STRUCTURES | KINDS OF SNAKES | MARINE INVERTEBRATES, FAMILIARLY"
CORN,CORN,3,2024-09-16,2025-01-08,3,3,0,CANDY ___ | OVERLY SENTIMENTAL WORK | WORDS MISSPELLED IN NU METAL BAND NAMES
COW,COW,3,2024-09-13,2026-01-26,3,3,0,DAUNT | FEATURED IN “JACK AND THE BEANSTALK” | YOGA BACKBENDS
COWBOY,COWBOY,3,2024-08-16,2025-12-08,3,3,0,KINDS OF BOOTS | MEMBER OF A DALLAS PRO SPORTS TEAM | N.F.L. TEAM MEMBER
CRACK,CRACK,3,2024-11-15,2026-05-18,3,3,0,FISSURE | PUTDOWN | RUPTURE
CRANK,CRANK,3,2024-08-20,2026-01-04,3,3,0,"INCREASE, WITH ""UP"" | ROTATE | SPOOL"
CREDIT,CREDIT,3,2024-10-18,2025-12-27,3,3,0,APPRECIATION | ATTRIBUTE | NON-CASH WAY TO PAY
CROP,CROP,3,2024-09-07,2026-05-13,3,3,0,EQUESTRIAN GEAR | SMARTPHONE PHOTO EDITING OPTIONS | WAYS TO TRANSFORM AN IMAGE
CRUNCH,CRUNCH,3,2024-11-02,2026-03-31,3,3,0,CANDY BARS | CORE EXERCISES | SHORTAGE
CRUSH,CRUSH,3,2024-11-30,2025-08-16,3,3,0,CITRUS SODAS | PERFORM WELL ON | TROUNCE
CRUST,CRUST,3,2025-04-17,2026-06-10,3,3,0,COMPONENTS OF A PIZZA | GROSS THINGS THAT FORM ON WET SURFACES | TYPES OF SNOW
CRYPTO,CRYPTO,3,2024-12-20,2025-08-23,3,3,0,ENDING WITH HOMOPHONES OF PARTS OF THE LEG | KINDS OF BROS | MODERN INVENTIONS
CUE,CUE,3,2024-06-28,2026-05-31,3,3,0,BILLIARDS TERMS | INDICATION | INDICATION TO PROCEED
CURB,CURB,3,2024-07-17,2025-10-14,3,3,0,FIRST WORDS OF HBO SHOWS | HALT | HINDER
CUT,CUT,3,2024-09-05,2025-04-22,3,3,0,"CANCEL, AS A PROJECT | HAIR SALON OFFERINGS | THINGS TO DO WITH A DECK OF CARDS"
DAISY,DAISY,3,2024-08-14,2025-03-04,3,3,0,DISNEY CHARACTERS | FLOWERS | ___ CHAIN
DALE,DALE,3,2024-10-04,2026-06-26,3,3,0,AREAS OF LOW GROUND | DISNEY CHARACTERS | VALLEY
DEED,DEED,3,2024-09-28,2026-06-23,3,3,0,DOCUMENTS OF OWNERSHIP | IN A MONOPOLY BOX | ITEMS IN A MONOPOLY BOX
DELICATE,DELICATE,3,2024-06-24,2025-12-05,3,3,0,SORE TO THE TOUCH | TRICKY | WASHING MACHINE CYCLES/SETTINGS
DELTA,DELTA,3,2024-12-12,2026-06-08,3,3,1,IN THE NATO PHONETIC ALPHABET | LANDFORMS BY WATER | PARTS OF A RIVER
DESERT,DESERT,3,2024-08-28,2026-03-12,3,3,0,ABANDON | DESCRIBED AS DRY | PLACES TO FIND SAND
DESKTOP,DESKTOP,3,2025-05-21,2026-01-10,3,3,0,FOLDERS ON A MAC | MAIN FOLDERS IN A COMPUTER | SOFTWARE PLATFORMS
DIAMOND,DIAMOND,3,2024-08-30,2025-08-28,3,3,0,ASSOCIATED WITH HARDNESS | BASEBALL VENUES | SPARKLING THINGS
DICK,DICK,3,2025-03-25,2026-04-26,3,3,0,"CHARACTERS IN ""DICK AND JANE"" | OLD TIMEY SLANG FOR LAW ENFORCEMENT | U.S. PRESIDENTIAL NICKNAMES"
DIG,DIG,3,2024-07-19,2025-01-21,3,3,0,INSULT | PUTDOWN | RUMMAGE
DIRT,DIRT,3,2024-08-15,2025-10-07,3,3,0,GOSSIP | WORDS AFTER “PAY” | ___ ROAD
DOC,DOC,3,2024-10-04,2025-12-19,3,3,0,DISNEY CHARACTERS | FILE EXTENSIONS | HOMOPHONES OF PLACES TO PARK A SHIP
DODO,DODO,3,2024-10-07,2025-11-12,3,3,0,DOOFUS | KNUCKLEHEAD | SILLY PERSON
DOE,DOE,3,2024-10-10,2026-02-16,3,3,0,HOMOPHONES | HOMOPHONES OF SLANG FOR MONEY | WORDS IN “DO-RE-MI”
DOLLAR,DOLLAR,3,2025-09-13,2026-03-30,3,3,0,$1 | CAR RENTAL COMPANIES | GLOBAL CURRENCIES
DOLLY,DOLLY,3,2024-10-30,2025-05-01,3,3,0,MOVIE CAMERA VERBS | PROPER NOUNS IN BROADWAY MUSICAL TITLES THAT ARE SPOKEN PHRASES | THINGS WITH WHEELS
DONKEY,DONKEY,3,2024-11-05,2026-02-20,3,3,0,"EDDIE MURPHY ROLES | FIGURES IN “SHREK” | WHAT ""JACK"" MIGHT REFER TO"
DOODLE,DOODLE,3,2024-11-01,2025-08-08,3,3,0,CHEESY CORN SNACK UNIT | THINGS YOU MIGHT DO DURING A BORING CLASS/MEETING | WORDS AFTER “GOLDEN”
DOVETAIL,DOVETAIL,3,2025-04-06,2026-01-08,3,3,0,STARTING WITH CANDY BARS | WOODWORKING JOINT TERMS | ___ JOINT
DRAFT,DRAFT,3,2024-08-20,2024-11-01,3,3,0,ACTIONS IN FANTASY SPORTS | RUSH OF WIND | WAYS TO ORDER A BEER
DRIVER,DRIVER,3,2024-06-22,2025-09-12,3,3,0,BODIES OF WATER PLUS STARTING LETTER | KINDS OF GOLF CLUBS | THINGS USED IN GOLF
DRYER,DRYER,3,2024-06-20,2025-12-31,3,3,0,HAIR SALON FIXTURES | PLACES WHERE THINGS DISAPPEAR | USED IN HAIR CARE
DUCT,DUCT,3,2024-10-30,2026-05-17,3,3,0,CONDUIT | KINDS OF TAPE | USED IN VENTILATION
DUKE,DUKE,3,2024-08-29,2026-03-10,3,3,0,FIRST NAMES IN JAZZ | PUNCH | U.S. COLLEGES/UNIVERSITIES
DYE,DYE,3,2025-04-20,2026-02-19,3,3,0,"EASTER SUPPLIES | NEEDS FOR TIE-DYEING A SHIRT | THINGS THAT CAN RUN, ANNOYINGLY"
EAGLE,EAGLE,3,2024-07-01,2025-03-30,3,3,0,PICTURED ON THE U.S. GREAT SEAL | SEEN ON A U.S. DOLLAR BILL | SEEN ON BACKS OF U.S. COINS
EEL,EEL,3,2025-01-01,2025-07-18,3,3,0,ELECTRIC ___ | SLIMY ANIMALS | THINGS THAT ARE SLIPPERY
ELBOW,ELBOW,3,2024-11-19,2026-01-13,3,3,0,CORNERS | JOSTLE | PASTA SHAPES
ELECTRIC,ELECTRIC,3,2024-06-30,2025-11-04,3,3,0,GRILL FUEL SOURCES | UTILITIES | ___ GUITAR
ELEPHANT,ELEPHANT,3,2025-06-17,2026-06-08,3,3,0,"""THE ___ MAN"" MOVIES | FIGURES IN CLASSIC DISNEY ANIMATED FILMS | ___ SEAL"
ENOUGH,ENOUGH,3,2024-06-23,2025-01-10,3,3,0,___ IS ___ (IS ___) | “CALM DOWN” | “SETTLE DOWN!”
EXHAUST,EXHAUST,3,2024-11-14,2025-07-10,3,3,0,DEPLETE | USED IN VENTILATION | WEARY
EXPONENT,EXPONENT,3,2024-08-09,2026-06-09,3,3,0,ALGEBRA TERMS | SUPPORTER | THINGS REPRESENTED IN SUPERSCRIPT
EXPRESS,EXPRESS,3,2025-03-19,2026-06-07,3,3,0,"INDICATE, AS EMOTIONS | SIGNIFY | SPEAK"
FACULTY,FACULTY,3,2024-07-25,2026-03-06,3,3,0,"APTITUDE | NATURAL ABILITY | WORDS FOR LUCIDITY, IN THE SINGULAR"
FAINT,FAINT,3,2025-02-06,2025-09-26,3,3,0,"DELICATE | FUZZY, AS A MEMORY | HARD TO MAKE OUT"
FANCY,FANCY,3,2025-04-02,2025-12-18,3,3,0,BIT OF WISHFUL THINKING | CAPRICE | FANTASY
FASHION,FASHION,3,2025-10-22,2026-06-10,3,3,0,ADAPT TO FIT ONE'S NEEDS | CREATE | TECHNIQUE
FEATHERS,FEATHERS,3,2025-07-15,2026-01-18,3,3,0,"FEATURES OF A DUCK | HORSE___ | WHAT ""DOWN"" MIGHT MEAN"
FEATURE,FEATURE,3,2024-10-20,2025-09-24,3,3,0,BIT OF NEWSPAPER WRITING | MOVIE | MOVIES OF VARIOUS LENGTHS
FELLOW,FELLOW,3,2024-10-29,2026-04-08,3,3,0,COHORT MEMBER | LONG___ | MEDICAL ROLES
FIBER,FIBER,3,2025-03-17,2025-05-23,3,3,0,CLUES AT A CRIME SCENE | FILAMENT | ONE’S CONSTITUTION
FICTION,FICTION,3,2024-08-01,2025-10-09,3,3,0,BOOKSTORE SECTIONS | FABRICATION | FANTASY
FIDDLER,FIDDLER,3,2024-07-16,2025-03-01,3,3,0,"BROADWAY MUSICALS, FAMILIARLY | STARTS OF BROADWAY MUSICALS | ___ CRAB"
FIGHT,FIGHT,3,2024-07-22,2026-02-16,3,3,0,FOOD ___ | METTLE | STRESS RESPONSES
FIREWORKS,FIREWORKS,3,2024-07-04,2025-12-31,3,3,0,HAPPY NEW YEAR! | ROMANTIC RAPPORT | ROMANTIC VIBE
FIT,FIT,3,2025-02-16,2025-11-13,3,3,0,ATTIRE | CORRESPOND WELL WITH | SUITABLE
FLAKE,FLAKE,3,2024-10-16,2026-06-05,3,3,0,BIT OF BREAKFAST CEREAL | BIT OF CEREAL | BODIES OF WATER PLUS STARTING LETTER
FLAME,FLAME,3,2024-07-19,2025-10-01,3,3,0,CRITICIZE | CRITICIZE HARSHLY | ROMANTIC PARTNER
FLANK,FLANK,3,2025-03-28,2026-04-23,3,3,0,BE ADJACENT TO | BE ON BOTH SIDES OF | BORDER
FLARE,FLARE,3,2024-07-22,2025-06-23,3,3,0,ALERT | KINDS OF JEANS | USED TO REDIRECT TRAFFIC
FLING,FLING,3,2024-08-01,2025-07-08,3,3,0,LIAISON | SPRING ___ | THROW
FLOW,FLOW,3,2025-10-02,2025-12-21,3,3,0,ARISE | BACKWARDS ANIMALS | BEST ANIMATED FEATURE OSCAR WINNERS
FOCUS,FOCUS,3,2024-09-13,2026-05-26,3,3,0,AREA OF EXPERTISE | CAR MODELS | MATTER AT HAND
FOLK,FOLK,3,2024-06-16,2025-07-11,3,3,0,KINDS OF SONGS | MUSIC GENRES | ___ TALE
FORCE,FORCE,3,2026-03-28,2026-05-23,3,3,0,"POTENCY | QUANTITIES IN MECHANICS | WORDS AFTER ""THE"" IN ""STAR WARS"" MOVIE TITLES"
FOREST,FOREST,3,2025-11-05,2026-06-05,3,3,0,ASSOCIATED WITH HANSEL AND GRETEL | BLACK ___ | RAIN___
FORM,FORM,3,2024-06-16,2026-02-12,3,3,0,CONSTRUCT | CURRENT SITUATION | FITNESS
FOUNTAIN,FOUNTAIN,3,2024-06-16,2026-05-10,3,3,0,"CLASSIC LAWN ORNAMENTS | THINGS WITH SPOUTS | WHAT ""SPRING"" MIGHT REFER TO"
FOXTROT,FOXTROT,3,2025-12-16,2026-06-27,3,3,0,DANCE STYLES | DANCES | ENDING IN HORSE GAITS
FRANK,FRANK,3,2024-06-22,2026-03-21,3,3,0,DIRECT | OUTSPOKEN | WORDS FOR SAUSAGE
FRENCH,FRENCH,3,2024-08-17,2026-05-03,3,3,0,CANOODLE | FAMOUS REVOLUTIONS IN HISTORY | ___ PRESS
FRONT,FRONT,3,2024-07-15,2026-02-23,3,3,0,EXTERIOR | FACADE | POSE
FROST,FROST,3,2024-09-08,2026-03-21,3,3,0,20TH CENTURY AMERICAN POETS | VERBS FOR FINISHING DONUTS | VERBS IN A CAKE RECIPE
FRY,FRY,3,2024-07-31,2025-09-20,3,3,0,BIT OF SPORTS BAR FARE | FIRST IN A COMEDY DUO | FRENCH ___
FULL,FULL,3,2024-08-12,2026-01-06,3,3,0,MATTRESS SIZES | SONOROUS | ___ HOUSE
FUNCTION,FUNCTION,3,2024-08-10,2025-12-03,3,3,0,BE IN COMMISSION | FUNDRAISING EVENT | SOCIAL GATHERING
GAG,GAG,3,2025-04-23,2026-02-08,3,3,0,COMEDIC ROUTINE | SHTICK | SUPPRESS
GARAGE,GARAGE,3,2025-10-08,2026-05-03,3,3,0,HOME STRUCTURES | KINDS OF PARKING | ROCK MUSIC SUBGENRES
GARTER,GARTER,3,2025-04-16,2025-08-24,3,3,0,BURLESQUE WEAR | KINDS OF SNAKES | LINGERIE
GATHER,GATHER,3,2025-01-26,2025-02-21,3,3,0,"COLLECT, AS FROM AN ORCHARD | SCRUNCH, AS FABRIC | WAYS TO GET FOOD"
GENIE,GENIE,3,2025-02-28,2026-04-10,3,3,0,BLUE CHARACTERS | COMPONENTS OF METAPHORS FOR THINGS THAT CAN’T BE UNDONE | THINGS IN BOTTLES
GLAZE,GLAZE,3,2025-04-22,2026-04-22,3,3,0,POTTERY EQUIPMENT | SEEN IN A POTTERY STUDIO | VERBS FOR FINISHING DONUTS
GLITTER,GLITTER,3,2024-08-30,2025-12-18,3,3,0,COMPONENT OF AN ARTS AND CRAFTS PROJECT | SPARKLING THINGS | SUPPLIES FOR MACARONI ART
GNOME,GNOME,3,2024-06-16,2025-12-11,3,3,0,CLASSIC LAWN ORNAMENTS | STARTING WITH SILENT LETTERS | THINGS SEEN IN A YARD
GOOF,GOOF,3,2024-08-14,2025-07-11,3,3,0,BLUNDER | CARTOON DOGS MINUS “Y” | SILLY PERSON
GORGE,GORGE,3,2025-04-07,2026-06-26,3,3,0,AREAS OF LOW GROUND | EAT VORACIOUSLY | LANDFORMS
GORILLA,GORILLA,3,2024-12-19,2025-10-09,3,3,0,SEEN IN “DONKEY KONG” | SINGLE ANIMAL IN A CREATIVELY SPELLED BAND NAME | TITLE FIGURES IN CLASSIC VIDEO GAMES
GREEN,GREEN,3,2024-10-17,2026-05-03,3,3,0,FAMOUS REVOLUTIONS IN HISTORY | GRASSY AREA | SLANG FOR MONEY
GRINCH,GRINCH,3,2024-08-20,2025-05-22,3,3,0,ANTI-SPIRIT OF CHRISTMAS | CHARACTERS WITH GREEN SKIN | DR. SEUSS TITLE FIGURES
GROUP,GROUP,3,2025-03-16,2025-10-07,3,3,0,AMASS | BUNCH | TEAM
GUITAR,GUITAR,3,2025-02-06,2025-07-18,3,3,0,ELECTRIC ___ | OBJECTS THAT MAY BE RIGHT- OR LEFT-HANDED | THINGS WITH NECKS
GUM,GUM,3,2024-06-30,2025-12-21,3,3,0,SECRETED BY TREES | TREES | ___DROP
GUSTO,GUSTO,3,2025-02-25,2026-06-04,3,3,0,ENTHUSIASM | ESPRIT | SPANISH WORDS
HAIR,HAIR,3,2024-12-02,2026-04-25,3,3,0,BODY COVERINGS | CLUES AT A CRIME SCENE | ___ CLIP
HANGER,HANGER,3,2024-10-05,2026-03-03,3,3,0,PICTURE HANGING NEEDS | SEEN IN A CLOSET | STEAK CUTS
HARDY,HARDY,3,2024-09-08,2025-11-01,3,3,0,DETECTIVES OF KID-LIT | SECOND IN A FAMOUS REAL-LIFE DUO | ___ BOYS
HATCH,HATCH,3,2024-10-22,2025-12-25,3,3,0,CREATE | DEVISE | ENTRYWAY
HAWK,HAWK,3,2024-09-20,2025-06-08,3,3,0,ANIMAL METAPHORS IN ECONOMICS | BIRDS THAT ARE VERBS | WORDS AFTER “KITTY”
HAZE,HAZE,3,2024-10-23,2026-03-14,3,3,0,HYPNOTIC STATE | PURPLE ___ | STARTS OF CULINARY NUTS
HEALTH,HEALTH,3,2024-10-01,2025-08-05,3,3,0,COMMON VIDEO GAME FEATURES | FITNESS | ___ CODE
HERRING,HERRING,3,2025-02-07,2025-10-24,3,3,0,ENDING IN ACCESSORIES | RED ___ | STARTING WITH POSSESSIVE DETERMINERS
HIKE,HIKE,3,2025-07-26,2026-02-14,3,3,0,"INCREASE, WITH ""UP"" | TRAVEL ON FOOT | UPTICK"
HIVE,HIVE,3,2025-09-21,2026-05-01,3,3,0,NUMBERS WITH FIRST LETTER CHANGED | VEGETABLES MINUS STARTING LETTER | VEGETABLES WITH FIRST LETTER REMOVED
HOME,HOME,3,2024-10-06,2025-10-28,3,3,0,PAGES ON A WEBSITE | REMOTE CONTROL BUTTONS | REMOTE CONTROL FUNCTIONS
HONOR,HONOR,3,2024-09-29,2025-05-29,3,3,0,"MAKE GOOD ON, AS A PROMISE | SALUTE | ___ ROLL"
HOOT,HOOT,3,2024-10-07,2026-02-16,3,3,0,BIRD ONOMATOPOEIA | KNEE SLAPPER | SOUNDS OF LAUGHTER
HOP,HOP,3,2024-10-25,2026-04-06,3,3,0,EVENT WITH DANCING | EVENTS WITH DANCING | REACT TO A STUBBED TOE
HOUND,HOUND,3,2025-04-09,2026-03-04,3,3,0,"""ENTHUSIAST"" EQUIVALENT | FOX___ | PURSUE"
HOURGLASS,HOURGLASS,3,2025-05-16,2026-04-20,3,3,0,ASSOCIATED WITH BLACK WIDOW SPIDERS | ENDING WITH BUILDING MATERIALS | PLACES TO FIND SAND
HUMOR,HUMOR,3,2024-08-01,2025-02-14,3,3,0,BOOKSTORE SECTIONS | DESCRIBED AS DRY | MOLLYCODDLE
HUNCH,HUNCH,3,2024-11-03,2026-05-28,3,3,0,GET LOW | PREMONITION | SNEAKING SUSPICION
HYPE,HYPE,3,2024-08-01,2026-02-01,3,3,0,"GET EXCITED, WITH ""UP"" | PROMOTE | PUBLICIZE"
ID,ID,3,2024-11-04,2025-07-02,3,3,0,ASSOCIATED WITH FREUD | KINDS OF BRACELETS | WORDS WITH APOSTROPHES REMOVED
IMPRESSION,IMPRESSION,3,2024-11-03,2026-02-27,3,3,0,"ART MOVEMENTS, WITH ""-ISM"" | AURA | SNEAKING SUSPICION"
INSURANCE,INSURANCE,3,2025-02-05,2025-07-23,3,3,0,FARMERS’ THINGS | PARTS OF A COMPENSATION PACKAGE | RELATED TO BUYING A HOME
ITCH,ITCH,3,2025-01-18,2026-02-28,3,3,0,CRAVING | DESIRE | YEARN
JAB,JAB,3,2024-07-19,2025-08-06,3,3,0,BOXING PUNCHES | INSULT | PRICK
JACKKNIFE,JACKKNIFE,3,2024-08-08,2026-06-20,3,3,0,"ENDING WITH TABLEWARE | FEATURING SILENT AND PRONOUNCED ""K""S | SPLASHY WAYS TO ENTER A POOL"
JAZZ,JAZZ,3,2024-11-30,2026-03-11,3,3,0,"""BEST ___ PERFORMANCE"" GRAMMY AWARD | DANCE STYLES | MAKE NICER, WITH ""UP"""
JUNK,JUNK,3,2024-12-19,2025-05-25,3,3,0,WATERCRAFT | ___ FOOD | ___ MAIL
JUST,JUST,3,2025-10-02,2025-11-28,3,3,0,DESERVED | FITTING | IN THE SLIGHTEST
K,K,3,2024-07-05,2025-10-20,3,3,0,"PERIODIC TABLE SYMBOLS | WAYS TO EXPRESS 1,000 | WORDS THAT PRECEDE “POP” IN MUSIC GENRES"
KEEP,KEEP,3,2024-09-29,2025-12-12,3,3,0,"CONSERVE | CONTAIN | MAKE GOOD ON, AS A PROMISE"
KETTLE,KETTLE,3,2025-01-05,2025-09-27,3,3,0,POPCORN-MAKING METHODS | USED FOR TEA | WORDS BEFORE “DRUM”
KIDNEY,KIDNEY,3,2024-10-21,2025-10-15,3,3,0,KINDS OF BEANS | STARTING WITH SYNONYMS FOR “TEASE” | TYPES OF POOLS
KITE,KITE,3,2025-10-12,2026-03-22,3,3,0,BIRDS | THINGS WITH STRINGS | ___ SURF
KNOCK-KNOCK,KNOCK-KNOCK,3,2024-12-16,2026-06-20,3,3,0,"CLASSIC JOKE STAPLES | FEATURING SILENT AND PRONOUNCED ""K""S | KINDS OF JOKES"
LABOR,LABOR,3,2024-07-20,2025-12-19,3,3,0,CABINET DEPARTMENTS | EXERTION | U.S. CABINET DEPARTMENTS
LADY,LADY,3,2024-11-11,2025-07-31,3,3,0,FIRST ___ | WORDS BEFORE “FINGERS” | ___ BIRD
LAND,LAND,3,2024-09-05,2025-04-11,3,3,0,ATTAIN | OBTAIN | PLACES USED IN RETAIL SUFFIXES
LAP,LAP,3,2024-07-04,2025-12-01,3,3,0,COMPLETE TURN | SINGLE ROTATION | ___DOG
LEFT,LEFT,3,2024-07-26,2025-10-02,3,3,0,"BASIC DIRECTIONS | LEFT-LEANING, POLITICALLY | SITUATED"
LETTER,LETTER,3,2024-09-02,2024-11-15,3,3,0,CHAIN ___ | ELEMENTS OF WRITING | THINGS RECEIVED IN THE MAIL
LIBERTY,LIBERTY,3,2024-07-04,2025-06-22,3,3,0,NOUNS FROM A FAMOUS LINE IN THE DECLARATION OF INDEPENDENCE | W.N.B.A. TEAMS | WORDS BEFORE “BELL”
LIBRARY,LIBRARY,3,2024-07-12,2025-07-16,3,3,0,PARTS OF A COLLEGE CAMPUS | SCHOOL FACILITIES | STARTING WITH CONSTELLATIONS
LIFE,LIFE,3,2024-09-13,2026-02-21,3,3,0,EXPERIENCE | NOUNS FROM A FAMOUS LINE IN THE DECLARATION OF INDEPENDENCE | VITALITY
LIME,LIME,3,2024-12-05,2026-01-23,3,3,0,"RHYME WITH U.S. COINS | WORDS BEFORE ""LIGHT"" | ___STONE"
LINCOLN,LINCOLN,3,2025-01-08,2025-10-25,3,3,0,BEST ACTOR-WINNING BIOPICS | CAR BRANDS | WORDS MISSPELLED IN NU METAL BAND NAMES
LITTLE,LITTLE,3,2024-07-31,2025-08-19,3,3,0,"FINGERS | TINY AMOUNT, WITH “A” | ___ ROCK"
LOAF,LOAF,3,2024-08-26,2025-09-21,3,3,0,BE AT LEISURE | FOOTWEAR MINUS “ER” SOUND | RELAX
LOOK,LOOK,3,2024-07-13,2026-04-08,3,3,0,AESTHETIC | COME ACROSS AS | GLIMPSE
LOUNGE,LOUNGE,3,2025-03-03,2025-09-21,3,3,0,AIRPORT FEATURES | BE AT LEISURE | RELAX
MACE,MACE,3,2024-09-16,2025-07-26,3,3,0,HERBS AND SPICES | SPICES | SPIKY THINGS
MAGIC WAND,MAGIC WAND,3,2025-02-21,2026-04-13,3,3,0,ACCESSORIES FOR A MAGICIAN | PHOTOSHOP TOOLS | QUICK FIX
MAIL,MAIL,3,2024-06-17,2025-05-17,3,3,0,"CHAIN ___ | DELIVER, AS A PACKAGE | “E” THINGS"
MAIN,MAIN,3,2024-06-24,2026-05-17,3,3,0,CONDUIT | RESTAURANT COURSES | STREETS WITH SYMBOLIC IMPORTANCE
MAKEUP,MAKEUP,3,2024-07-21,2026-06-13,3,3,0,CONSTITUTION | ONE’S CONSTITUTION | USED IN MOVIE PRACTICAL EFFECTS
MALLET,MALLET,3,2025-01-08,2026-04-06,3,3,0,ACCESSORIES FOR PLAYING AN INSTRUMENT | COMPONENTS OF WHAC-A-MOLE | USED TO HIT A BALL IN SPORTS
MAMMOTH,MAMMOTH,3,2024-07-13,2025-09-11,3,3,0,BEHEMOTH | COLOSSAL | ENORMOUS
MAN,MAN,3,2025-02-11,2025-04-18,3,3,0,BUSTER | INTERJECTIONS | NOUNS IN A FAMOUS PALINDROME
MAROON,MAROON,3,2024-12-29,2025-08-11,3,3,0,ABANDON | BANDS MINUS THE NUMBER FIVE | SHADES OF RED
MASK,MASK,3,2026-04-04,2026-05-24,3,3,0,FEATURES OF A CATWOMAN COSTUME | OBJECTS USED IN RITUAL PERFORMANCES | OBSCURE
MAT,MAT,3,2025-01-28,2025-03-04,3,3,0,MESS OF HAIR | RESISTANCE TRAINING EQUIPMENT | YOGA ACCESSORIES
MATTER,MATTER,3,2024-08-06,2025-08-11,3,3,0,DARK ___ | INCIDENT | ___HORN
MERCURY,MERCURY,3,2024-08-12,2026-06-25,3,3,0,HAZARDOUS ELEMENTAL METALS | METAL ELEMENTS | SUBJECTS OF ACCLAIMED MUSICAL BIOPICS
MERMAID,MERMAID,3,2024-10-27,2025-12-14,3,3,0,CLASSIC NAUTICAL TATTOOS | HANS CHRISTIAN ANDERSEN FIGURES | THE LITTLE ___
MESS,MESS,3,2025-08-25,2026-05-16,3,3,0,MESS AROUND (WITH) | PLAY AROUND (WITH) | PREDICAMENT
METAL,METAL,3,2024-08-09,2025-08-30,3,3,0,BUILDING MATERIALS | MUSIC GENRES | ROCK GENRES
MINION,MINION,3,2024-11-13,2026-02-21,3,3,0,CAR BRANDS PLUS TWO LETTERS | MEMBER OF A TITULAR GROUP IN AN ANIMATION FRANCHISE | THINGS THAT ARE YELLOW
MINUTE,MINUTE,3,2025-05-06,2026-01-30,3,3,0,COMPARATIVELY SMALL | DETAILED | ___ HAND
MODERATE,MODERATE,3,2024-07-25,2025-12-06,3,3,0,"ARBITRATE | LEAD, AS A TV PROGRAM | MOLLIFY"
MOLD,MOLD,3,2025-02-13,2026-02-12,3,3,0,ADAPT TO FIT ONE'S NEEDS | CONSTRUCT | TEMPLATE
MONEY,MONEY,3,2024-11-03,2026-06-24,3,3,0,CLASSIC WEDDING GIFTS | EASY ___ | IN A MONOPOLY BOX
MONTH,MONTH,3,2025-01-02,2025-09-16,3,3,0,ONE IN A DOZEN | ONE IN A GROUP OF TWELVE | WORDS SAID TO HAVE NO EXACT RHYMES
MOTOR,MOTOR,3,2024-06-23,2026-01-28,3,3,0,COMPONENTS OF A RECORD PLAYER | STARTS OF CELL PHONE MAKERS | ___ CITY NICKNAMES
MOUNTAIN,MOUNTAIN,3,2024-08-19,2025-04-29,3,3,0,THINGS TO CLIMB | YOGA POSES | ___ CHAIN
MOUTH,MOUTH,3,2024-12-12,2026-06-17,3,3,1,BODILY WORDS FOR ATTITUDE | PARTS OF A RIVER | SASSINESS
MUD,MUD,3,2025-03-25,2025-06-29,3,3,0,CLEAR AS ___ | SEEN IN THE AFTERMATH OF A RAINSTORM | SLANG FOR COFFEE
MUSE,MUSE,3,2025-01-24,2026-03-20,3,3,0,CONTEMPLATE | FIGURE IN GREEK MYTH | PONDER
MUSTANG,MUSTANG,3,2024-09-07,2025-10-15,3,3,0,FORD MODELS | LOGOS WITH HORSES | SPORTS CARS
MUZZLE,MUZZLE,3,2025-04-23,2026-02-08,3,3,0,CANINE/FELINE FEATURES | SNOUTS | SUPPRESS
NAPKIN,NAPKIN,3,2025-03-26,2026-02-25,3,3,0,BEVERAGE SELF-SERVICE ITEMS | ENDING IN FAMILY WORDS | PARTS OF A TABLE SETTING
NATIONAL,NATIONAL,3,2024-08-24,2024-11-29,3,3,0,CAR RENTAL COMPANIES | M.L.B. TEAM MEMBER | ___ PARK
NEAT,NEAT,3,2024-07-30,2025-07-01,3,3,0,DAPPER | PEACHY KEEN | SPECIFICATIONS FOR A BARTENDER
NURSE,NURSE,3,2026-01-03,2026-05-19,3,3,0,CARE FOR | THINGS BABIES DO | WET ___
O,O,3,2024-07-05,2025-04-01,3,3,1,EMOTICON MOUTHS | MAGAZINES | THINGS CALLED “OSCAR”
OBJECT,OBJECT,3,2024-08-06,2026-03-21,3,3,0,INTENTION | TAKE ISSUE | TARGET
OCEAN,OCEAN,3,2025-05-08,2026-04-25,3,3,0,"BLUE THINGS | HEROES OF ACTION MOVIE FRANCHISES | MASSES, IN IDIOMS"
OCTOPUS,OCTOPUS,3,2024-10-02,2026-04-21,3,3,0,DISTINCTIVE NUMBER OF ARMS (OR LACK THEREOF) | DOCTORS IN POP CULTURE | STARTS OF ONE-WORD JAMES BOND MOVIE TITLES
OK,OK,3,2024-08-16,2025-07-25,3,3,0,COPACETIC | MEH | STATE ABBREVIATIONS
OLIVE,OLIVE,3,2024-06-18,2025-10-27,3,3,0,COCKTAIL GARNISHES | DRINK GARNISHES | “EXTRA VIRGIN OLIVE OIL”
ONE,ONE,3,2025-05-18,2026-04-07,3,3,0,$1 | WHAT “A” MIGHT MEAN | WORDS FOR UNSPECIFIED CHOICES
OPEN,OPEN,3,2024-09-22,2025-08-17,3,3,0,FILE MENU OPTIONS | UP FOR ANYTHING | WORDS ON A DOOR
ORBIT,ORBIT,3,2025-09-28,2026-04-05,3,3,0,ATOMIC STRUCTURE TERMS | COMPLETE TURN | GUM BRANDS
OSCAR,OSCAR,3,2024-12-03,2026-06-05,3,3,0,ENDING IN METHODS OF TRANSPORTATION | FAMOUS PUPPETS | “SESAME STREET” CHARACTERS
OUTFIT,OUTFIT,3,2024-11-04,2025-09-18,3,3,0,COMPANY | EQUIP | FURNISH
OYSTER,OYSTER,3,2025-01-03,2026-02-17,3,3,0,KINDS OF BEDS | KINDS OF MUSHROOMS | SAUCES IN CHINESE CUISINE
PAGE,PAGE,3,2024-07-28,2026-06-10,3,3,0,COUNTED IN DOCUMENT WORD COUNTS | PARTS OF A BOOK | TURN THE ___
PAIN,PAIN,3,2024-10-24,2025-09-04,3,3,0,FRENCH FOOD WORDS | FRENCH WORDS | WORDS AFTER “T-”
PAINT,PAINT,3,2024-09-25,2025-08-08,3,3,0,NEEDS FOR PAINTING A ROOM | THINGS PEOPLE DO TO FINGERNAILS | WORDS AFTER THE LETTERS “MS”
PANT,PANT,3,2024-10-03,2025-11-02,3,3,0,BREATHE HARD | BUGS PLUS STARTING LETTER | SHOW SIGNS OF PHYSICAL EXERTION
PARK,PARK,3,2024-10-17,2025-04-04,3,3,0,BASEBALL VENUES | DRIVING INSTRUCTOR DIRECTIVES | GRASSY AREA
PARKING,PARKING,3,2025-08-18,2026-03-20,3,3,0,HOTEL AMENITIES | WORDS ON A MONOPOLY BOARD | WORDS ON MONOPOLY SQUARES
PEACH,PEACH,3,2024-11-05,2026-05-21,3,3,0,LOVELY PERSON | THINGS ASSOCIATED WITH BUTTS | THINGS THAT ARE FUZZY
PEACOCK,PEACOCK,3,2024-07-23,2025-10-24,3,3,0,ONE WHO LIKES SHOWING OFF | STARTING WITH VEGETABLES | THINGS KNOWN FOR BEING COLORFUL THINGS
PEDAL,PEDAL,3,2025-05-28,2026-04-17,3,3,0,"HOMOPHONES OF SYNONYMS FOR ""VEND"" | PARTS OF A BIKE | PARTS OF A PIANO"
PENDULUM,PENDULUM,3,2024-08-28,2026-03-12,3,3,0,FOUND AT THE END OF A STRING/CORD | THINGS THAT MOVE BACK AND FORTH | THINGS THAT SWING
PHANTOM,PHANTOM,3,2025-03-01,2026-05-23,3,3,0,"BROADWAY MUSICALS, FAMILIARLY | DREAD-INDUCING FIGURES | WORDS AFTER ""THE"" IN ""STAR WARS"" MOVIE TITLES"
PHOENIX,PHOENIX,3,2024-12-27,2026-03-08,3,3,0,CITIES | OSCAR-WINNING ACTORS | U.S. CITIES
PHOTOSHOP,PHOTOSHOP,3,2025-03-24,2025-09-04,3,3,0,"CLEAN UP, AS A PHOTOGRAPH | THINGS WITH LAYERS | TRADEMARKS THAT HAVE BECOME VERBS"
PIANO,PIANO,3,2025-12-03,2026-05-16,3,3,0,"""___ MAN"" SONGS FROM THE '70S | GRAND ___ | MUSIC PERFORMANCE DIRECTIONS"
PICK,PICK,3,2025-01-08,2025-05-27,3,3,0,"ACCESSORIES FOR PLAYING AN INSTRUMENT | COLLECT, AS FROM AN ORCHARD | GUITAR PLAYING TECHNIQUES"
PIPE CLEANER,PIPE CLEANER,3,2024-11-05,2025-12-18,3,3,0,COMPONENT OF AN ARTS AND CRAFTS PROJECT | PIPE-SMOKING ACCESSORIES | THINGS THAT ARE FUZZY
PITCHFORK,PITCHFORK,3,2024-10-09,2026-04-25,3,3,0,"MUSIC PUBLICATIONS | SEEN IN A BARN | STARTING WITH SYNONYMS FOR ""THROW"""
PLANE,PLANE,3,2025-06-24,2025-12-17,3,3,0,"FLUSH | OBJECTS IN 0-, 1-, 2- AND 3-DIMENSIONAL SPACE | WOODWORKING HAND TOOLS"
PLASTER,PLASTER,3,2024-08-21,2026-01-17,3,3,0,ADHERE | COVER WITH A THICK LAYER | SPREAD OVER
PLEASE,PLEASE,3,2024-10-28,2025-05-11,3,3,0,"MAGIC WORDS | MAKE HAPPY | WHEN TRIPLED, HIT SONG TITLES"
PLUG,PLUG,3,2024-11-16,2026-02-01,3,3,0,"BLOCK, AS AN OPENING | PUBLICIZE | THINGS THAT PREVENT LEAKS"
POD,POD,3,2025-01-25,2026-03-16,3,3,0,ANIMAL GROUP NAMES | BOTANICAL COVERINGS | WORDS AFTER THE PREFIX “TRI-”
POINTER,POINTER,3,2024-07-08,2026-05-05,3,3,0,BIT OF ADVICE | FINGERS | STARTING WITH UNITS IN COMPETITIONS
POKE,POKE,3,2025-04-08,2025-08-07,3,3,0,MEDDLE | PERFORATE | PRICK
POLISH,POLISH,3,2025-05-29,2026-05-01,3,3,0,MAKE GLOSSY | WHAT “BUFF” MIGHT MEAN | WORDS PRONOUNCED DIFFERENT WAYS AS PROPER NOUNS
PONY,PONY,3,2024-10-14,2025-02-19,3,3,0,"PAY, WITH “UP” | WAYS TO WEAR YOUR HAIR UP | ___TAIL"
POPE,POPE,3,2024-09-08,2025-09-01,3,3,0,ECCLESIASTICAL TITLES | FAMOUS POETS | MUSIC GENRES PLUS A LETTER
POSSESSIVE,POSSESSIVE,3,2024-08-02,2025-07-21,3,3,0,ADJECTIVES USED IN GRAMMAR | WHAT ' CAN INDICATE | WHAT AN APOSTROPHE MIGHT INDICATE
POSTER,POSTER,3,2024-06-15,2026-03-29,3,3,0,IMAGES SEEN ON THE STREET | PRINTED NOTIFICATION | ___ CHILD
POUR,POUR,3,2026-05-01,2026-05-17,3,3,0,NUMBERS WITH FIRST LETTER CHANGED | TEA-MAKING VERBS | VERBS IN MAKING A MOJITO
PRAISE,PRAISE,3,2024-11-28,2025-12-14,3,3,0,APPRECIATION | LAY IT ON THICK | SALUTE
PRIME,PRIME,3,2024-10-18,2026-03-13,3,3,0,AMAZON ___ | BEST YEARS | KINDS OF NUMBERS
PRINCESS,PRINCESS,3,2024-11-05,2025-12-14,3,3,0,FIGURES IN “SHREK” | HANS CHRISTIAN ANDERSEN FIGURES | TITLE FIGURES IN CLASSIC VIDEO GAMES
PRO,PRO,3,2024-06-19,2025-11-10,3,3,0,LATIN PREPOSITIONS | POSITIONS IN FAVOR | PREFIXES
PROGRESSIVE,PROGRESSIVE,3,2025-02-15,2025-09-25,3,3,0,"LEFT-LEANING, POLITICALLY | WHAT “LEFT” MIGHT MEAN | WORDS SHORTENED IN ROCK GENRES"
PROMPT,PROMPT,3,2024-06-28,2025-08-18,3,3,0,BRING ABOUT | INDICATION | INDICATION TO PROCEED
PRUNE,PRUNE,3,2024-10-03,2025-09-24,3,3,0,CARE FOR A PLANT | DO SOME TASKS IN THE GARDEN | WRINKLY THINGS
QUALITY,QUALITY,3,2024-09-28,2026-02-27,3,3,0,AMBIENCE | AURA | ___ CONTROL
QUESTION,QUESTION,3,2024-12-20,2026-03-29,3,3,0,TAKE ISSUE WITH | TYPES OF SENTENCES | ___ MARK
QUIET,QUIET,3,2024-06-23,2025-07-25,3,3,0,HARDLY BUSTLING | HUSH-HUSH | “SETTLE DOWN!”
RACK,RACK,3,2025-12-30,2026-05-31,3,3,0,BIKE ACCESSORIES | BILLIARDS TERMS | COMPONENTS OF A WEIGHTLIFTING SETUP
RAISE,RAISE,3,2024-11-26,2025-09-08,3,3,0,"GOOD THINGS TO GET AT WORK | INCREASE, WITH ""UP"" | POKER ACTIONS"
RANK,RANK,3,2025-03-24,2026-03-02,3,3,0,BAD-SMELLING | EVALUATE | STATUS
READING,READING,3,2025-04-02,2026-05-29,3,3,0,KINDS OF ROOMS IN A MANSION | WORDS PRONOUNCED DIFFERENT WAYS AS PROPER NOUNS | WORDS PRONOUNCED DIFFERENTLY AS PROPER NOUNS
RECEPTION,RECEPTION,3,2024-09-05,2026-01-31,3,3,0,KINDS OF PARTIES | MEASURED IN FOOTBALL STATS | SOCIAL GATHERING
RELIEF,RELIEF,3,2025-03-05,2025-11-29,3,3,0,KINDS OF CARVINGS | REPLACEMENT | WHAT MIGHT BRING TEARS TO YOUR EYES
RELISH,RELISH,3,2024-10-11,2025-11-07,3,3,0,CHERISH | ENTHUSIASM | GREEN CONDIMENTS
RESOLVE,RESOLVE,3,2024-07-08,2025-08-16,3,3,0,FORTITUDE | INTREPIDITY | METTLE
RETURN,RETURN,3,2025-02-15,2026-02-11,3,3,0,EARNINGS | RESULT | WORDS ON A MAC KEYBOARD
REVERSE,REVERSE,3,2024-07-27,2025-05-26,3,3,0,"AUTOMATIC GEAR SHIFTER POSITIONS | DIAMETRIC | WORDS REPRESENTED BY THE LETTER ""R"""
RISE,RISE,3,2024-10-30,2026-02-14,3,3,0,UPSWING | UPTICK | VERBS IN BREADMAKING
ROAST,ROAST,3,2025-08-31,2026-04-16,3,3,0,COOK WITH DRY HEAT | CRITICIZE HARSHLY | TEASE
ROBIN,ROBIN,3,2025-04-02,2026-01-27,3,3,0,BIRDS | FIRST WORDS OF ROBIN HOOD CHARACTER NAMES | WILLIAMSES
ROCKET,ROCKET,3,2025-09-20,2026-03-17,3,3,0,"""___ MAN"" SONGS FROM THE '70S | METAPHORS FOR QUICKNESS | SKY___"
ROCKS,ROCKS,3,2024-09-07,2026-06-21,3,3,0,AQUARIUM PURCHASES | BOWLS OVER | COCKTAIL GLASSES
ROMANCE,ROMANCE,3,2024-08-01,2025-10-30,3,3,0,BOOKSTORE SECTIONS | FICTION GENRES | WOO
ROPE,ROPE,3,2025-04-29,2025-12-16,3,3,0,HITCHCOCK MOVIES | THINGS TO CLIMB | WEAPONS IN THE GAME CLUE
ROUTINE,ROUTINE,3,2025-06-06,2026-02-08,3,3,0,EVERYDAY | SAME OLD STUFF | SHTICK
RUBBER,RUBBER,3,2024-11-27,2026-03-02,3,3,0,"""RUBBER BABY BUGGY BUMPER"" | ___ BAND | ___ CHICKEN"
SALAD,SALAD,3,2024-10-14,2024-11-07,3,3,0,FOOD-RELATED JUMBLES | GREEN ___ | THINGS THAT CAN HAVE LEAVES
SAP,SAP,3,2024-09-15,2024-11-23,3,3,0,DEPLETE | DOOFUS | SECRETED BY TREES
SAUCE,SAUCE,3,2024-10-11,2025-06-21,3,3,0,APPLE PRODUCTS | BRASHNESS | COMPONENTS OF A PIZZA
SCHOOL,SCHOOL,3,2024-07-17,2025-11-16,3,3,0,ANIMAL GROUP NAMES | TEACH | TECHNIQUE
SCRAP,SCRAP,3,2025-04-22,2026-05-25,3,3,0,"CANCEL, AS A PROJECT | DISCONTINUE | TINY BIT"
SCROLL,SCROLL,3,2025-03-03,2025-09-21,3,3,0,CYLINDER OF MATERIAL | MOUSE ACTIONS | TOUCHSCREEN GESTURES
SEAR,SEAR,3,2024-09-01,2026-03-10,3,3,0,ANAGRAMS | COOK IN A PAN | COOK WITH DRY HEAT
SECOND,SECOND,3,2024-11-29,2026-04-02,3,3,0,ENDORSE | SUPPORT | UNITS
SENSE,SENSE,3,2024-11-03,2026-03-06,3,3,0,"LUCIDITY | SNEAKING SUSPICION | WORDS FOR LUCIDITY, IN THE SINGULAR"
SERIES,SERIES,3,2024-06-22,2026-05-09,3,3,0,ONE THING AFTER ANOTHER | SEQUENCE | UNITS OF TV PROGRAMS
SHAPE,SHAPE,3,2024-06-16,2025-10-22,3,3,0,ADAPT TO FIT ONE'S NEEDS | CURRENT SITUATION | FITNESS
SHIRT,SHIRT,3,2025-04-20,2026-05-25,3,3,0,COMMON PROMO ITEMS | NEEDS FOR TIE-DYEING A SHIRT | WORDS AFTER “T-”
SHOE,SHOE,3,2024-08-06,2025-07-15,3,3,0,HORSE___ | ___HORN | ___STRING
SHOVEL,SHOVEL,3,2025-01-21,2026-02-19,3,3,0,FIREPLACE ACCESSORIES | GARDENING TOOLS | USED TO CLEAR SNOW
SIN,SIN,3,2024-06-23,2025-04-12,3,3,0,DO WRONG | MEMBER OF A SEPTET | ___ CITY NICKNAMES
SINGLE,SINGLE,3,2025-01-03,2026-03-07,3,3,0,$1 | AVAILABLE | ONE DOLLAR
SLING,SLING,3,2024-08-21,2026-01-17,3,3,0,CLASSIC COCKTAIL TYPES | HURL | THROW
SMART,SMART,3,2024-10-27,2025-07-01,3,3,0,DAPPER | SASSY | WORDS THAT MODIFY “WATCH”
SNAP,SNAP,3,2025-01-04,2025-07-19,3,3,0,COMMENT AFTER AN INSULT | FASTENERS | THINGS YOU CAN DO WITH A FOOTBALL
SNOW,SNOW,3,2025-04-24,2026-03-11,3,3,0,KINDS OF CONES | THINGS THAT ARE WHITE | THINGS THAT COME IN FLAKES
SOFT,SOFT,3,2025-02-06,2026-06-22,3,3,0,DELICATE | PRONUNCIATION DESCRIPTORS | ___BALL RECREATIONAL SPORTS
SONG,SONG,3,2025-02-12,2025-09-05,3,3,0,BITS IN A VARIETY SHOW | CHINESE DYNASTIES | DITTY
SORRY,SORRY,3,2025-02-02,2026-05-30,3,3,0,"""IN YOUR DREAMS"" | CLASSIC BOARD GAMES | DEJECTED"
SPEAKER,SPEAKER,3,2024-08-22,2025-10-06,3,3,0,CLASSIC MOVIE THEATER EQUIPMENT | LEGISLATIVE ROLES | PARTS OF A RECORD PLAYER SETUP
SPEECH,SPEECH,3,2024-08-17,2025-08-17,3,3,0,FIRST AMENDMENT FREEDOMS | SPOKEN COMMUNICATION | SPOKEN PRESENTATION
SPHERE,SPHERE,3,2024-07-22,2025-04-09,3,3,0,MILIEU | REALM OF EXPERTISE | ROUND THREE-DIMENSIONAL OBJECTS
SPIDER,SPIDER,3,2024-10-08,2024-11-18,3,3,0,HALLOWEEN SYMBOLS | SPORTS CARS | ___ CRAB
SPILL,SPILL,3,2024-06-25,2025-10-19,3,3,0,"DIVULGE | DIVULGE, AS PRIVATE INFORMATION | TOPPLE"
SPLASH,SPLASH,3,2024-10-11,2025-11-22,3,3,0,BIG IMPRESSION | LITTLE BIT | QUICK JUMP IN THE POOL
SPONGE,SPONGE,3,2024-11-21,2026-03-06,3,3,0,"FREELOADER | MARINE INVERTEBRATES, FAMILIARLY | THINGS WITH HOLES"
SPOON,SPOON,3,2025-02-09,2026-06-13,3,3,0,CUDDLE | SEEN AT A TEA SERVICE | USED WHEN SERVING SOUP
SPOT,SPOT,3,2024-06-17,2026-04-26,3,3,0,"CHARACTERS IN ""DICK AND JANE"" | PICK UP ON | PREDICAMENT"
SPUR,SPUR,3,2025-01-18,2025-12-08,3,3,0,"BARB | GOAD, WITH ""ON"" | N.B.A. PLAYER"
SQUEEZE,SQUEEZE,3,2024-12-08,2026-05-17,3,3,0,CRAM | EXPLOIT | SWINDLE
SQUID,SQUID,3,2024-07-02,2025-09-16,3,3,0,PLURAL ANIMALS IDENTICAL TO THEIR SINGULAR FORMS | THINGS WITH INK | ___ GAME
STAFF,STAFF,3,2024-10-08,2026-05-24,3,3,0,FOUND ON SHEET MUSIC | OBJECTS USED IN RITUAL PERFORMANCES | RODS
STAGE,STAGE,3,2025-11-15,2026-06-10,3,3,0,KINDS OF ACTORS | PARTS OF A THEATER | STEP IN A PROCESS
STAIN,STAIN,3,2024-06-17,2026-01-29,3,3,0,KINDS OF LIP MAKEUP | MAKEUP | USED TO VIEW A BIOLOGICAL SAMPLE
STAKE,STAKE,3,2026-01-07,2026-06-06,3,3,0,INTEREST | PILLAR | PORTION
STEP,STEP,3,2025-08-26,2026-06-07,3,3,0,"APPARATUS-BASED EXERCISE CLASSES | MUSIC GENRE SUFFIXES | WORDS BEFORE ""STOOL"""
STICKY,STICKY,3,2025-02-04,2026-06-03,3,3,0,KINDS OF RICE | TRICKY | WORDS BEFORE “FINGERS”
STIR,STIR,3,2024-11-20,2026-05-10,3,3,0,"COCKTAIL-MAKING VERBS | COMBINE, AS BAKING INGREDIENTS | VERBS IN MAKING A MOJITO"
STOUT,STOUT,3,2024-07-31,2025-06-21,3,3,0,ALE STYLES | STOCKY | STYLES OF BEER
STRAP,STRAP,3,2025-01-14,2025-08-06,3,3,0,MUSCLE NICKNAMES PLUS “S” | THINGS IN A CAMERA KIT | YOGA ACCESSORIES
SURPRISE,SURPRISE,3,2024-09-19,2026-06-09,3,3,0,KINDS OF PARTIES | THINGS YOU'RE NOT SUPPOSED TO REVEAL | WORDS SAID TO AN UNSUSPECTING PERSON
SWEETHEART,SWEETHEART,3,2024-07-19,2026-05-04,3,3,0,ROMANTIC PARTNER | TENDER-HEARTED PERSON | ___ DEAL
SWISS,SWISS,3,2025-02-02,2026-04-10,3,3,0,DESCRIPTORS FOR SWISS CHEESE | KINDS OF CHEESES | WORDS AFTER “K”
SWITCH,SWITCH,3,2024-09-14,2026-03-05,3,3,0,CONSOLE INPUTS | GO BACK AND FORTH | INSTALLED ON A WALL
SYMBOL,SYMBOL,3,2024-07-26,2026-02-08,3,3,0,"DEMONSTRATION, AS OF APPRECIATION | FEATURES OF A STRONG PASSWORD | INSTRUMENT HOMOPHONES"
SYRUP,SYRUP,3,2024-11-14,2025-08-09,3,3,0,BREAKFAST CONDIMENTS | CORN-Y THINGS | FORMS OF SUGAR
TACKLE,TACKLE,3,2024-12-18,2026-01-04,3,3,0,DEAL WITH | EQUIPMENT | THINGS A DEFENSIVE FOOTBALL PLAYER DOES
TAROT,TAROT,3,2024-06-19,2025-03-16,3,3,0,ENDING WITH SILENT “T” | KINDS OF CARDS | THINGS READ IN DIVINATION
TAX,TAX,3,2024-08-02,2025-11-16,3,3,0,"STRETCH, AS ONE’S PATIENCE | WORDS ON A RESTAURANT RECEIPT | WORDS ON MONOPOLY SQUARES"
TEAM,TEAM,3,2025-02-08,2026-01-11,3,3,0,GROUP | INFO ON A BASEBALL CARD | PRO ATHLETE DATA
TEASE,TEASE,3,2024-07-24,2026-02-18,3,3,0,CREATE SOME VOLUME/TEXTURE IN HAIR | JOKE AROUND WITH | RETRO HAIR DIRECTIVES
TEE,TEE,3,2024-09-07,2025-05-30,3,3,0,COMMON SWAG ITEMS | KINDS OF SHIRTS | THINGS USED IN GOLF
TELL,TELL,3,2024-06-25,2025-02-15,3,3,0,"DIVULGE | DIVULGE, AS PRIVATE INFORMATION | INDICATION"
THING,THING,3,2024-09-27,2025-07-08,3,3,0,"LIAISON | SCI-FI MOVIES, WITH “THE” | WHAT A NOUN MIGHT BE"
THOU,THOU,3,2024-12-23,2026-03-07,3,3,0,"""WHEREFORE ART THOU ROMEO?"" | SHAKESPEAREAN WORDS | WAYS TO EXPRESS 1,000"
THRILL,THRILL,3,2024-08-03,2025-08-13,3,3,0,BIT OF EXCITEMENT | CAPTIVATE | FUN TIME
THUMB,THUMB,3,2024-10-23,2026-02-17,3,3,0,"GREEN ___ | RIFFLE (THROUGH) | SKIM THROUGH, AS PAGES"
TINKER,TINKER,3,2024-07-04,2026-05-16,3,3,0,MESS AROUND (WITH) | PLAY AROUND (WITH) | WORDS BEFORE “BELL”
TO,TO,3,2024-06-29,2025-01-09,3,3,0,HOMOPHONES | LAST WORDS IN “AMERICA THE BEAUTIFUL” | WORDS BEFORE AN ADDRESSEE
TOASTER,TOASTER,3,2025-11-24,2026-06-24,3,3,0,CLASSIC WEDDING GIFTS | SMALL KITCHEN APPLIANCES | THINGS THAT POP UP
TOKEN,TOKEN,3,2024-09-28,2026-06-23,3,3,0,"DEMONSTRATION, AS OF APPRECIATION | IN A MONOPOLY BOX | ITEMS IN A MONOPOLY BOX"
TOO,TOO,3,2024-06-29,2025-03-31,3,3,0,ALSO | EXCESSIVELY | HOMOPHONES
TORSO,TORSO,3,2025-04-17,2025-11-29,3,3,0,ABDOMINAL AREA | CENTRAL SECTION OF THE BODY | KINDS OF CARVINGS
TOUGH,TOUGH,3,2025-05-04,2025-12-05,3,3,0,QUALITIES OF OVERCOOKED MEAT | STRICT | TRICKY
TOW,TOW,3,2025-05-19,2026-03-24,3,3,0,HOMOPHONES OF PARTS OF THE FOOT | KINDS OF TRUCKS | POSSIBLE RESULTS OF A TRAFFIC VIOLATION
TOWN,TOWN,3,2024-10-29,2026-06-04,3,3,0,GHOST ___ | PLACES USED IN RETAIL SUFFIXES | ___ SQUARE
TRACK,TRACK,3,2025-01-18,2026-03-04,3,3,0,INFO ON A RECORD | KEEP TABS ON | PURSUE
TRAFFIC,TRAFFIC,3,2026-01-23,2026-03-16,3,3,0,"KINDS OF CONES | THINGS ASSOCIATED WITH BEING SLOW | WORDS BEFORE ""LIGHT"""
TRAVEL,TRAVEL,3,2024-08-01,2026-05-07,3,3,0,"BOOKSTORE SECTIONS | COMMIT A BASKETBALL INFRACTION | WORDS THAT PRECEDE ""-SIZE"" TO MEAN SMALL"
TURKEY,TURKEY,3,2024-09-15,2025-11-30,3,3,0,BOWLING RESULTS | DOOFUS | FLOP
TWILIGHT,TWILIGHT,3,2025-08-09,2026-03-14,3,3,0,"MOVIES FEATURING SUPERNATURAL ROMANCE | STARTING WITH PREFIXES MEANING ""TWO"" | ___ ZONE"
UNICORN,UNICORN,3,2024-12-27,2026-06-16,3,3,0,"ASSOCIATED WITH RAINBOWS | RARE THINGS, IDIOMATICALLY | THEY HAVE A HORN"
URGE,URGE,3,2025-01-18,2026-02-28,3,3,0,"CRAVING | DESIRE | GOAD, WITH ""ON"""
VACUUM,VACUUM,3,2025-04-25,2025-10-15,3,3,0,___ CLEANER | ___ SEAL | ___ TUBE
WALL,WALL,3,2024-06-29,2026-06-01,3,3,0,ROOM FEATURES | STREETS WITH SYMBOLIC IMPORTANCE | ___FLOWER
WALL STREET,WALL STREET,3,2025-05-16,2025-11-23,3,3,0,ASSOCIATED WITH BULLS | LANDMARKS IN DOWNTOWN NYC | OLIVER STONE MOVIES
WALLET,WALLET,3,2024-08-19,2025-05-12,3,3,0,PLACES TO FIND PAPER MONEY | STARTING WITH PIXAR MOVIES | THINGS TRADITIONALLY MADE OF LEATHER
WASH,WASH,3,2025-12-20,2026-04-28,3,3,0,LAUNDRY DAY VERBS | LAUNDRY SERVICES | U.S. STATE ABBREVIATIONS
WASHINGTON,WASHINGTON,3,2024-07-01,2025-08-22,3,3,0,OSCAR-WINNING ACTORS | SEEN ON A U.S. DOLLAR BILL | U.S. PRESIDENTS
WEB,WEB,3,2025-08-28,2026-04-20,3,3,0,ASSOCIATED WITH BLACK WIDOW SPIDERS | PLACES TO GET TRAPPED | SOFTWARE PLATFORMS
WEDDING,WEDDING,3,2024-11-27,2026-06-01,3,3,0,SETTINGS FOR A KISS | ___ BAND | ___ RING
WEIGHT,WEIGHT,3,2024-09-27,2025-08-11,3,3,0,INFLUENCE | SIGNIFICANCE | SPECS ON CONSUMER PACKAGING
WELL,WELL,3,2025-04-10,2025-07-19,3,3,0,SOURCES OF DRINKING WATER | SUPPLY | “WILL” CONTRACTIONS WITHOUT THE APOSTROPHE
WHISTLE,WHISTLE,3,2024-11-15,2025-06-04,3,3,0,"INSTRUMENTS YOU BLOW INTO | SIGNAL DOWN, AS A TAXI | SUPPORT AUDIBLY"
WHITE,WHITE,3,2025-01-29,2026-03-07,3,3,0,"WORDS BEFORE ""CASTLE"" | ___ HOUSE | ___ RABBIT"
WILLY,WILLY,3,2024-07-28,2026-01-03,3,3,0,"NERVOUSNESS, IN THE SINGULAR | WET ___ | “FREE ___”"
WIRE,WIRE,3,2025-06-22,2026-03-25,3,3,0,NEWS ANNOUNCEMENT | PAYMENT METHODS | THINGS THAT COME ON SPOOLS
WISE,WISE,3,2024-10-27,2026-04-19,3,3,0,CHEEKY | IN THE KNOW | SASSY
WITCHCRAFT,WITCHCRAFT,3,2025-04-25,2026-05-30,3,3,0,GREAT AMERICAN SONGBOOK SONGS | SONG OF THE YEAR NOMINEES AT THE FIRST GRAMMY AWARDS | THINGS YOU CAN PRACTICE
X,X,3,2025-04-01,2026-06-22,3,3,2,AND/TOGETHER WITH | LOWERCASE LETTERS | MULTIPLICATION INDICATORS
X-RAY,X-RAY,3,2024-08-07,2025-11-24,3,3,0,ELECTROMAGNETIC SPECTRUM | INVOLVED IN A DENTIST VISIT | SEEN WHILE GOING THROUGH AIRPORT SECURITY
YAHOO,YAHOO,3,2024-10-07,2025-07-11,3,3,0,"KNUCKLEHEAD | NAMES FEATURING ""!"" | SILLY PERSON"
YEAR,YEAR,3,2024-11-07,2025-12-12,3,3,0,"INFO ON A MUSEUM PLACARD | THINGS THAT ARE DIVIDED INTO TWELVE SEGMENTS | WHAT ""Y"" MIGHT MEAN"
YELLOW,YELLOW,3,2024-12-05,2026-05-21,3,3,0,"WHAT ""Y"" MIGHT MEAN | ___ MUSTARD | ___STONE"
YEW,YEW,3,2024-12-23,2026-03-11,3,3,0,HOMOPHONES | PRONOUN HOMOPHONES | TREES
ZEBRA,ZEBRA,3,2025-08-20,2025-12-09,3,3,0,BLACK-AND-WHITE THINGS | STRIPED ANIMALS | STRIPY THINGS
ZEST,ZEST,3,2025-02-03,2025-09-05,3,3,0,BIT OF CITRUS GARNISH | ENTHUSIASM | PIQUANCY
ZING,ZING,3,2025-02-03,2025-09-05,3,3,0,COMMENT AFTER AN INSULT | INSULT | PIQUANCY
ZIPPER,ZIPPER,3,2024-12-12,2026-05-06,3,3,2,OBJECTS WITH TEETH | STARTING WITH SLANG FOR ZERO | WAYS TO FASTEN THINGS
APPEAL,APPEAL,3,2025-09-12,2026-04-28,2,3,0,ENTREATY | PETITION (FOR)
BOA,BOA,3,2024-08-23,2026-05-09,2,3,0,BURLESQUE WEAR | THINGS WORN AROUND THE NECK
BREAST,BREAST,3,2024-07-24,2025-08-15,2,3,0,POULTRY CUTS | STARTS OF SWIMMING STROKES
BURST,BURST,3,2024-07-20,2025-09-06,2,3,0,RUPTURED | WHAT “POP” MIGHT MEAN
CHAR,CHAR,3,2024-09-01,2025-12-24,2,3,0,COOK IN A PAN | FISH
COAST,COAST,3,2025-05-05,2025-10-18,2,3,0,BEACHY AREA | GLIDE
COCONUT,COCONUT,3,2024-08-19,2026-06-08,2,3,0,SLANG FOR HEAD | STARTING WITH PIXAR MOVIES
CRAFT,CRAFT,3,2024-08-11,2025-12-27,2,3,0,LARGE BOAT | VOCATION
CROSSWORD,CROSSWORD,3,2025-03-25,2025-09-22,2,3,0,BLACK-AND-WHITE THINGS | ENDING WITH MEDIEVAL WEAPONS
DERBY,DERBY,3,2024-11-16,2026-02-11,2,3,0,KINDS OF HATS | ROLLER ___
DOME,DOME,3,2024-07-29,2026-06-08,2,3,0,SLANG FOR HEAD | STADIUMS
DOUBLE,DOUBLE,3,2025-02-17,2026-01-07,2,3,0,BOWLING RESULTS | DOPPELGÄNGER
DROVE,DROVE,3,2024-06-19,2026-05-07,2,3,0,GREAT MANY | MULTITUDE
FINGERPRINT,FINGERPRINT,3,2024-11-19,2025-11-06,2,3,0,CLUES AT A CRIME SCENE | WAYS TO UNLOCK A DEVICE
GOBBLE,GOBBLE,3,2024-10-12,2025-02-24,2,3,0,BIRD ONOMATOPOEIA | EAT VORACIOUSLY
GOLF,GOLF,3,2025-08-03,2025-11-12,2,3,0,IN THE NATO PHONETIC ALPHABET | SPORTS
HISTORICAL,HISTORICAL,3,2025-06-23,2026-04-23,2,3,0,FICTION CATEGORIES | KINDS OF FICTION
LATE,LATE,3,2025-02-26,2026-02-21,2,3,0,ATTENDANCE STATUS | ONETIME
LONG,LONG,3,2024-07-05,2026-04-03,2,3,0,HANKER (FOR) | YEARN
METHOD,METHOD,3,2025-11-15,2026-06-10,2,3,0,KINDS OF ACTORS | TECHNIQUE
MULE,MULE,3,2024-09-17,2026-02-01,2,3,0,KINDS OF SHOES | SHOES
PERSON,PERSON,3,2024-09-20,2025-02-09,2,3,0,SOMEBODY | WHAT A NOUN MIGHT BE
PRIDE,PRIDE,3,2024-07-17,2026-03-16,2,3,0,ANIMAL GROUP NAMES | ASSOCIATED WITH RAINBOWS
PRIZE,PRIZE,3,2025-05-01,2025-10-23,2,3,0,HOLD DEAR | WINNINGS
PULP,PULP,3,2025-08-10,2026-04-23,2,3,0,KINDS OF FICTION | PARTS OF A TOOTH
RATE,RATE,3,2025-02-26,2025-11-14,2,3,0,EVALUATE | EXPENDITURE
RECESS,RECESS,3,2025-01-25,2026-06-17,2,3,0,ALCOVE | SCHOOL PERIODS
RINGS,RINGS,3,2024-08-31,2026-03-02,2,3,0,GYMNASTICS APPARATUS | TREE FEATURES
SCOPE,SCOPE,3,2024-08-15,2025-11-11,2,3,0,BREADTH | OBJECTS WITH THE PREFIX “MICRO-”
SHEPHERD,SHEPHERD,3,2024-11-10,2025-11-19,2,3,0,GUIDE | STEER
SKATE,SKATE,3,2024-06-15,2025-10-18,2,3,0,FISH | GLIDE
SLAM,SLAM,3,2024-09-05,2026-01-16,2,3,0,CRITICIZE | GRAND ___
SLIGHT,SLIGHT,3,2024-07-19,2025-07-13,2,3,0,INSULT | PUTDOWN
SQUAT,SQUAT,3,2025-06-21,2026-05-28,2,3,0,GET LOW | STOCKY
STANDING,STANDING,3,2024-08-25,2026-03-02,2,3,0,REPUTATION | STATUS
STARE,STARE,3,2025-01-24,2026-04-18,2,3,0,LOOK AT WITH AWE | RUDE THINGS TO DO
STUFF,STUFF,3,2024-08-07,2025-10-11,2,3,0,CRAM | EQUIPMENT
SUGGESTION,SUGGESTION,3,2024-07-08,2026-05-05,2,3,0,BIT OF ADVICE | GLIMMER
SWIPE,SWIPE,3,2024-11-30,2025-09-21,2,3,0,STEAL | TOUCHSCREEN GESTURES
TANGLE,TANGLE,3,2024-07-09,2025-08-28,2,3,0,MESS OF HAIR | PLACES TO GET TRAPPED
TAXI,TAXI,3,2024-12-10,2026-04-24,2,3,0,"PARTS OF A FLIGHT | WHAT ""CAB"" MIGHT REFER TO"
THICK,THICK,3,2025-06-21,2025-11-19,2,3,0,PACKED | STOCKY
TITANIC,TITANIC,3,2024-07-13,2025-12-15,2,3,0,COLOSSAL | ENORMOUS
TOUCHDOWN,TOUCHDOWN,3,2024-12-10,2025-12-30,2,3,0,PARTS OF A FLIGHT | WORDS ABBREVIATED WITH “T” + LETTER
WASHER,WASHER,3,2024-06-20,2026-03-05,2,3,0,BITS OF HARDWARE | THINGS WITH HOLES IN THE MIDDLE
DUMMY,DUMMY,3,2025-12-10,2026-03-30,1,3,0,IMITATION
PIKE,PIKE,3,2024-06-15,2025-10-16,1,3,0,FISH
A,A,2,2025-10-20,2026-02-12,2,2,0,"MLB PLAYER, FOR SHORT | ___CORN"
ABRACADABRA,ABRACADABRA,2,2024-10-28,2025-03-09,2,2,0,#1 SONGS FROM 1982 | MAGIC WORDS
ACCORD,ACCORD,2,2025-10-25,2025-12-17,2,2,0,CONFER | HONDA MODELS
ACCOUNT,ACCOUNT,2,2024-11-23,2026-01-14,2,2,0,RECEIVER OF GOODS OR SERVICES | TELLING OF EVENTS
ACE,ACE,2,2024-11-30,2025-05-25,2,2,0,PERFORM WELL ON | PLAYING CARDS
ACTION,ACTION,2,2025-01-19,2025-06-15,2,2,0,CONSIDERATIONS FOR MOVIE RATINGS | COURT FILING
ADVANTAGE,ADVANTAGE,2,2024-09-12,2026-05-21,2,2,0,BEHALF | TENNIS SCORING TERMS
AEGIS,AEGIS,2,2024-12-28,2025-09-28,2,2,0,BACKING | OBJECTS FROM GREEK MYTH
AFFAIR,AFFAIR,2,2024-09-06,2025-07-08,2,2,0,INCIDENT | LIAISON
AGENT,AGENT,2,2024-11-19,2025-01-16,2,2,0,DOUBLE ___ | SPY
ALIEN,ALIEN,2,2025-01-29,2025-02-09,2,2,0,MOVIE SERIES WITH 2024 RELEASES | SCI-FI FRANCHISES
ALTERNATE,ALTERNATE,2,2024-07-07,2026-03-05,2,2,0,GO BACK AND FORTH | REPLACEMENT
AMERICAN FLAG,AMERICAN FLAG,2,2025-04-11,2026-02-05,2,2,0,CULTURAL SYMBOLS OF THE U.S. | PLACES TO FIND STARS
AMOUNT,AMOUNT,2,2024-09-06,2025-11-06,2,2,0,COST | QUANTITY
AMP,AMP,2,2024-09-17,2025-10-06,2,2,0,"GET EXCITED, WITH ""UP"" | PARTS OF A RECORD PLAYER SETUP"
ANSWER,ANSWER,2,2024-10-17,2025-02-21,2,2,0,DEAL WITH | WAY OF SOLVING A PROBLEM
ANVIL,ANVIL,2,2024-09-01,2024-10-13,2,2,0,PARTS OF THE EAR | ROAD RUNNER CARTOON STAPLES
ANY,ANY,2,2025-11-20,2026-03-16,2,2,0,WORDS THAT SOUND LIKE STATE ABBREVIATIONS | WORDS THAT SOUND LIKE TWO LETTERS
APP,APP,2,2024-10-12,2026-01-10,2,2,0,SOFTWARE PLATFORMS | STARTS OF CELL PHONE MAKERS
APPROACH,APPROACH,2,2025-11-16,2026-02-09,2,2,0,METHOD | TECHNIQUE
ARCH,ARCH,2,2025-01-03,2026-04-19,2,2,0,CHEEKY | PARTS OF A FOOT
ARCHER,ARCHER,2,2025-09-08,2026-04-09,2,2,0,FICTIONAL SPIES | ZODIAC SYMBOLS
ARENA,ARENA,2,2024-07-29,2025-10-08,2,2,0,ROCK MUSIC SUBGENRES | STADIUMS
ARM,ARM,2,2024-10-10,2025-09-27,2,2,0,APPENDAGES | BODY PARTS
ARS,ARS,2,2025-01-06,2025-09-22,2,2,0,SYNONYMS FOR REAR END MINUS LAST LETTER | WORDS THAT SOUND LIKE PLURAL LETTERS
ART,ART,2,2025-03-13,2026-03-07,2,2,0,"""WHEREFORE ART THOU ROMEO?"" | SHAKESPEAREAN WORDS"
ARTS,ARTS,2,2024-08-31,2025-10-04,2,2,0,ANAGRAMS | NEWSPAPER SECTIONS
ASSOCIATE,ASSOCIATE,2,2024-12-07,2026-04-08,2,2,0,COHORT MEMBER | THINK OF TOGETHER
ATE,ATE,2,2025-03-31,2026-01-25,2,2,0,CONSUMED | SUFFIXES
ATLAS,ATLAS,2,2024-12-04,2026-02-15,2,2,0,FIGURES IN GREEK MYTH | REFERENCE BOOKS
ATM,ATM,2,2025-05-12,2026-05-25,2,2,0,PLACES TO FIND PAPER MONEY | TEXTING ABBREVIATIONS
ATOM,ATOM,2,2024-07-06,2025-02-27,2,2,0,BIOLOGICAL BUILDING BLOCKS | LEVELS OF BIOLOGICAL ORGANIZATION
AURA,AURA,2,2024-06-19,2025-01-30,2,2,0,INTANGIBLE QUALITY | THINGS READ IN DIVINATION
AURORA,AURORA,2,2025-01-01,2025-09-07,2,2,0,DISNEY PRINCESSES | THINGS THAT LUMINESCE
AUTHOR,AUTHOR,2,2025-05-08,2026-01-18,2,2,0,COMMIT TO PAPER | FOUND ON A BOOK JACKET
AVATAR,AVATAR,2,2024-07-13,2025-02-09,2,2,0,EMBODIMENT | SCI-FI FRANCHISES
AVERAGE,AVERAGE,2,2024-08-16,2025-12-06,2,2,0,MEH | NORM
AWARD,AWARD,2,2025-10-25,2026-01-24,2,2,0,CHAMPIONSHIP | CONFER
AYE,AYE,2,2024-06-19,2026-05-27,2,2,0,HOMOPHONES OF WAYS OF LOOKING | POSITIONS IN FAVOR
BACKBONE,BACKBONE,2,2024-08-08,2025-10-29,2,2,0,FORTITUDE | MAINSTAY
BAG,BAG,2,2024-09-05,2026-02-11,2,2,0,OBTAIN | ROLLER ___
BAGEL,BAGEL,2,2024-08-26,2025-11-07,2,2,0,THINGS WITH HOLES IN THE MIDDLE | TORUS-SHAPED THINGS
BAGGAGE CLAIM,BAGGAGE CLAIM,2,2026-03-27,2026-05-22,2,2,0,FEATURES OF AN AIRPORT TERMINAL | PLACES WITH CONVEYOR BELTS
BALE,BALE,2,2025-03-25,2025-05-20,2,2,0,ANAGRAMS | SEEN IN A BARN
BALLET,BALLET,2,2025-03-16,2026-05-02,2,2,0,ENDING WITH SILENT “T” | STAGED PERFORMANCES
BALM,BALM,2,2024-06-17,2026-04-09,2,2,0,KINDS OF LIP MAKEUP | OINTMENT
BANANA PEEL,BANANA PEEL,2,2025-04-22,2026-06-14,2,2,0,CLASSIC SLAPSTICK PROPS | THINGS THAT ARE SLIPPERY
BANGER,BANGER,2,2025-01-17,2026-02-01,2,2,0,ANTHEM | FRANKFURTER
BANGLE,BANGLE,2,2025-08-13,2025-12-03,2,2,0,KINDS OF JEWELRY | MEMBER OF A GIRL GROUP
BANJO,BANJO,2,2025-04-18,2026-05-27,2,2,0,"ENDING IN THE ""LITTLE WOMEN"" MARCH SISTERS | THINGS YOU CAN PICK"
BARB,BARB,2,2025-01-21,2025-03-15,2,2,0,PUTDOWN | SHARP PROTRUSION
BARBER POLE,BARBER POLE,2,2025-08-20,2026-06-27,2,2,0,COMMONLY STRIPED THINGS | THINGS THAT ROTATE ABOUT A VERTICAL AXIS
BARE,BARE,2,2024-06-24,2025-04-28,2,2,0,ANIMAL HOMOPHONES | AUSTERE
BARRE,BARRE,2,2026-03-12,2026-06-18,2,2,0,APPARATUS-BASED EXERCISE CLASSES | FITNESS CLASS TYPES
BASEBALL,BASEBALL,2,2024-08-27,2026-02-05,2,2,0,CULTURAL SYMBOLS OF THE U.S. | KINDS OF CARDS
BASIS,BASIS,2,2025-05-15,2026-05-13,2,2,0,PRETEXT | RATIONALE
BASKETBALL,BASKETBALL,2,2024-08-21,2026-06-16,2,2,0,"THINGS THAT ARE INFLATED | WHAT ""HOOPS"" MIGHT REFER TO"
BASS,BASS,2,2024-07-10,2025-08-31,2,2,0,FISH | HETERONYMS
BATH,BATH,2,2024-11-09,2026-01-16,2,2,0,COMPONENTS OF A KID’S BEDTIME ROUTINE | WORDS BEFORE “ROOM” TO MEAN LAVATORY
BATTER,BATTER,2,2025-01-22,2025-04-29,2,2,0,COOKING CONCOCTIONS | ___ UP
BEAKER,BEAKER,2,2025-05-17,2026-03-09,2,2,0,GRADUATED INSTRUMENTS | MUPPETS
BEAUTY,BEAUTY,2,2025-10-26,2026-03-29,2,2,0,KINDS OF CONTESTS | ___ MARK
BEE,BEE,2,2025-07-25,2025-10-26,2,2,0,QUEEN ___ | WORDS IN A FAMOUS MUHAMMAD ALI QUOTE
BEER,BEER,2,2025-01-30,2025-11-13,2,2,0,FOAMY THINGS | GAME DAY FARE
BELLY,BELLY,2,2025-01-03,2026-05-13,2,2,0,JELLY ___ | POT___
BENEFIT,BENEFIT,2,2024-09-12,2025-05-19,2,2,0,BEHALF | FUNDRAISING EVENT
BESIDES,BESIDES,2,2025-03-31,2025-05-07,2,2,0,ALSO | NOT INCLUDING
BET,BET,2,2024-10-02,2025-07-16,2,2,0,PUT ON THE LINE | STARTS OF GREEK LETTERS
BETTER,BETTER,2,2025-01-23,2025-09-14,2,2,0,OUTDO | SURPASS
BIKE,BIKE,2,2025-03-29,2026-03-04,2,2,0,CLASSIC KID GIFTS | KINDS OF SHORTS
BIKINI,BIKINI,2,2024-09-26,2024-10-05,2,2,0,KINDS OF UNDERWEAR | STRING ___
BILLBOARD,BILLBOARD,2,2024-10-09,2025-04-05,2,2,0,MAGAZINES | MUSIC PUBLICATIONS
BIRDIE,BIRDIE,2,2025-03-30,2025-10-23,2,2,0,PIECES OF OLYMPIC SPORTS EQUIPMENT | PROPER NOUNS IN BROADWAY MUSICAL TITLES THAT ARE SPOKEN PHRASES
BLANK,BLANK,2,2025-06-16,2026-03-18,2,2,0,EXPRESSIONLESS | ___ CHECK
BLEND,BLEND,2,2024-09-28,2025-07-05,2,2,0,"COMBINE, AS BAKING INGREDIENTS | COMPOSITE"
BLINK,BLINK,2,2024-10-31,2026-05-05,2,2,0,INVOLUNTARY ACTIONS | THINGS YOU CAN DO WITH YOUR EYELIDS
BLONDE,BLONDE,2,2024-08-10,2025-09-26,2,2,0,BIOPICS | DIRTY ___
BLOSSOM,BLOSSOM,2,2024-09-09,2024-10-09,2,2,0,BURGEON | SITCOMS
BLOWOUT,BLOWOUT,2,2024-09-05,2025-05-23,2,2,0,HAIR SALON OFFERINGS | QUITE THE PARTY
BLUBBER,BLUBBER,2,2025-05-19,2026-05-19,2,2,0,FEATURES OF A TOOTHED WHALE | JUDY BLUME BOOKS
BLUE MOON,BLUE MOON,2,2026-04-01,2026-06-16,2,2,1,"BEER BRANDS | RARE THINGS, IDIOMATICALLY"
BOIL,BOIL,2,2024-09-30,2026-05-17,2,2,0,COOK WITH HEAT AND WATER | TEA-MAKING VERBS
BOLSTER,BOLSTER,2,2025-02-11,2026-06-20,2,2,0,ENDORSE | YOGA ACCESSORIES
BOMBAY,BOMBAY,2,2026-02-17,2026-04-11,2,2,0,"ENDING IN BODIES OF WATER | STARTING WITH SYNONYMS FOR ""DUD"""
BONES,BONES,2,2024-12-22,2026-02-24,2,2,0,CALCIUM-BASED STRUCTURES | POLICE PROCEDURALS
BOOKEND,BOOKEND,2,2024-10-03,2025-03-28,2,2,0,BE ON BOTH SIDES OF | ITEM SOLD IN PAIRS
BOOKMARK,BOOKMARK,2,2024-09-12,2026-04-14,2,2,0,MARK ONLINE FOR LATER | THINGS STORED BY A BROWSER
BOOMER,BOOMER,2,2024-08-28,2026-06-22,2,2,0,BABY ___ | STARTING WITH EXPLOSIVE ONOMATOPOEIA
BOTTOM,BOTTOM,2,2025-07-09,2025-12-20,2,2,0,LOWEST PART | ROCK ___
BOUNCY,BOUNCY,2,2025-09-23,2026-03-07,2,2,0,"CHEERFUL | WORDS BEFORE ""CASTLE"""
BOUT,BOUT,2,2024-07-18,2026-02-04,2,2,0,"BOXING UNIT | MORE OR LESS, COLLOQUIALLY"
BOWLING,BOWLING,2,2025-03-10,2025-06-12,2,2,0,ASSOCIATED WITH “THE DUDE” LEBOWSKI | ENGAGING IN AN ACTIVITY WITH PINS OR NEEDLES
BOWLING BALL,BOWLING BALL,2,2025-08-12,2026-05-06,2,2,1,SEEN IN A BOWLING ALLEY | THINGS WITH HOLES
BOWLING PINS,BOWLING PINS,2,2025-08-12,2026-05-06,2,2,1,GROUPS OF TEN | SEEN IN A BOWLING ALLEY
BOWTIE,BOWTIE,2,2026-01-13,2026-01-25,2,2,0,ACCESSORIES FOR MR. MONOPOLY | PASTA SHAPES
BOY,BOY,2,2024-11-27,2025-04-18,2,2,0,INTERJECTIONS | ___ BAND
BRASS,BRASS,2,2024-10-11,2025-10-26,2,2,0,BRASHNESS | KINDS OF INSTRUMENTS
BRAZIL,BRAZIL,2,2024-07-14,2025-03-29,2,2,0,MOVIES FROM 1985 | WORDS BEFORE “NUT”
BREAD,BREAD,2,2025-10-16,2025-12-24,2,2,0,BANANA ___ | SLANG FOR MONEY
BREADCRUMB,BREADCRUMB,2,2026-05-14,2026-06-05,2,2,0,ASSOCIATED WITH HANSEL AND GRETEL | BAD THINGS TO DO IN MODERN DATING
BROAD,BROAD,2,2025-01-06,2025-12-02,2,2,0,APPROXIMATE | CATCHALL
BRONZER,BRONZER,2,2026-01-29,2026-06-26,2,2,0,COLORS PLUS A LETTER | MAKEUP
BROOD,BROOD,2,2025-01-24,2025-12-16,2,2,0,CONTEMPLATE | DESCENDANTS
BUBBLEGUM,BUBBLEGUM,2,2024-07-05,2025-04-25,2,2,0,GUM FLAVORS | WORDS THAT PRECEDE “POP” IN MUSIC GENRES
BUBBLES,BUBBLES,2,2024-10-07,2024-10-09,2,2,0,EFFERVESCENCE | FAMOUS PRIMATES
BUD,BUD,2,2024-08-15,2025-02-11,2,2,0,"BEERS, FAMILIARLY | BUSTER"
BUGBEAR,BUGBEAR,2,2025-07-23,2025-10-20,2,2,0,AFFLICTION | DREAD-INDUCING FIGURES
BUGGY,BUGGY,2,2024-11-27,2025-09-23,2,2,0,"""RUBBER BABY BUGGY BUMPER"" | NOT WORKING RELIABLY"
BULB,BULB,2,2025-12-12,2026-04-17,2,2,0,VEGETABLE PARTS | VEGETABLE UNITS
BULLETIN,BULLETIN,2,2025-04-03,2025-06-22,2,2,0,NEWS ANNOUNCEMENT | PRINTED NOTIFICATION
BUN,BUN,2,2024-08-19,2024-10-14,2,2,0,BRATWURST GO-WITHS | WAYS TO WEAR YOUR HAIR UP
BUNCH,BUNCH,2,2025-02-08,2025-10-07,2,2,0,"SCRUNCH, AS FABRIC | TEAM"
BUNDLE,BUNDLE,2,2024-09-11,2026-01-19,2,2,0,LARGE AMOUNT OF MONEY | 🤑
BUNNY,BUNNY,2,2025-04-20,2025-12-11,2,2,0,DUST ___ | WORDS BEFORE “HOP”
BUSTLE,BUSTLE,2,2025-08-14,2026-02-17,2,2,0,"COMPONENTS OF A BRIDE’S ENSEMBLE | STARTING WITH SYNONYMS FOR ""DUD"""
BUT,BUT,2,2025-01-06,2025-05-07,2,2,0,NOT INCLUDING | SYNONYMS FOR REAR END MINUS LAST LETTER
BUTCHER,BUTCHER,2,2024-08-12,2025-11-05,2,2,0,KINDS OF KNIVES | MAKE A HASH OF
BUTLER,BUTLER,2,2025-05-24,2025-10-30,2,2,0,BLACK WOMEN AUTHORS | PEOPLE WHOSE FIRST NAMES ARE U.S. CITIES
BUTT,BUTT,2,2024-10-20,2026-02-05,2,2,0,COLLIDE WITH | HOMOPHONES OF COORDINATING CONJUNCTIONS
BYE,BYE,2,2024-10-16,2024-12-24,2,2,0,"PARTS OF A TOURNAMENT SETUP | WHEN TRIPLED, HIT SONG TITLES"
CABOOSE,CABOOSE,2,2025-08-14,2026-05-21,2,2,0,DERRIERE | THINGS ASSOCIATED WITH BUTTS
CAGE,CAGE,2,2025-08-30,2025-10-18,2,2,0,CONTEMPORARY COMPOSERS | PROLIFIC ACTORS
CALF,CALF,2,2024-07-24,2025-12-14,2,2,0,"BABY ANIMALS | SILENT ""L"""
CALIFORNIA,CALIFORNIA,2,2024-09-14,2024-10-13,2,2,0,___ KING | ___ ROLL
CALLIOPE,CALLIOPE,2,2026-02-15,2026-06-17,2,2,0,FIGURES IN GREEK MYTH | STARTING WITH WAYS TO REACH SOMEONE VIA PHONE
CALM,CALM,2,2025-01-05,2025-05-06,2,2,0,HARDLY BUSTLING | SILENCE
CAME,CAME,2,2025-04-12,2025-11-10,2,2,0,STARTS OF AFRICAN COUNTRIES | WORDS IN A FAMOUS QUOTE BY CAESAR
CAMO,CAMO,2,2025-07-10,2025-07-22,2,2,0,MILITARY CLOTHING DESCRIPTORS | PATTERNS
CAMPAIGN,CAMPAIGN,2,2024-07-21,2025-12-03,2,2,0,PETITION (FOR) | WAYS TO SUPPORT A CANDIDATE
CANDLESTICK,CANDLESTICK,2,2025-04-29,2025-11-05,2,2,0,SEEN ON A TABLE AT A DINNER PARTY | WEAPONS IN THE GAME CLUE
CANOPY,CANOPY,2,2024-12-21,2025-05-20,2,2,0,KINDS OF BEDS | WORDS BEFORE “BED”
CANYON,CANYON,2,2025-10-01,2026-01-16,2,2,0,ECHOEY PLACES | GRAND ___
CAPER,CAPER,2,2024-11-08,2025-04-13,2,2,0,ESCAPADE | ___BERRY
CAPITOL,CAPITOL,2,2024-12-18,2025-05-22,2,2,0,FEATURES OF THE NATIONAL MALL IN D.C. | ___ DOME
CAPTURE,CAPTURE,2,2026-01-17,2026-03-21,2,2,0,CHECKERS TERMS | FIRST WORDS OF KIDS' GAMES
CARDS,CARDS,2,2025-08-31,2026-05-06,2,2,1,COMMON COMPONENTS OF BOARD GAMES | FOUND IN A CASINO
CARET,CARET,2,2024-09-04,2026-05-30,2,2,0,SYMBOLS ON A KEYBOARD | TYPOGRAPHICAL SYMBOLS
CAROUSEL,CAROUSEL,2,2025-05-27,2025-08-20,2,2,0,AIRPORT FEATURES | THINGS THAT ROTATE ABOUT A VERTICAL AXIS
CASINO,CASINO,2,2024-06-18,2024-10-02,2,2,0,FIRST WORD IN BOND MOVIE TITLES | ROBERT DE NIRO FILMS
CASK,CASK,2,2024-11-10,2025-11-19,2,2,0,"BARREL-SHAPED CONTAINER | SECOND WORDS IN POE STORIES, AFTER ""THE"""
CATWALK,CATWALK,2,2026-06-10,2026-06-27,2,2,0,COMPONENTS OF A FASHION SHOW | PARTS OF A THEATER
CAVE,CAVE,2,2025-02-24,2026-01-21,2,2,0,"BATMAN'S ""BAT"" THINGS | BEND UNDER PRESSURE"
CAVEAT,CAVEAT,2,2024-07-02,2026-04-26,2,2,0,LATIN WORDS | STIPULATION
CERTAIN,CERTAIN,2,2025-01-07,2026-05-10,2,2,0,A HANDFUL OF | DESTINED
CERTIFICATE,CERTIFICATE,2,2025-02-12,2025-05-31,2,2,0,DOCUMENTS OF OWNERSHIP | WAYS TO RECOGNIZE ACHIEVEMENT
CHAPSTICK,CHAPSTICK,2,2024-10-05,2025-03-14,2,2,0,BRANDS THAT HAVE BECOME GENERIC TERMS | CHECKOUT LINE IMPULSE BUYS
CHARCOAL,CHARCOAL,2,2024-06-30,2024-09-01,2,2,0,GRILL FUEL SOURCES | SHADES OF BLACK
CHART,CHART,2,2025-03-21,2025-06-10,2,2,0,BAR ___ | THINGS YOU CAN INSERT IN A DOCUMENT
CHEAT,CHEAT,2,2024-11-28,2025-01-20,2,2,0,FRAUDSTER | ___ SHEET
CHEER,CHEER,2,2024-07-09,2025-06-04,2,2,0,SUPPORT AUDIBLY | TV SHOWS MINUS “S”
CHEESESTEAK,CHEESESTEAK,2,2024-09-25,2025-12-31,2,2,0,ASSOCIATED WITH PHILADELPHIA | FOOD NAMED AFTER CITIES
CHEF,CHEF,2,2024-08-31,2025-04-27,2,2,0,KINDS OF SALAD | SWEDISH ___
CHEMISTRY,CHEMISTRY,2,2024-07-04,2025-09-15,2,2,0,ROMANTIC RAPPORT | ROMANTIC VIBE
CHERISH,CHERISH,2,2024-10-28,2025-10-05,2,2,0,CHURCH OF ENGLAND WEDDING VOW VERBS | MADONNA SONGS
CHEST,CHEST,2,2024-11-04,2025-01-31,2,2,0,FURNITURE | STORAGE CONTAINERS
CHESTNUT,CHESTNUT,2,2024-06-30,2025-10-28,2,2,0,BANALITY | OLD SAYING
CHICAGO,CHICAGO,2,2025-05-28,2025-12-26,2,2,0,'70S ROCK BANDS | BEST PICTURE WINNERS SINCE 2000
CHICK FLICK,CHICK FLICK,2,2026-03-31,2026-06-24,2,2,0,RHYMING COMPOUND WORDS | STARTING WITH BABY ANIMALS
CHICKEN LITTLE,CHICKEN LITTLE,2,2025-10-17,2026-03-19,2,2,0,FOLK TALE CHARACTERS | FOLKTALE CHARACTERS
CHIPS,CHIPS,2,2026-05-06,2026-06-02,2,2,1,BRITISH POTATO DISHES | FOUND IN A CASINO
CHOCOLATE,CHOCOLATE,2,2024-07-12,2025-08-11,2,2,0,ASSOCIATED WITH “DOVE” | DARK ___
CHOP,CHOP,2,2025-05-08,2025-08-31,2,2,0,___STICK | ___STICKS
CHOPSTICKS,CHOPSTICKS,2,2025-08-20,2026-06-19,2,2,0,PAIRS OF RODS | THINGS A BEGINNER MIGHT LEARN ON THE PIANO
CHORAL,CHORAL,2,2025-05-07,2025-09-06,2,2,0,"""BEST ___ PERFORMANCE"" GRAMMY AWARD | HOMOPHONES OF GEMSTONES"
CHORUS,CHORUS,2,2025-04-15,2025-06-04,2,2,0,ELEMENTS OF GREEK DRAMA | PARTS OF A SONG
CHOW,CHOW,2,2025-04-19,2026-02-06,2,2,0,"DOG BREEDS, INFORMALLY | HOMOPHONES OF GREETINGS"
CHRISTMAS,CHRISTMAS,2,2025-09-02,2026-06-13,2,2,0,"IN ""A VISIT FROM ST. NICHOLAS"" | WORDS BEFORE ""STORY"" IN MOVIE TITLES"
CHROME,CHROME,2,2024-12-18,2025-01-17,2,2,0,WEB BROWSERS | ___ DOME
CIDER,CIDER,2,2025-06-21,2026-01-07,2,2,0,APPLE PRODUCTS | PRESSED USING A PRESS
CITY,CITY,2,2025-03-28,2025-04-11,2,2,0,PLACES USED IN RETAIL SUFFIXES | ___ HALL
CLAIM,CLAIM,2,2025-01-19,2026-04-06,2,2,0,COURT FILING | INTEREST
CLASH,CLASH,2,2025-12-20,2026-04-07,2,2,0,"BRITISH BANDS FORMED IN THE 1970S, WITH ""THE"" | COMPETITION"
CLICK,CLICK,2,2025-05-12,2025-08-07,2,2,0,MOUSE ACTIONS | THINGS TRACKED BY WEB ANALYTICS
CLOG,CLOG,2,2025-01-01,2026-02-01,2,2,0,DUTCH SYMBOLS | KINDS OF SHOES
CLOVE,CLOVE,2,2024-11-12,2024-12-15,2,2,0,SPICES | VEGETABLE UNITS
CLOWNFISH,CLOWNFISH,2,2025-11-21,2025-12-09,2,2,0,PIXAR PROTAGONISTS | STRIPED ANIMALS
COAL,COAL,2,2025-04-10,2025-08-05,2,2,0,ANTI-SPIRIT OF CHRISTMAS | USED TO DECORATE A SNOWMAN
COBRA,COBRA,2,2025-07-18,2025-09-10,2,2,0,KING ___ | YOGA BACKBENDS
CODE,CODE,2,2025-04-20,2025-07-08,2,2,0,SOMETHING ENTERED FOR ACCESS | THINGS YOU CAN CRACK
COFFEE,COFFEE,2,2024-07-19,2025-06-18,2,2,0,CONTENTS OF A POD | ___ TABLE
COLISEUM,COLISEUM,2,2024-07-29,2025-08-23,2,2,0,ARENA | STADIUMS
COLLECTION,COLLECTION,2,2025-03-16,2026-06-27,2,2,0,BUNCH | COMPONENTS OF A FASHION SHOW
COLLINS,COLLINS,2,2025-06-23,2026-04-03,2,2,0,COCKTAIL GLASSES | ___ GLASS GLASSWARE
COMING,COMING,2,2025-07-31,2025-12-22,2,2,0,SECOND ___ | SUBSEQUENT
COMMAND,COMMAND,2,2024-12-20,2025-02-15,2,2,0,TYPES OF SENTENCES | WORDS ON A MAC KEYBOARD
COMMANDO,COMMANDO,2,2024-11-16,2025-03-29,2,2,0,GO ___ | MOVIES FROM 1985
COMMON,COMMON,2,2025-06-06,2026-04-17,2,2,0,EVERYDAY | PREVAILING
COMMUNE,COMMUNE,2,2026-05-03,2026-05-27,2,2,0,ASSOCIATED WITH 1960S COUNTERCULTURE | SMALL COMMUNITY
COMMUNITY,COMMUNITY,2,2024-09-09,2026-06-21,2,2,0,NBC SITCOMS | SITCOMS
COMPLEMENT,COMPLEMENT,2,2024-08-15,2025-02-16,2,2,0,CORRESPOND WELL WITH | OTHER HALF
CONCENTRATION,CONCENTRATION,2,2024-11-19,2026-05-20,2,2,0,AREA OF EXPERTISE | POTENCY
CONCRETE,CONCRETE,2,2024-07-03,2025-03-09,2,2,0,BUILDING MATERIALS | TANGIBLE
CONSIDER,CONSIDER,2,2024-08-29,2025-12-09,2,2,0,BEAR IN MIND | DEEM
CONSTANT,CONSTANT,2,2025-03-24,2025-12-28,2,2,0,UNFLUCTUATING | UNMOVING
CONSTRUCTION,CONSTRUCTION,2,2024-12-17,2025-08-16,2,2,0,KINDS OF PAPER | RENOVATIONS
CONTRACTION,CONTRACTION,2,2024-11-17,2025-07-21,2,2,0,WHAT ' CAN INDICATE | WHAT AN APOSTROPHE MIGHT INDICATE
CONVERSATION,CONVERSATION,2,2024-10-26,2026-05-09,2,2,0,SERIES OF MESSAGES | ___ PIECE
COPPER,COPPER,2,2024-07-07,2026-04-25,2,2,0,OLD TIMEY SLANG FOR LAW ENFORCEMENT | SLANGY NAMES FOR PROFESSIONS
COTTAGE,COTTAGE,2,2024-08-17,2024-10-06,2,2,0,HOUSE STYLES | ___ CHEESE
COTTON,COTTON,2,2025-03-08,2025-03-12,2,2,0,WASHING MACHINE CYCLES/SETTINGS | ___ CANDY
COUGH,COUGH,2,2024-06-23,2024-12-30,2,2,0,"MINOR AILMENTS | PAY, WITH “UP”"
COULD,COULD,2,2025-09-30,2025-11-26,2,2,0,VERBS EXPRESSING POSSIBILITY | WORDS IN A FAMOUS TONGUE TWISTER
COUNTRY,COUNTRY,2,2024-06-16,2024-08-19,2,2,0,MUSIC GENRES | REMOTE RURAL AREA
CRAB,CRAB,2,2024-08-20,2024-11-12,2,2,0,COMPLAIN | ZODIAC SYMBOLS
CRATE,CRATE,2,2024-09-04,2025-01-31,2,2,0,PUPPY PURCHASES | STORAGE CONTAINERS
CRATER,CRATER,2,2025-04-07,2026-01-11,2,2,0,LANDFORMS | PLUNGE
CREST,CREST,2,2026-05-01,2026-06-02,2,2,0,FEATURES OF A BIRD'S HEAD | HERALDIC ACHIEVEMENTS
CRIB,CRIB,2,2024-07-06,2026-01-21,2,2,0,PLAGIARIZE | PURCHASES FOR A BABY
CRIMINAL,CRIMINAL,2,2024-10-17,2025-06-06,2,2,0,WHAT “CON” MIGHT MEAN | ___ LAW
CRIMP,CRIMP,2,2025-02-22,2026-02-18,2,2,0,CREATE SOME VOLUME/TEXTURE IN HAIR | RETRO HAIR DIRECTIVES
CRISP,CRISP,2,2025-10-16,2026-01-22,2,2,0,"FRUIT DESSERTS | WELL-DEFINED, AS AN IMAGE"
CROOK,CROOK,2,2025-01-20,2025-08-20,2,2,0,CORNERS | RODS THAT CURVE AT ONE END
CROSSWALK,CROSSWALK,2,2026-02-06,2026-06-27,2,2,0,COMMONLY STRIPED THINGS | THINGS WITH STRIPES
CROW,CROW,2,2025-06-05,2025-06-11,2,2,0,BEST FEMALE ROCK PERFORMANCE GRAMMY WINNERS | BOAST
CROWBAR,CROWBAR,2,2025-08-20,2026-01-08,2,2,0,FIRST-CLASS LEVERS | RODS THAT CURVE AT ONE END
CRUMB,CRUMB,2,2024-07-03,2025-07-06,2,2,0,KINDS OF CAKE | PARTICLE
CRYSTAL,CRYSTAL,2,2025-03-25,2025-03-29,2,2,0,CLEAR AS ___ | MATERIALS ASSOCIATED WITH FANCY DINING
CURRY,CURRY,2,2024-09-12,2026-05-15,2,2,0,"MULTI-TIME NBA MVPS | NBA LEGENDS, FAMILIARLY"
CURSE,CURSE,2,2026-01-01,2026-03-18,2,2,0,BIT OF MAGIC | REACT TO A STUBBED TOE
CURVE,CURVE,2,2024-11-30,2025-02-17,2,2,0,FOLLOW A MEANDERING COURSE | ___BALL PITCHES
CURVEBALL,CURVEBALL,2,2024-07-03,2025-04-21,2,2,0,"METAPHOR FOR SOMETHING UNEXPECTED | THINGS YOU CAN THROW, IN METAPHORS"
CYA,CYA,2,2025-12-22,2026-05-25,2,2,0,COLORS MINUS LAST LETTER | TEXTING ABBREVIATIONS
CYCLE,CYCLE,2,2024-07-04,2025-01-25,2,2,0,SINGLE ROTATION | WORDS AFTER THE PREFIX “TRI-”
DAB,DAB,2,2024-10-04,2025-11-22,2,2,0,LITTLE BIT | SMALL AMOUNT
DAD,DAD,2,2024-07-20,2025-08-09,2,2,0,KINDS OF JOKES | WHAT “POP” MIGHT MEAN
DAMAGE,DAMAGE,2,2026-01-18,2026-04-03,2,2,0,DESTROY | ___ CONTROL
DANCE,DANCE,2,2024-08-14,2025-02-12,2,2,0,BITS IN A VARIETY SHOW | THINGS BEES DO
DARK HORSE,DARK HORSE,2,2025-11-03,2026-04-18,2,2,0,ENDING WITH ANIMALS | UNEXPECTED WINNER
DARLING,DARLING,2,2024-10-31,2025-04-15,2,2,0,SECOND WORDS OF “PETER PAN” CHARACTERS | TERMS OF ENDEARMENT
DART,DART,2,2024-12-31,2026-02-17,2,2,0,MOVE QUICKLY | ZOOM
DATA,DATA,2,2024-07-04,2025-12-19,2,2,0,FINDINGS | THINGS STORED BY A WEB BROWSER
DAYS,DAYS,2,2025-01-02,2025-10-12,2,2,0,DOG ___ | HAPPY ___
DEAD,DEAD,2,2024-10-21,2025-06-18,2,2,0,SQUARELY | ___POOL
DEAN,DEAN,2,2025-08-01,2026-02-25,2,2,0,JAMESES | LEGENDS OF CLASSIC HOLLYWOOD
DEBUT,DEBUT,2,2025-03-16,2025-09-01,2,2,0,ENDING WITH SILENT “T” | FIRST APPEARANCE
DECANTER,DECANTER,2,2025-08-24,2026-06-27,2,2,0,ENDING IN HORSE GAITS | WINE VESSELS
DECAY,DECAY,2,2025-08-04,2025-11-20,2,2,0,WORDS THAT SOUND LIKE TWO LETTERS | WORDS THAT SOUNDS LIKE TWO LETTERS
DEEP,DEEP,2,2024-08-04,2026-01-06,2,2,0,"NICKNAMES FOR THE SEA, WITH “THE” | SONOROUS"
DEGREE,DEGREE,2,2025-08-08,2026-06-09,2,2,0,THINGS REPRESENTED IN SUPERSCRIPT | WORDS AFTER THE LETTERS “MS”
DELAY,DELAY,2,2024-12-19,2026-03-18,2,2,0,DEFER | GUITAR EFFECTS PEDALS
DELIVER,DELIVER,2,2024-09-10,2025-11-08,2,2,0,"PUT FORWARD, AS AN ANNOUNCEMENT | TRANSFER"
DELIVERY,DELIVERY,2,2024-10-04,2025-12-19,2,2,0,DINNER OPTIONS | ___ DATE
DELL,DELL,2,2025-04-26,2026-06-26,2,2,0,AREAS OF LOW GROUND | VALLEY
DEMON,DEMON,2,2025-01-28,2025-10-20,2,2,0,AFFLICTION | SPEED ___
DENSE,DENSE,2,2025-11-09,2026-06-25,2,2,0,PACKED | TIGHTLY PACKED
DENY,DENY,2,2024-10-08,2025-05-21,2,2,0,"PROHIBIT | PROHIBIT, AS ENTRY"
DEPARTED,DEPARTED,2,2025-06-22,2025-09-25,2,2,0,"MATT DAMON MOVIES, WITH ""THE"" | WHAT “LEFT” MIGHT MEAN"
DESIGNER,DESIGNER,2,2024-10-22,2026-06-27,2,2,0,BRAND-NAME | COMPONENTS OF A FASHION SHOW
DESIRE,DESIRE,2,2024-07-05,2026-02-28,2,2,0,CRAVING | YEARN
DESTINATION,DESTINATION,2,2025-06-19,2025-07-03,2,2,0,AIRPORT BOARD INFO | MAP APP OPTIONS
DIALECT,DIALECT,2,2024-08-17,2026-02-15,2,2,0,SPOKEN COMMUNICATION | STARTING WITH WAYS TO REACH SOMEONE VIA PHONE
DIAMONDS,DIAMONDS,2,2024-06-18,2026-01-03,2,2,0,FIRST WORD IN BOND MOVIE TITLES | RIHANNA #1 HITS
DIE,DIE,2,2024-11-18,2025-03-18,2,2,0,GERMAN WORDS | THINGS WITH SPOTS
DIESEL,DIESEL,2,2024-07-19,2025-06-28,2,2,0,GAS PUMP OPTIONS | INDUSTRIAL REVOLUTION INVENTORS
DIFFERENCE,DIFFERENCE,2,2025-04-04,2025-05-09,2,2,0,RESULTS OF SOME ARITHMETIC | WHAT’S LEFTOVER
DILL,DILL,2,2024-11-08,2025-07-26,2,2,0,HERBS AND SPICES | KINDS OF PICKLES
DIM,DIM,2,2025-05-09,2025-09-26,2,2,0,"FUZZY, AS A MEMORY | HARD TO MAKE OUT"
DINOSAUR,DINOSAUR,2,2024-09-11,2025-03-03,2,2,0,FEATURED IN “JURASSIC PARK” | SEEN IN “THE FLINTSTONES”
DIOXIDE,DIOXIDE,2,2025-07-30,2026-03-14,2,2,0,"STARTING WITH GREEK NUMERICAL PREFIXES | STARTING WITH PREFIXES MEANING ""TWO"""
DIRECTION,DIRECTION,2,2025-12-29,2026-01-09,2,2,0,MUSICAL ARTISTS MINUS STARTING NUMBERS | TENDENCY
DIRECTOR,DIRECTOR,2,2025-04-14,2025-06-24,2,2,0,SEEN IN OPENING CREDITS | WHAT “FORD” MIGHT REFER TO
DISPLAY,DISPLAY,2,2024-08-23,2026-06-06,2,2,0,"INDICATE, AS EMOTIONS | VISUAL INTERFACE"
DIVA,DIVA,2,2024-12-14,2025-06-14,2,2,0,GODDESS | WORDS BEFORE “CUP”
DIVISION,DIVISION,2,2025-01-08,2026-05-12,2,2,0,"""LONG"" THINGS | SECTION"
DO,DO,2,2024-08-18,2026-02-16,2,2,0,HOMOPHONES | SEVEN DWARFS MINUS LAST LETTER
DOES,DOES,2,2025-08-31,2025-10-21,2,2,0,HETERONYMS | TAKES ON
DOGGY,DOGGY,2,2025-10-23,2025-10-26,2,2,0,WORDS WITH DIMINUTIVE SUFFIXES | ___ BAG
DOLL,DOLL,2,2025-01-21,2025-02-28,2,2,0,LOVELY PERSON | SMALL LIKENESS
DON,DON,2,2025-07-19,2025-10-11,2,2,0,DRESS IN | STARTS OF TEENAGE MUTANT NINJA TURTLES
DOZE,DOZE,2,2025-08-08,2026-03-15,2,2,0,BULL___ | THINGS YOU MIGHT DO DURING A BORING CLASS/MEETING
DRAWING,DRAWING,2,2024-09-22,2026-05-29,2,2,0,CHANCE TO WIN A PRIZE | KINDS OF ROOMS IN A MANSION
DRE,DRE,2,2025-04-26,2025-07-06,2,2,0,COLOR ANAGRAMS | DRS
DRESSING,DRESSING,2,2024-08-17,2025-06-26,2,2,0,COMPONENTS OF A SALAD | FIRST AID KIT ITEMS
DRIBBLE,DRIBBLE,2,2024-11-19,2025-07-07,2,2,0,BASKETBALL MOVES | DOUBLE ___
DRUMROLL,DRUMROLL,2,2025-12-16,2026-02-26,2,2,0,"""___ PLEASE"" | STARTING WITH PERCUSSION INSTRUMENTS"
DUD,DUD,2,2024-10-18,2026-04-19,2,2,0,CLUNKER | LAST WORDS OF CANDY BRANDS IN THE SINGULAR
DUE,DUE,2,2024-10-04,2025-10-02,2,2,0,DESERVED | ___ DATE
DUNE,DUNE,2,2024-09-27,2025-02-09,2,2,0,AREA OF HIGH GROUND | SCI-FI FRANCHISES
DURIAN,DURIAN,2,2025-11-22,2026-05-29,2,2,0,SOURCES OF DISTINCTIVE SMELLS | TROPICAL FRUITS/VEGETABLES
DWELL,DWELL,2,2024-09-15,2025-01-30,2,2,0,"KEEP GOING ON ABOUT, WITH “ON” | RESIDE"
DWINDLE,DWINDLE,2,2024-09-15,2025-03-06,2,2,0,DECREASE | WANE
EARRING,EARRING,2,2025-02-07,2025-09-02,2,2,0,ASSOCIATED WITH THE GENIE IN “ALADDIN” | WORN BY EARRING MAGIC KEN
EARTHWORM,EARTHWORM,2,2025-01-01,2025-06-29,2,2,0,SEEN IN THE AFTERMATH OF A RAINSTORM | SLIMY ANIMALS
ECLIPSE,ECLIPSE,2,2025-01-23,2026-02-20,2,2,0,ASSOCIATED WITH THE MOON | OUTDO
EDITOR,EDITOR,2,2025-06-06,2025-10-03,2,2,0,"NEWSPAPER JOBS | WHAT ""ED"" MIGHT INDICATE"
EEK,EEK,2,2025-09-21,2026-01-02,2,2,0,VEGETABLES MINUS STARTING LETTER | VEGETABLES WITH FIRST LETTER REMOVED
EFFORT,EFFORT,2,2024-07-20,2025-08-04,2,2,0,EXERTION | [LETTER] (IS) FOR ___
EGGS,EGGS,2,2025-03-12,2026-02-19,2,2,0,EASTER SUPPLIES | INGREDIENTS IN CLASSIC POUND CAKE
EGO,EGO,2,2024-11-04,2025-02-13,2,2,0,INDIVIDUALITY | ___ TRIP
EITHER,EITHER,2,2025-02-10,2026-04-07,2,2,0,WORDS FAMOUSLY PRONOUNCED DIFFERENT WAYS | WORDS FOR UNSPECIFIED CHOICES
ELABORATE,ELABORATE,2,2024-07-30,2025-07-12,2,2,0,DETAILED | PROVIDE MORE DETAILS
ELDER,ELDER,2,2024-12-26,2025-04-13,2,2,0,TREES | ___BERRY
ELECTRONIC,ELECTRONIC,2,2024-08-29,2025-05-25,2,2,0,KINDS OF PIANOS | ___ MAIL
ELEMENTARY,ELEMENTARY,2,2024-12-22,2025-07-27,2,2,0,"POLICE PROCEDURALS | WORDS BEFORE ""SCHOOL"""
ELEVATOR,ELEVATOR,2,2024-08-16,2026-05-07,2,2,0,CONTROLLED WITH UP/DOWN BUTTONS | THINGS THAT GO UP AND DOWN
ELF,ELF,2,2024-10-10,2025-08-07,2,2,0,MOVIES | ONES WITH POINTY EARS
ELLE,ELLE,2,2025-12-11,2026-06-11,2,2,0,LETTER HOMOPHONES | PAYMENT APPS MINUS A LETTER
EMMY,EMMY,2,2024-12-03,2026-03-16,2,2,0,NAMES THAT SOUND LIKE TWO LETTERS | WORDS THAT SOUND LIKE STATE ABBREVIATIONS
ENAMEL,ENAMEL,2,2025-11-20,2026-04-25,2,2,0,BODY COVERINGS | PARTS OF A TOOTH
END,END,2,2025-05-16,2026-01-05,2,2,0,DISCONTINUE | FURTHEST POINT
ENDORSE,ENDORSE,2,2024-07-26,2026-04-02,2,2,0,ADVOCATE FOR | SUPPORT
ENGAGE,ENGAGE,2,2025-04-05,2025-10-14,2,2,0,CAPTIVATE | EMPLOY
ENTER,ENTER,2,2026-01-25,2026-03-28,2,2,0,"PC KEYBOARD KEYS | STEP ONTO, AS A VEHICLE"
ENTERPRISE,ENTERPRISE,2,2024-08-24,2024-11-29,2,2,0,CAR RENTAL COMPANIES | UNDERTAKING
ENTOURAGE,ENTOURAGE,2,2025-06-22,2026-06-16,2,2,0,ATTENDANTS | HBO SHOWS
EPISODE,EPISODE,2,2024-09-06,2026-05-09,2,2,0,INCIDENT | UNITS OF TV PROGRAMS
EQUALS,EQUALS,2,2025-04-27,2026-02-07,2,2,1,CALCULATOR BUTTONS | SYMBOLS USED IN ARITHMETIC
ERASER,ERASER,2,2025-02-07,2025-02-21,2,2,0,PHOTOSHOP TOOLS | THINGS MADE OF RUBBER
EVENT,EVENT,2,2024-09-06,2025-12-03,2,2,0,INCIDENT | SOCIAL GATHERING
EVIL,EVIL,2,2025-07-06,2025-10-10,2,2,0,DRS | ___ EYE
EXCELLENT,EXCELLENT,2,2025-03-08,2025-05-18,2,2,0,WHAT “A” MIGHT MEAN | WORDS SAID FREQUENTLY IN THE “BILL AND TED” MOVIES
EXIT,EXIT,2,2024-07-11,2025-08-17,2,2,0,LIGHT-UP SIGNS | WORDS ON A DOOR
EXPERT,EXPERT,2,2025-01-31,2026-01-12,2,2,0,EXPERIENCE LEVELS | ONES WITH DISCERNING TASTES
EXTENSION,EXTENSION,2,2024-11-13,2025-03-20,2,2,0,BUILDING ADD-ONS | KINDS OF CORDS
FACTOR,FACTOR,2,2024-12-09,2025-12-09,2,2,0,BEAR IN MIND | WORDS AFTER “X”
FAIRY,FAIRY,2,2024-06-16,2025-03-23,2,2,0,THINGS WITH WINGS | ___ TALE
FAMILY,FAMILY,2,2025-06-09,2025-12-16,2,2,0,CRIME ORGANIZATION | DESCENDANTS
FAT,FAT,2,2024-11-28,2025-04-21,2,2,0,INFO ON A NUTRITION LABEL | ___ TUESDAY
FATHER,FATHER,2,2025-06-15,2026-05-29,2,2,0,"WHAT ""PA"" MIGHT REFER TO | WHAT “POP” MIGHT MEAN"
FAVORITE,FAVORITE,2,2024-09-12,2025-02-04,2,2,0,MARK ONLINE FOR LATER | SPORTS GAMBLING TERMS
FEATHER,FEATHER,2,2025-02-22,2026-02-18,2,2,0,CREATE SOME VOLUME/TEXTURE IN HAIR | RETRO HAIR DIRECTIVES
FEDORA,FEDORA,2,2025-01-23,2026-01-16,2,2,0,KINDS OF HATS | PARTS OF AN INDIANA JONES COSTUME
FEELING,FEELING,2,2024-10-27,2024-11-03,2,2,0,AMBIENCE | SNEAKING SUSPICION
FENCE,FENCE,2,2024-08-30,2025-06-01,2,2,0,COMPETE IN A MODERN PENTATHLON | PARTICIPATE IN SUMMER OLYMPIC EVENTS
FERMENT,FERMENT,2,2025-02-23,2025-05-31,2,2,0,VERBS IN BREADMAKING | WAYS TO PRESERVE FOOD
FEVER,FEVER,2,2025-08-03,2026-05-30,2,2,0,MANIA | SONG OF THE YEAR NOMINEES AT THE FIRST GRAMMY AWARDS
FILES,FILES,2,2024-12-09,2025-11-27,2,2,0,WOODWORKING TOOLS | WORDS AFTER “X”
FILLING,FILLING,2,2025-02-18,2025-06-30,2,2,0,"DENTAL ADDITIONS | SUBSTANTIAL, AS A MEAL"
FINAL,FINAL,2,2025-06-19,2025-12-15,2,2,0,COMPONENTS OF ONE’S GRADE | TOURNAMENT ROUNDS
FINANCE,FINANCE,2,2024-12-20,2025-01-09,2,2,0,CORPORATE DEPARTMENTS | KINDS OF BROS
FINGERS,FINGERS,2,2025-08-12,2026-01-01,2,2,0,BUTTER___ | GROUPS OF TEN
FIVE,FIVE,2,2026-01-05,2026-02-07,2,2,1,"PIPS ON A DIE | WHAT ""V"" MIGHT MEAN"
FIZZ,FIZZ,2,2024-08-21,2024-10-09,2,2,0,CLASSIC COCKTAIL TYPES | EFFERVESCENCE
FLAMINGO,FLAMINGO,2,2024-06-16,2025-11-25,2,2,0,CLASSIC LAWN ORNAMENTS | THINGS THAT ARE PINK
FLINT,FLINT,2,2024-12-09,2025-10-09,2,2,0,KINDS OF ROCKS | USED IN STARTING A FIRE
FLIPPER,FLIPPER,2,2025-05-19,2025-09-27,2,2,0,APPENDAGES | FEATURES OF A TOOTHED WHALE
FLOOR,FLOOR,2,2024-08-22,2025-10-05,2,2,0,FLABBERGAST | TIER
FLUSH,FLUSH,2,2024-09-09,2026-01-06,2,2,0,"GET RED IN THE FACE | POKER HANDS, FAMILIARLY"
FLUTE,FLUTE,2,2025-05-15,2026-05-16,2,2,0,GLASSWARE | LAST WORDS OF FAMOUS OPERA TITLES
FLYER,FLYER,2,2025-09-20,2026-01-27,2,2,0,N.H.L. TEAM MEMBER | NHL TEAM MEMBER
FOAM,FOAM,2,2024-10-09,2026-02-03,2,2,0,EFFERVESCENCE | MEMORY ___
FOG,FOG,2,2024-06-22,2024-08-06,2,2,0,"HORROR MOVIES, WITH “THE” | ___HORN"
FOOD COURT,FOOD COURT,2,2025-05-27,2026-03-27,2,2,0,AIRPORT FEATURES | FEATURES OF AN AIRPORT TERMINAL
FOOTBALL,FOOTBALL,2,2025-03-11,2025-10-03,2,2,0,THEY MOVE IN A SPIRAL | THINGS TRADITIONALLY MADE OF LEATHER
FOR,FOR,2,2024-06-19,2024-12-31,2,2,0,POSITIONS IN FAVOR | WORDS BEFORE AN ADDRESSEE
FORECAST,FORECAST,2,2024-07-10,2025-09-06,2,2,0,FUTURE LIKELIHOOD | PREDICT
FOREVER,FOREVER,2,2025-10-12,2026-05-19,2,2,0,FOR ALL TIME | JUDY BLUME BOOKS
FORK,FORK,2,2024-06-25,2025-03-26,2,2,0,DIVIDE | PARTS OF A TABLE SETTING
FORTY,FORTY,2,2025-04-17,2026-05-21,2,2,0,TENNIS SCORING TERMS | UNITS OF BEER
FOSTER,FOSTER,2,2026-01-26,2026-02-25,2,2,0,CARE FOR | ICONIC ACTRESSES
FREE,FREE,2,2025-01-31,2025-09-05,2,2,0,AVAILABLE | STARTS OF SWIMMING STROKES
FREEDOM,FREEDOM,2,2024-06-28,2025-03-17,2,2,0,UNINHIBITEDNESS | WIGGLE ROOM
FREIGHT,FREIGHT,2,2024-07-08,2025-11-02,2,2,0,GOODS TO BE TRANSPORTED | WORDS ENDING IN NUMBERS
FRIDGE,FRIDGE,2,2024-11-02,2025-05-26,2,2,0,CARD GAMES WITH FIRST LETTER CHANGED | SEEN IN A KITCHEN
FRIEND,FRIEND,2,2024-07-09,2024-10-29,2,2,0,SINGULAR NOUN IN A FAMOUS “JULIUS CAESAR” LINE | TV SHOWS MINUS “S”
FRINGE,FRINGE,2,2024-09-26,2025-03-05,2,2,0,DECORATIVE EDGE | PERIPHERY
FRISBEE,FRISBEE,2,2025-05-27,2025-06-28,2,2,0,ROUND FLAT THINGS | THINGS A DOG CAN FETCH
FROG,FROG,2,2025-04-09,2026-03-15,2,2,0,ANIMALS IN THE WITCHES' BREW IN “MACBETH” | BULL___
FUMBLE,FUMBLE,2,2024-12-10,2026-01-22,2,2,0,BUNGLE | FEEL AROUND (FOR)
FUR,FUR,2,2024-12-29,2025-04-23,2,2,0,CANINE/FELINE FEATURES | TREE HOMOPHONES
FUSE,FUSE,2,2025-05-31,2025-09-03,2,2,0,JOIN | THINGS YOU CAN BLOW
GAGGLE,GAGGLE,2,2025-10-30,2026-03-16,2,2,0,ANIMAL GROUP NAMES | COLLECTIVE NOUNS FOR BIRDS
GAMBLE,GAMBLE,2,2024-08-29,2024-10-02,2,2,0,PUT ON THE LINE | SECOND NAMES IN COMPANIES WITH AMPERSANDS
GAMES,GAMES,2,2024-10-24,2024-12-09,2,2,0,NYT OFFERINGS | WORDS AFTER “X”
GARLAND,GARLAND,2,2024-09-24,2025-08-01,2,2,0,BIT OF PARTY DECORATION | LEGENDS OF CLASSIC HOLLYWOOD
GEL,GEL,2,2024-08-27,2025-04-28,2,2,0,CLASSIC BARBERSHOP SUPPLIES | HAIR PRODUCTS
GENERATE,GENERATE,2,2024-07-27,2024-10-19,2,2,0,"BRING ABOUT | CREATE, AS RESULTS"
GENESIS,GENESIS,2,2025-09-03,2026-06-24,2,2,0,BEGINNING | PROG BANDS
GENUS,GENUS,2,2025-05-04,2025-06-09,2,2,0,PLANETS/DWARF PLANET WITH FIRST LETTER CHANGED | SPELLING BEE RANKS MINUS A LETTER
GIMME,GIMME,2,2024-12-24,2025-11-23,2,2,0,"SECOND WORDS IN TITLES OF ABBA HITS | WHEN TRIPLED, HIT SONG TITLES"
GLADIATOR,GLADIATOR,2,2025-01-29,2025-05-28,2,2,0,BEST PICTURE WINNERS SINCE 2000 | MOVIE SERIES WITH 2024 RELEASES
GLOSS,GLOSS,2,2024-06-17,2025-10-08,2,2,0,KINDS OF LIP MAKEUP | PAINT FINISHES
GLOVE,GLOVE,2,2024-09-07,2025-04-09,2,2,0,FOX___ | THINGS USED IN GOLF
GLOW,GLOW,2,2024-09-09,2025-01-13,2,2,0,GET RED IN THE FACE | ___WORM
GO-GO,GO-GO,2,2024-08-16,2025-08-13,2,2,0,KINDS OF BOOTS | MEMBER OF A GIRL GROUP
GOAL,GOAL,2,2025-12-30,2026-03-21,2,2,0,INTENTION | TARGET
GOGGLE,GOGGLE,2,2026-04-08,2026-04-18,2,2,0,EYEWEAR IN THE SINGULAR | LOOK AT WITH AWE
GOLDEN,GOLDEN,2,2024-07-12,2025-04-19,2,2,0,"DOG BREEDS, INFORMALLY | ___ GOOSE"
GOLDEN FLEECE,GOLDEN FLEECE,2,2024-12-28,2025-10-13,2,2,0,"ENDING WITH SYNONYMS FOR ""SWINDLE"" | OBJECTS FROM GREEK MYTH"
GOLDFISH,GOLDFISH,2,2024-11-26,2025-04-27,2,2,0,KINDS OF CRACKERS | SALTY SNACK UNIT
GOLDILOCKS,GOLDILOCKS,2,2026-01-29,2026-03-19,2,2,0,FEATURED IN GOLDILOCKS AND THE THREE BEARS | FOLK TALE CHARACTERS
GONE,GONE,2,2024-08-09,2026-03-04,2,2,0,"""___ GIRL"" TITLES | NOT PRESENT"
GONZO,GONZO,2,2026-03-09,2026-04-10,2,2,0,BLUE CHARACTERS | MUPPETS
GOO,GOO,2,2024-10-12,2025-06-09,2,2,0,SPELLING BEE RANKS MINUS A LETTER | STARTS OF CELL PHONE MAKERS
GOOD,GOOD,2,2024-07-14,2025-04-18,2,2,0,CONDITIONS FOR COLLECTIBLES | PERSONAL PROPERTY MINUS “S”
GOOGLE,GOOGLE,2,2025-07-11,2025-08-21,2,2,0,TRADEMARKS THAT HAVE BECOME VERBS | ___ DOODLE
GRAB,GRAB,2,2024-10-21,2025-03-23,2,2,0,ATTRACT | CAPTIVATE
GRAIN,GRAIN,2,2024-11-14,2025-07-06,2,2,0,FORMS OF SUGAR | PARTICLE
GRAM,GRAM,2,2026-01-10,2026-03-10,2,2,0,FAMILIAL NICKNAMES | UNITS OF MEASURE
GRAMMAR,GRAMMAR,2,2025-07-27,2026-05-17,2,2,0,"""SCHOOL"" MODIFIERS | WORDS BEFORE ""SCHOOL"""
GRAPE,GRAPE,2,2024-09-14,2025-11-18,2,2,0,KINDS OF TOMATOES | WINE BOTTLE INFO
GRASS,GRASS,2,2024-12-17,2026-04-24,2,2,0,KINDS OF TENNIS COURTS | THEY HAVE BLADES
GRATE,GRATE,2,2025-02-23,2025-08-05,2,2,0,MAKE INTO SMALLER PIECES WHILE COOKING | RUB TOGETHER
GRAVY,GRAVY,2,2024-10-11,2025-07-21,2,2,0,ADDITIONAL BENEFIT | ADDITIONAL PERK
GREYHOUND,GREYHOUND,2,2024-12-08,2025-11-21,2,2,0,COCKTAILS | COMPANIES NAMED AFTER ANIMALS
GRILL,GRILL,2,2024-09-01,2025-12-11,2,2,0,COOK IN A PAN | THINGS SEEN IN A YARD
GRILLE,GRILLE,2,2024-11-27,2025-06-05,2,2,0,CAR PARTS | WAYS TO MODIFY A CAR'S EXTERIOR
GRIMACE,GRIMACE,2,2024-09-11,2025-04-05,2,2,0,ENDING WITH MEDIEVAL WEAPONS | THINGS THAT ARE PURPLE
GRINDER,GRINDER,2,2024-12-30,2026-05-13,2,2,0,LONG SANDWICH | USED TO MAKE COFFEE
GROOVE,GROOVE,2,2024-11-14,2025-07-20,2,2,0,MOVE TO THE MUSIC | PLAY MUSIC WITH PASSION
GROUCH,GROUCH,2,2024-12-21,2025-06-27,2,2,0,THINGS CALLED “OSCAR” | “SESAME STREET” FIGURES
GROUNDS,GROUNDS,2,2025-05-15,2026-05-13,2,2,0,PRETEXT | RATIONALE
GRUMP,GRUMP,2,2024-08-18,2026-01-04,2,2,0,SEVEN DWARFS MINUS LAST LETTER | SYNONYMS FOR BUTT PLUS STARTING LETTER
GUARD,GUARD,2,2024-10-15,2025-09-28,2,2,0,BACKING | FOOTBALL POSITIONS
GULP,GULP,2,2025-02-24,2025-09-09,2,2,0,EAT VORACIOUSLY | SWIG
GUMMY,GUMMY,2,2025-05-26,2026-06-03,2,2,0,CARD GAMES WITH FIRST LETTER CHANGED | GUMMY BEAR DESCRIPTORS
GUTHRIE,GUTHRIE,2,2025-09-30,2025-10-30,2,2,0,ENDING WITH NUMBER HOMOPHONES | PEOPLE WHOSE FIRST NAMES ARE U.S. CITIES
GUZZLE,GUZZLE,2,2025-08-25,2025-12-04,2,2,0,"IMBIBE | WHAT ""DOWN"" MIGHT MEAN"
GYM,GYM,2,2024-07-12,2025-01-16,2,2,0,SCHOOL FACILITIES | ___ RAT
HABIT,HABIT,2,2024-12-28,2026-02-08,2,2,0,PROVERBIAL THINGS TO KICK | SAME OLD STUFF
HAD,HAD,2,2025-01-29,2025-03-31,2,2,0,CONSUMED | OWNED
HAIL,HAIL,2,2025-03-13,2025-05-29,2,2,0,"SALUTE | SIGNAL DOWN, AS A TAXI"
HAIRSPRAY,HAIRSPRAY,2,2024-11-18,2024-12-11,2,2,0,THINGS YOU SHAKE | USED IN HAIR CARE
HALTER,HALTER,2,2026-01-11,2026-01-24,2,2,0,EQUESTRIAN GEAR | KINDS OF NECKLINES
HAMM,HAMM,2,2024-12-06,2026-06-18,2,2,0,"TOOLS MINUS LAST TWO LETTERS | “TOY STORY” CHARACTERS, FAMILIARLY"
HANDY,HANDY,2,2025-02-18,2025-08-17,2,2,0,ACCESSIBLE | CONVENIENTLY LOCATED
HARP,HARP,2,2025-01-30,2025-06-27,2,2,0,"KEEP GOING ON ABOUT, WITH “ON” | PARTS OF AN ANGEL COSTUME"
HAT,HAT,2,2025-05-30,2025-07-07,2,2,0,COMMON SWAG ITEMS | TOP ___
HAUNT,HAUNT,2,2024-07-08,2025-06-01,2,2,0,LOCAL WATERING HOLE | SPEND TIME AT
HAWKEYE,HAWKEYE,2,2024-12-25,2026-05-23,2,2,0,ARCHERS | MARVEL CHARACTERS
HAY,HAY,2,2025-08-01,2026-02-06,2,2,0,HIT THE ___ | HOMOPHONES OF GREETINGS
HAYSTACK,HAYSTACK,2,2025-10-06,2026-04-25,2,2,0,"MASSES, IN IDIOMS | STARTING WITH HOMOPHONES OF GREETINGS"
HEAL,HEAL,2,2025-05-07,2025-05-19,2,2,0,"GET BETTER, AS A BROKEN BONE | HOMOPHONES OF PARTS OF THE FOOT"
HEARTH,HEARTH,2,2025-02-24,2025-11-19,2,2,0,BODY PARTS PLUS LETTER | ORGAN PLUS A LETTER
HEARTS,HEARTS,2,2025-04-15,2025-07-27,2,2,0,ASSOCIATED WITH TRICKS | CARD GAMES
HEATER,HEATER,2,2024-06-30,2026-02-01,2,2,0,ANTHEM | HOT TUB COMPONENTS
HEAVE,HEAVE,2,2024-11-24,2025-01-06,2,2,0,BREATHE HARD | CAREEN
HEAVY,HEAVY,2,2025-06-10,2026-02-18,2,2,0,___ CREAM | ___ DUTY
HEDGE,HEDGE,2,2024-12-18,2025-06-01,2,2,0,INVESTMENT VERBS | ___ FUND
HEDGEHOG,HEDGEHOG,2,2024-09-16,2025-10-09,2,2,0,SPIKY THINGS | TITLE FIGURES IN CLASSIC VIDEO GAMES
HELMET,HELMET,2,2024-12-01,2026-06-02,2,2,0,FOOTBALL GEAR | HERALDIC ACHIEVEMENTS
HER,HER,2,2024-10-10,2025-12-13,2,2,0,GREEK MYTHOLOGICAL FIGURES MINUS A LETTER | MOVIES
HERTZ,HERTZ,2,2024-11-29,2026-03-30,2,2,0,CAR RENTAL COMPANIES | UNITS
HEX,HEX,2,2024-12-06,2026-01-01,2,2,0,BIT OF MAGIC | CURSE
HIGHLIGHT,HIGHLIGHT,2,2024-09-18,2025-10-24,2,2,0,KINDS OF REELS | THINGS YOU CAN DO TO TEXT
HIGHWAY,HIGHWAY,2,2025-06-30,2025-08-12,2,2,0,PLACES WITH LANES | SECOND WORDS IN DAVID LYNCH TITLES
HISS,HISS,2,2025-02-14,2026-05-24,2,2,0,POSSESSIVE ADJECTIVES PLUS A LETTER | THINGS A RATTLESNAKE DOES
HISTAMINE,HISTAMINE,2,2024-12-28,2025-09-02,2,2,0,STARTING WITH POSSESSIVE DETERMINERS | STARTING WITH POSSESSIVE PRONOUNS
HITCH,HITCH,2,2025-01-26,2026-05-05,2,2,0,KINDS OF KNOTS | PARTS OF A BIG RIG
HOAGIE,HOAGIE,2,2025-05-05,2026-05-13,2,2,0,LONG SANDWICH | THINGS THAT ARE LONG AND CYLINDRICAL
HOG,HOG,2,2024-07-09,2026-03-15,2,2,0,GREEDILY CONTROL | WORDS AFTER “HEDGE”
HONEST,HONEST,2,2026-03-04,2026-03-23,2,2,0,PRINCIPLED | SPORTSMANLIKE
HONEYCOMB,HONEYCOMB,2,2025-07-22,2025-09-04,2,2,0,PATTERNS | THINGS WITH CELLS
HOOP,HOOP,2,2024-11-02,2024-12-21,2,2,0,KINDS OF EARRINGS | LOOP
HORROR,HORROR,2,2024-08-09,2025-10-30,2,2,0,FICTION GENRES | SHOCK ___
HOT,HOT,2,2025-04-19,2026-05-21,2,2,0,ADJECTIVES FOR A DESERT | ___ MUSTARD
HOUR,HOUR,2,2024-08-18,2026-04-30,2,2,0,ALARM CLOCK BUTTONS | HOMOPHONES OF POSSESSIVE ADJECTIVES
HUB,HUB,2,2025-02-11,2025-07-10,2,2,0,PARTS OF A WHEEL | ___CAP
HUBBUB,HUBBUB,2,2025-08-14,2026-02-10,2,2,0,RHYMING COMPOUND WORDS | STARTING WITH PARTS OF A WHEEL
HUMP,HUMP,2,2025-12-24,2026-02-14,2,2,0,PROTUBERANCE | WAYS TO VOCALIZE MUSICALLY PLUS A LETTER
HUNTER,HUNTER,2,2025-07-26,2025-10-20,2,2,0,REPRESENTED BY CONSTELLATIONS | SHADES OF GREEN
HUSKY,HUSKY,2,2024-07-31,2025-11-19,2,2,0,RASPY | STOCKY
HYPER,HYPER,2,2024-09-19,2025-05-14,2,2,0,GREEK PREFIXES | PREFIX MEANING “VERY”
ICON,ICON,2,2025-03-21,2025-06-14,2,2,0,GODDESS | LUMINARY
IDEA,IDEA,2,2024-10-30,2024-11-24,2,2,0,RETAIL CHAINS WITH A LETTER CHANGED | WHAT A NOUN MIGHT BE
ILL,ILL,2,2024-10-10,2025-05-03,2,2,0,"COOL, IN ’80S SLANG | “WILL” CONTRACTIONS WITHOUT THE APOSTROPHE"
IMPACT,IMPACT,2,2025-07-07,2025-09-07,2,2,0,BIG IMPRESSION | FONTS
IMPULSE,IMPULSE,2,2025-01-18,2025-04-02,2,2,0,CAPRICE | DESIRE
IN,IN,2,2025-07-25,2026-04-07,2,2,0,ON BOARD | STATE ABBREVIATIONS
INDIANA,INDIANA,2,2025-07-04,2025-09-23,2,2,0,TITLE CHARACTERS IN '80S MOVIES | WHAT “IN” MIGHT REFER TO
INFINITY,INFINITY,2,2025-10-15,2025-12-29,2,2,0,CAR BRAND HOMOPHONES | TYPES OF POOLS
INFRARED,INFRARED,2,2025-05-13,2025-11-24,2,2,0,ENDING IN COLORS | ENDING WITH COLORS
INHIBIT,INHIBIT,2,2024-07-17,2026-02-08,2,2,0,HINDER | SUPPRESS
INK,INK,2,2025-04-04,2026-04-24,2,2,0,ASSOCIATED WITH OCTOPUSES | COMPANIES WITH “E” REMOVED
INNER,INNER,2,2025-04-25,2025-09-13,2,2,0,INTIMATE AND UNDISCLOSED | ___ TUBE
INSIDE,INSIDE,2,2025-07-04,2025-08-09,2,2,0,KINDS OF JOKES | WHAT “IN” MIGHT REFER TO
INSTAGRAM,INSTAGRAM,2,2025-02-27,2025-11-13,2,2,0,ENDING WITH UNITS OF MEASURE | THINGS THAT USE FILTERS
INSTINCT,INSTINCT,2,2024-07-25,2024-12-05,2,2,0,APTITUDE | NATURAL ABILITY
INTELLIGENCE,INTELLIGENCE,2,2025-12-19,2026-04-24,2,2,0,ASSOCIATED WITH OCTOPUSES | FINDINGS
INTEREST,INTEREST,2,2024-09-12,2026-01-07,2,2,0,BEHALF | PORTION
INTERVAL,INTERVAL,2,2026-02-02,2026-05-20,2,2,0,DURATION | MUSIC THEORY CONCEPTS
INVENTION,INVENTION,2,2025-01-12,2025-10-09,2,2,0,FABRICATION | FANTASY
IRIS,IRIS,2,2025-06-13,2026-06-17,2,2,0,FIGURES IN GREEK MYTH | HIT SONGS OF 1998
ISSUE,ISSUE,2,2025-12-21,2026-01-04,2,2,0,ARISE | PAPER PUBLICATION
ITSY,ITSY,2,2024-12-28,2026-05-24,2,2,0,POSSESSIVE ADJECTIVES PLUS A LETTER | STARTING WITH POSSESSIVE PRONOUNS
JACKPOT,JACKPOT,2,2025-06-02,2025-08-01,2,2,0,HIT THE ___ | NAMES ENDING IN “K” PLUS WORD
JACKS,JACKS,2,2025-06-19,2025-10-21,2,2,0,CLASSIC TOYS | PLAYING CARDS
JASMINE,JASMINE,2,2024-08-14,2026-06-03,2,2,0,FLOWERS | KINDS OF RICE
JAW,JAW,2,2024-10-17,2026-03-08,2,2,0,"HORROR MOVIES MINUS ""S"" | MOVIES WITH “S” REMOVED"
JAY,JAY,2,2024-10-23,2026-02-12,2,2,0,"BLUE ___ | MLB PLAYER, FOR SHORT"
JEAN,JEAN,2,2025-05-24,2026-01-03,2,2,0,"KINDS OF PANTS MINUS ""S"" | LEGWEAR IN THE SINGULAR"
JEANS,JEANS,2,2024-10-23,2026-02-05,2,2,0,BLUE THINGS | BLUE ___
JENNY,JENNY,2,2024-12-25,2025-02-25,2,2,0,FEMALE ANIMALS | RHYME WITH U.S. COINS
JEOPARDY,JEOPARDY,2,2024-11-19,2024-12-30,2,2,0,"DOUBLE ___ | NAMES FEATURING ""!"""
JERK,JERK,2,2025-02-11,2025-06-29,2,2,0,FLINCH | WREST
JERSEY,JERSEY,2,2024-07-16,2024-12-01,2,2,0,FOOTBALL GEAR | STARTS OF BROADWAY MUSICALS
JOGGER,JOGGER,2,2025-05-24,2026-01-03,2,2,0,"KINDS OF PANTS MINUS ""S"" | LEGWEAR IN THE SINGULAR"
JOHN,JOHN,2,2024-08-12,2025-03-12,2,2,0,SLANG FOR TOILET | ___ CANDY
JOHNSON,JOHNSON,2,2024-08-29,2024-12-04,2,2,0,SECOND NAMES IN COMPANIES WITH AMPERSANDS | STARTING WITH SYNONYMS FOR LAVATORY
JOINT,JOINT,2,2025-06-01,2025-12-15,2,2,0,DISREPUTABLE ESTABLISHMENT | LOCAL WATERING HOLE
JOKE,JOKE,2,2025-04-20,2026-04-29,2,2,0,STANDING ___ | THINGS YOU CAN CRACK
JONES,JONES,2,2025-05-08,2026-04-03,2,2,0,HANKER (FOR) | HEROES OF ACTION MOVIE FRANCHISES
JOT,JOT,2,2026-01-02,2026-05-25,2,2,0,TINY BIT | WRITE
JOURNEY,JOURNEY,2,2025-06-02,2025-12-26,2,2,0,'70S ROCK BANDS | EXPEDITION
JUG,JUG,2,2024-07-06,2024-11-15,2,2,0,INSTRUMENTS YOU BLOW INTO | OBJECTS PLAYED AS INSTRUMENTS
JUNIOR,JUNIOR,2,2024-12-03,2026-02-14,2,2,0,"SOPRANOS | WORDS BEFORE ""MINT"""
JUROR,JUROR,2,2025-01-02,2025-09-16,2,2,0,ONE IN A DOZEN | ONE IN A GROUP OF TWELVE
JURY,JURY,2,2025-06-10,2025-10-01,2,2,0,___ DUTY | ___ PRIZE
JUSTICE,JUSTICE,2,2024-07-29,2024-09-29,2,2,0,ASSOCIATED WITH SCALES | CABINET DEPARTMENTS
KALEIDOSCOPE,KALEIDOSCOPE,2,2024-07-28,2025-10-24,2,2,0,STARTING WITH VEGETABLES | THINGS KNOWN FOR BEING COLORFUL THINGS
KANGAROO,KANGAROO,2,2025-01-11,2025-09-17,2,2,0,LAST WORDS IN LONG-RUNNING CHILDREN’S SHOW TITLES | ___ COURT
KARAOKE,KARAOKE,2,2025-01-25,2025-10-13,2,2,0,BAR EVENTS | WORDS DERIVED FROM JAPANESE
KAYAK,KAYAK,2,2024-12-22,2025-12-17,2,2,0,HUMAN-POWERED WATERCRAFT | PALINDROMES
KEYS,KEYS,2,2025-03-11,2026-06-09,2,2,0,SINGER-SONGWRITER PIANISTS | SLANG FOR MUSICAL INSTRUMENTS
KHAKI,KHAKI,2,2025-07-10,2025-11-02,2,2,0,LIGHT BROWN SHADES | MILITARY CLOTHING DESCRIPTORS
KID,KID,2,2024-07-24,2026-04-19,2,2,0,JOKE AROUND WITH | LAST WORDS OF CANDY BRANDS IN THE SINGULAR
KILN,KILN,2,2025-04-22,2026-04-22,2,2,0,POTTERY EQUIPMENT | SEEN IN A POTTERY STUDIO
KILO,KILO,2,2025-05-14,2025-07-12,2,2,0,GREEK PREFIXES | IN THE NATO ALPHABET
KIND,KIND,2,2025-04-02,2025-09-27,2,2,0,ILK | LOVING
KINDER,KINDER,2,2024-12-01,2025-03-18,2,2,0,CANDY NAMES | GERMAN WORDS
KINDLE,KINDLE,2,2024-10-18,2026-06-17,2,2,0,"AMAZON ___ | STARTING WITH SYNONYMS FOR ""ILK"""
KIT,KIT,2,2024-07-24,2025-10-11,2,2,0,BABY ANIMALS | EQUIPMENT
KITTY,KITTY,2,2025-01-19,2025-10-23,2,2,0,FUND | WINNINGS
KNEE,KNEE,2,2025-02-11,2025-05-14,2,2,0,STARTING WITH SILENT LETTERS | ___CAP
KNIFE,KNIFE,2,2024-06-25,2025-11-05,2,2,0,SILENT “K” | WEAPONS IN THE GAME CLUE
KNUCKLE,KNUCKLE,2,2024-09-03,2024-11-30,2,2,0,___BALL PITCHES | ___HEAD
LADYBUG,LADYBUG,2,2024-11-18,2025-03-01,2,2,0,ASSOCIATED WITH GOOD LUCK | THINGS WITH SPOTS
LAMB,LAMB,2,2025-07-16,2026-06-09,2,2,0,STARTS OF GREEK LETTERS | SYMBOLS OF INNOCENCE
LAMP,LAMP,2,2025-02-06,2025-02-07,2,2,0,ASSOCIATED WITH THE GENIE IN “ALADDIN” | THINGS WITH NECKS
LANGUAGE,LANGUAGE,2,2024-08-17,2025-06-15,2,2,0,CONSIDERATIONS FOR MOVIE RATINGS | SPOKEN COMMUNICATION
LANYARD,LANYARD,2,2026-02-02,2026-05-09,2,2,0,CREDENTIALS FOR ENTRY | THINGS WORN AROUND THE NECK
LARK,LARK,2,2025-04-02,2025-09-20,2,2,0,CAPRICE | SKY___
LASSO,LASSO,2,2025-02-21,2026-04-13,2,2,0,PHOTOSHOP TOOLS | TV SHOW TITLE SURNAMES
LAST,LAST,2,2025-06-08,2026-05-23,2,2,0,"PERSIST | WORDS AFTER ""THE"" IN ""STAR WARS"" MOVIE TITLES"
LAUNCH,LAUNCH,2,2025-06-07,2025-09-01,2,2,0,ESTABLISH | FIRST APPEARANCE
LAUNDRY,LAUNDRY,2,2024-08-25,2025-07-05,2,2,0,ACTIVITIES THAT INVOLVE FOLDING | KINDS OF LISTS
LAUREL,LAUREL,2,2024-12-02,2024-12-22,2,2,0,FIRST IN A COMEDY DUO | ICON EMBROIDERED ON A POLO SHIRT
LEAK,LEAK,2,2024-11-15,2025-07-07,2,2,0,FISSURE | INFORMANT
LEAR,LEAR,2,2025-06-18,2026-05-27,2,2,0,BODY PART PLUS A STARTING LETTER | HOMOPHONES OF WAYS OF LOOKING
LEAVE,LEAVE,2,2024-10-06,2025-02-17,2,2,0,TIME OFF | TURN TAIL
LECTURE,LECTURE,2,2025-01-22,2025-04-19,2,2,0,SPOKEN PRESENTATION | TYPES OF ACADEMIC COURSES
LEGO SET,LEGO SET,2,2025-11-03,2025-12-04,2,2,0,THINGS WITH A LOT OF PIECES | THINGS YOU ASSEMBLE
LEGS,LEGS,2,2024-12-07,2026-06-15,2,2,0,LONG___ | STAYING POWER
LEPRECHAUN,LEPRECHAUN,2,2025-06-11,2025-12-09,2,2,0,ASSOCIATED WITH RAINBOWS | CEREAL MASCOTS
LESSON,LESSON,2,2025-05-18,2026-02-13,2,2,0,HOMOPHONES OF WAYS TO GET SMALLER | TASKS FOR A STUDENT
LEVY,LEVY,2,2025-03-14,2025-10-30,2,2,0,"IMPOSE, AS A PENALTY | PEOPLE WHOSE FIRST NAMES ARE U.S. CITIES"
LIBERTY BELL,LIBERTY BELL,2,2025-03-10,2025-12-31,2,2,0,ASSOCIATED WITH PHILADELPHIA | ATTRACTIONS ICONICALLY DIFFERENT FROM THEIR ORIGINAL FORMS
LICK,LICK,2,2024-11-09,2025-05-03,2,2,0,DEFEAT SOUNDLY | SMALLEST AMOUNT
LIGHT BULB,LIGHT BULB,2,2024-12-16,2026-03-23,2,2,0,CLASSIC JOKE STAPLES | GAME-CHANGING INVENTIONS
LIGHTER,LIGHTER,2,2024-12-09,2025-08-25,2,2,0,PIPE-SMOKING ACCESSORIES | USED IN STARTING A FIRE
LIGHTHOUSE,LIGHTHOUSE,2,2024-08-30,2025-02-19,2,2,0,STRUCTURES BY THE SHORE | WONDERS OF THE WORLD
LIMA,LIMA,2,2025-10-15,2026-03-08,2,2,0,CITIES | IN THE NATO PHONETIC ALPHABET
LIMB,LIMB,2,2025-01-08,2026-01-09,2,2,0,SECTION | USED IN METAPHORS FOR PRECARIOUS SITUATIONS
LINER,LINER,2,2024-06-17,2026-01-29,2,2,0,KINDS OF LIP MAKEUP | MAKEUP
LISTEN,LISTEN,2,2024-07-13,2026-05-26,2,2,0,ANAGRAMS | SILENT “T”
LITERARY,LITERARY,2,2025-06-23,2026-04-23,2,2,0,FICTION CATEGORIES | KINDS OF FICTION
LOAD,LOAD,2,2025-06-28,2025-11-02,2,2,0,GOODS TO BE TRANSPORTED | GREAT MANY
LOCKER,LOCKER,2,2025-04-07,2025-07-08,2,2,0,FOOT___ | SEEN IN A LOCKER ROOM
LOSE,LOSE,2,2025-03-02,2025-07-10,2,2,0,"EVADE | FAIL TO TAKE ADVANTAGE OF, AS AN OPPORTUNITY"
LOTTERY,LOTTERY,2,2024-09-22,2026-02-04,2,2,0,CHANCE TO WIN A PRIZE | GAMES OF CHANCE
LUGGAGE,LUGGAGE,2,2026-03-01,2026-06-24,2,2,0,CLASSIC WEDDING GIFTS | VACATION EMOJI
LUMP,LUMP,2,2026-02-14,2026-05-18,2,2,0,FRUIT ANAGRAMS | PROTUBERANCE
LUTE,LUTE,2,2025-06-08,2025-07-24,2,2,0,HOMOPHONES OF SLANG FOR MONEY | HOMOPHONES OF SYNONYMS FOR “NAB”
LUXE,LUXE,2,2025-06-21,2025-07-26,2,2,0,STARTS OF EUROPEAN CAPITALS | STARTS OF EUROPEAN COUNTRIES
LUXURY,LUXURY,2,2024-10-22,2026-03-20,2,2,0,BRAND-NAME | WORDS ON A MONOPOLY BOARD
M,M,2,2024-07-05,2024-12-23,2,2,0,"CHARACTERS IN BOND MOVIES | WAYS TO EXPRESS 1,000"
MA,MA,2,2024-08-16,2025-07-25,2,2,0,STATE ABBREVIATIONS | U.S. STATE ABBREVIATIONS
MAC,MAC,2,2025-08-15,2026-03-03,2,2,0,"""BIG"" THINGS | STARTS OF CULINARY NUTS"
MACARONI,MACARONI,2,2025-02-22,2025-05-17,2,2,0,KINDS OF PENGUINS | SUPPLIES FOR MACARONI ART
MAD,MAD,2,2024-07-05,2025-02-11,2,2,0,MAGAZINES | ___CAP
MAGNIFYING GLASS,MAGNIFYING GLASS,2,2024-12-09,2026-04-05,2,2,0,PARTS OF A SHERLOCK HOLMES COSTUME | USED IN STARTING A FIRE
MAKE,MAKE,2,2025-01-05,2026-02-12,2,2,0,CONSTRUCT | EARN
MALL,MALL,2,2025-01-16,2025-05-22,2,2,0,FEATURES OF THE NATIONAL MALL IN D.C. | ___ RAT
MANAGE,MANAGE,2,2024-08-05,2024-12-18,2,2,0,DEAL WITH | SURVIVE
MARCH,MARCH,2,2025-07-26,2026-05-24,2,2,0,LABOR PROTEST ACTIONS | TRAVEL ON FOOT
MARIGOLD,MARIGOLD,2,2025-05-13,2025-11-24,2,2,0,ENDING IN COLORS | ENDING WITH COLORS
MARS,MARS,2,2024-08-10,2024-11-11,2,2,0,CANDY BARS | THINGS THAT ARE RED
MARSALA,MARSALA,2,2025-08-19,2026-01-08,2,2,0,FORTIFIED WINES | STARTING WITH CANDY BARS
MARVEL,MARVEL,2,2025-08-08,2026-04-18,2,2,0,LOOK AT WITH AWE | WORDS AFTER THE LETTERS “MS”
MARY,MARY,2,2025-07-25,2026-03-23,2,2,0,"""VIRGIN"" THINGS | QUEEN ___"
MASTERMIND,MASTERMIND,2,2024-10-22,2025-12-05,2,2,0,CLASSIC BOARD GAMES | DEVISE
MATRIX,MATRIX,2,2024-09-27,2025-01-11,2,2,0,"DISPLAY OF ROWS AND COLUMNS | SCI-FI MOVIES, WITH “THE”"
MATTE,MATTE,2,2024-09-17,2025-10-08,2,2,0,NAME HOMOPHONES | PAINT FINISHES
MATURE,MATURE,2,2024-10-09,2025-03-24,2,2,0,"BURGEON | WHO VIDEO GAMES ARE FOR, PER ESRB RATINGS"
MAZE,MAZE,2,2024-07-09,2025-08-09,2,2,0,CORN-Y THINGS | WORDS AFTER “HEDGE”
MEAT,MEAT,2,2024-06-24,2024-11-11,2,2,0,GIST | RED ___
MEDAL,MEDAL,2,2025-05-31,2026-05-26,2,2,0,CHAMPIONSHIP AWARDS | WAYS TO RECOGNIZE ACHIEVEMENT
MEDIA,MEDIA,2,2025-12-18,2026-05-28,2,2,0,FOURTH ESTATE | SOCIAL ___
MELON,MELON,2,2025-05-19,2026-06-08,2,2,0,FEATURES OF A TOOTHED WHALE | SLANG FOR HEAD
MELT,MELT,2,2024-07-07,2024-12-30,2,2,0,CHANGE STATES OF MATTER | LUNCH ORDERS
MELTING,MELTING,2,2025-01-04,2025-07-21,2,2,0,DEPICTED IN DALÍ’S “THE PERSISTENCE OF MEMORY” | PHASE TRANSITIONS FOR LIQUIDS
MEMORY,MEMORY,2,2025-01-08,2025-10-03,2,2,0,DISTINCTIVE FEATURES OF AN ELEPHANT | SONGS FROM MUSICALS
MEND,MEND,2,2025-05-07,2025-10-04,2,2,0,"FIX A HOLE IN CLOTHING | GET BETTER, AS A BROKEN BONE"
MERCY,MERCY,2,2025-02-10,2025-12-10,2,2,0,"""MY GOODNESS!"" | “AAH, ENOUGH!”"
MERRILY,MERRILY,2,2024-07-16,2025-03-01,2,2,0,"BROADWAY MUSICALS, FAMILIARLY | STARTS OF BROADWAY MUSICALS"
MERRY-GO-ROUND,MERRY-GO-ROUND,2,2024-06-21,2025-11-25,2,2,0,AMUSEMENT PARK RIDES | STARTING WITH OPTIMISTIC WORDS
MESSAGE,MESSAGE,2,2024-11-06,2025-03-20,2,2,0,COMMUNICATE THROUGH WRITING | THINGS IN BOTTLES
MESSENGER,MESSENGER,2,2024-06-28,2026-04-21,2,2,0,KINDS OF BAGS | TYPES OF BAGS
MET,MET,2,2025-05-24,2025-12-02,2,2,0,MLB PLAYER | NEW YORK SPORTS TEAM MEMBERS
METER,METER,2,2025-01-02,2026-01-23,2,2,0,CADENCE | KINDS OF PARKING
MIA,MIA,2,2024-08-09,2025-11-23,2,2,0,NOT PRESENT | SECOND WORDS IN TITLES OF ABBA HITS
MIC,MIC,2,2024-09-17,2025-07-19,2,2,0,NAME HOMOPHONES | STARTS OF TEENAGE MUTANT NINJA TURTLES
MICKEY,MICKEY,2,2024-08-14,2025-03-09,2,2,0,#1 SONGS FROM 1982 | FIRST NAMES OF YANKEES LEGENDS
MICROPHONE,MICROPHONE,2,2025-03-09,2026-06-25,2,2,0,COMPUTER INPUT DEVICES | COMPUTER PERIPHERALS
MICROSCOPE,MICROSCOPE,2,2024-12-09,2026-03-09,2,2,0,METAPHORS FOR PUBLIC SCRUTINY | USED TO VIEW A BIOLOGICAL SAMPLE
MINCE,MINCE,2,2025-08-05,2026-02-03,2,2,0,CUT INTO PIECES | MAKE INTO SMALLER PIECES WHILE COOKING
MIND,MIND,2,2024-08-06,2025-02-28,2,2,0,LUCIDITY | TAKE ISSUE
MINE,MINE,2,2024-06-27,2025-04-10,2,2,0,GOLD ___ | SUPPLY
MINEFIELD,MINEFIELD,2,2024-12-28,2025-10-13,2,2,0,METAPHORS FOR POTENTIALLY VOLATILE SITUATIONS | STARTING WITH POSSESSIVE PRONOUNS
MINIATURE,MINIATURE,2,2025-01-21,2026-06-13,2,2,0,SMALL LIKENESS | USED IN MOVIE PRACTICAL EFFECTS
MISTLETOE,MISTLETOE,2,2026-01-14,2026-02-23,2,2,0,SETTINGS FOR A KISS | STARTING WITH WEATHER CONDITIONS
MITE,MITE,2,2025-02-03,2025-08-04,2,2,0,"ARTHROPODS | TINY AMOUNT, WITH “A”"
MIX,MIX,2,2024-08-02,2026-05-01,2,2,0,NUMBERS WITH FIRST LETTER CHANGED | THINGS A DJ DOES
MIXTURE,MIXTURE,2,2024-12-20,2025-04-29,2,2,0,CONCOCTION | COOKING CONCOCTIONS
MODE,MODE,2,2025-03-19,2026-05-20,2,2,0,MUSIC THEORY CONCEPTS | À/A LA ___
MOM,MOM,2,2025-06-14,2025-06-23,2,2,0,ELEMENTS OF A CLASSIC “MOM” TATTOO | KINDS OF JEANS
MOMENTUM,MOMENTUM,2,2026-03-28,2026-06-15,2,2,0,QUANTITIES IN MECHANICS | STAYING POWER
MONEYPENNY,MONEYPENNY,2,2024-07-05,2026-01-12,2,2,0,CHARACTERS IN BOND MOVIES | ENDING IN U.S. COINS
MONK,MONK,2,2024-12-22,2025-01-22,2,2,0,ONES WEARING ROBES | POLICE PROCEDURALS
MONKEY,MONKEY,2,2025-08-03,2026-04-08,2,2,0,KINDS OF BAR APPARATUSES | SINGLE ANIMAL IN A CREATIVELY SPELLED BAND NAME
MONKEY BARS,MONKEY BARS,2,2024-08-28,2026-03-27,2,2,0,ENDING IN WORDS FOR CELLULAR CONNECTIVITY | PLAYGROUND EQUIPMENT
MORTGAGE,MORTGAGE,2,2025-07-23,2025-12-13,2,2,0,"RELATED TO BUYING A HOME | SILENT ""T"""
MOUSSE,MOUSSE,2,2024-06-24,2025-04-28,2,2,0,ANIMAL HOMOPHONES | HAIR PRODUCTS
MOVE,MOVE,2,2025-03-15,2025-03-27,2,2,0,AFFECT | LITIGATION VERBS
MOVIE,MOVIE,2,2025-04-14,2026-01-14,2,2,0,SILENT ___ | TICKETED EVENTS
MUDDLE,MUDDLE,2,2024-11-20,2026-05-10,2,2,0,COCKTAIL-MAKING VERBS | VERBS IN MAKING A MOJITO
MUMMY,MUMMY,2,2024-07-25,2024-12-03,2,2,0,FAMILIAL NICKNAMES | WRAPPED THINGS
MURPHY,MURPHY,2,2024-12-21,2025-05-20,2,2,0,KINDS OF BEDS | WORDS BEFORE “BED”
MUSICAL NOTE,MUSICAL NOTE,2,2025-07-04,2025-12-25,2,2,0,THINGS WITH STEMS | WHAT “LA” MIGHT REFER TO
MYSTERY,MYSTERY,2,2025-09-02,2025-10-30,2,2,0,FICTION GENRES | STARTING WITH POSSESSIVE DETERMINERS
NAIL FILE,NAIL FILE,2,2025-11-09,2026-01-30,2,2,0,GROOMING ITEMS | PERSONAL GROOMING ITEMS
NATURAL,NATURAL,2,2024-07-20,2024-10-17,2,2,0,EFFORTLESS | ___ LAW
NAVY,NAVY,2,2024-10-21,2025-10-15,2,2,0,KINDS OF BEANS | ___ SEAL
NEARBY,NEARBY,2,2025-02-18,2025-08-17,2,2,0,ACCESSIBLE | CONVENIENTLY LOCATED
NECK,NECK,2,2024-08-17,2025-03-15,2,2,0,CANOODLE | FEATURES OF STRINGED INSTRUMENTS
NEIGHBOR,NEIGHBOR,2,2026-03-03,2026-04-23,2,2,0,BE ADJACENT TO | BORDER
NETTLE,NETTLE,2,2024-10-19,2025-07-29,2,2,0,IRRITATE | THINGS THAT MIGHT STING
NEUTRAL,NEUTRAL,2,2024-09-22,2024-10-21,2,2,0,AUTOMATIC GEAR SHIFTER POSITIONS | COLOR TYPES
NEWS,NEWS,2,2024-10-24,2026-05-28,2,2,0,FOURTH ESTATE | NYT OFFERINGS
NEWSPAPER,NEWSPAPER,2,2026-01-21,2026-06-01,2,2,0,ITEMS TO RECYCLE | OLD-TIMEY LOUNGING ACCESSORIES
NIGHT,NIGHT,2,2025-02-11,2026-04-07,2,2,0,___CAP | ___LIFE
NO,NO,2,2025-01-21,2025-08-27,2,2,0,BINARY QUESTION OPTIONS | DOCTORS IN POP CULTURE
NO SWEAT,NO SWEAT,2,2024-12-28,2025-07-27,2,2,0,"""NOTHING TO IT!"" | “NOTHING TO IT!”"
NOBLE,NOBLE,2,2024-08-29,2025-02-06,2,2,0,MAGNANIMOUS | SECOND NAMES IN COMPANIES WITH AMPERSANDS
NORMAL,NORMAL,2,2024-10-01,2025-08-11,2,2,0,DISHWASHER CYCLES | ORDINARY
NOTICE,NOTICE,2,2025-01-02,2025-04-03,2,2,0,PERCEIVE | PRINTED NOTIFICATION
NOVA,NOVA,2,2024-07-01,2024-09-19,2,2,0,FIRST WORDS OF CANADIAN PROVINCES/TERRITORIES | PBS SHOWS
NOVEL,NOVEL,2,2024-09-24,2024-11-06,2,2,0,GROUNDBREAKING | INSPIRED
NUGGET,NUGGET,2,2024-09-11,2025-03-03,2,2,0,BITS OF WISDOM | FORMATS OF GOLD
NUMBERS,NUMBERS,2,2024-07-02,2025-04-08,2,2,0,OLD TESTAMENT BOOKS | ___ GAME
NUN,NUN,2,2024-12-22,2026-03-13,2,2,0,HOMOPHONES OF NON-NUMERIC AMOUNTS | PALINDROMES
NUTMEG,NUTMEG,2,2024-12-15,2026-05-27,2,2,0,"ENDING IN THE ""LITTLE WOMEN"" MARCH SISTERS | SPICES"
ODD,ODD,2,2024-07-12,2025-08-27,2,2,0,ROULETTE BETS | ROULETTE OPTIONS
ODYSSEY,ODYSSEY,2,2025-06-02,2025-12-17,2,2,0,EXPEDITION | HONDA MODELS
OEDIPUS,OEDIPUS,2,2025-07-02,2026-02-15,2,2,0,ASSOCIATED WITH FREUD | KINDS OF COMPLEXES
OFF,OFF,2,2024-09-02,2026-05-20,2,2,0,PECULIAR | STOVE KNOB SETTINGS
OKAY,OKAY,2,2026-02-10,2026-03-16,2,2,0,WORDS SPELLING OUT INITIALISMS | WORDS THAT SOUND LIKE STATE ABBREVIATIONS
ONLY,ONLY,2,2024-06-15,2025-10-27,2,2,0,IN THE SLIGHTEST | ___ CHILD
OPERA,OPERA,2,2025-01-17,2026-05-02,2,2,0,STAGED PERFORMANCES | WEB BROWSERS
OPPOSITE,OPPOSITE,2,2025-05-26,2026-01-05,2,2,0,DIAMETRIC | FURTHEST POINT
ORACLE,ORACLE,2,2024-09-21,2024-12-05,2,2,0,CLAIRVOYANT | TECH COMPANIES
ORANGE,ORANGE,2,2025-01-10,2025-03-12,2,2,0,INGREDIENTS IN AN OLD FASHIONED | WORDS SAID TO HAVE NO EXACT RHYMES
ORGAN,ORGAN,2,2025-02-27,2025-07-30,2,2,0,LEVELS OF BIOLOGICAL ORGANIZATION | MEANS
OUNCE,OUNCE,2,2024-11-09,2025-05-23,2,2,0,BRITISH IMPERIAL UNITS OF WEIGHT | SMALLEST AMOUNT
OXEN,OXEN,2,2025-03-18,2025-04-14,2,2,0,ASSOCIATED WITH THE GAME THE OREGON TRAIL | PLURAL WORDS THAT ARE VERY DIFFERENT FROM THEIR SINGULAR FORMS
PADDLE,PADDLE,2,2024-10-20,2025-01-02,2,2,0,DOG ___ | TABLE TENNIS NEEDS
PAIR,PAIR,2,2024-12-29,2026-05-18,2,2,0,HOMOPHONES | TREE HOMOPHONES
PANAMA,PANAMA,2,2025-03-29,2026-01-16,2,2,0,KINDS OF HATS | NOUNS IN A FAMOUS PALINDROME
PANCAKE,PANCAKE,2,2025-05-27,2026-04-05,2,2,0,ROUND FLAT THINGS | THINGS TO FLIP
PANDORA’S BOX,PANDORA’S BOX,2,2024-12-28,2025-10-13,2,2,0,METAPHORS FOR POTENTIALLY VOLATILE SITUATIONS | OBJECTS FROM GREEK MYTH
PAPERS,PAPERS,2,2025-06-19,2026-05-28,2,2,0,COMPONENTS OF ONE’S GRADE | FOURTH ESTATE
PAR,PAR,2,2025-03-30,2025-12-06,2,2,0,AVERAGE | NORM
PARALLEL,PARALLEL,2,2024-09-23,2026-04-08,2,2,0,KINDS OF BAR APPARATUSES | ___ PARK
PARASITE,PARASITE,2,2025-11-18,2026-03-06,2,2,0,"ENDING IN SYNONYMS FOR ""LOCATION"" | FREELOADER"
PARLIAMENT,PARLIAMENT,2,2025-10-30,2026-02-13,2,2,0,CIGARETTE BRANDS | COLLECTIVE NOUNS FOR BIRDS
PARROT,PARROT,2,2024-08-08,2025-08-03,2,2,0,EMULATE | REITERATE
PARTNER,PARTNER,2,2024-08-15,2026-01-14,2,2,0,OTHER HALF | SILENT ___
PASSAGE,PASSAGE,2,2024-11-15,2025-08-13,2,2,0,EXCERPT | ___ OF TIME
PAST,PAST,2,2025-02-26,2026-02-21,2,2,0,EXPERIENCE | ONETIME
PATRON,PATRON,2,2026-01-15,2026-04-11,2,2,0,BENEFACTOR | WORDS FORMED BY TWO MEN’S NAMES
PAY,PAY,2,2025-08-15,2025-11-10,2,2,0,"HANDLE, AS A BILL | SATISFY, AS DEBTS"
PEEL,PEEL,2,2025-09-08,2026-01-01,2,2,0,FICTIONAL SPIES | REMOVE THE COVERING FROM
PEEP,PEEP,2,2024-07-23,2025-04-20,2,2,0,GLIMPSE | UTTERANCE
PEER,PEER,2,2025-12-19,2026-04-08,2,2,0,COHORT MEMBER | HOMOPHONES OF PLACES TO PARK A SHIP
PEG,PEG,2,2025-03-15,2025-11-28,2,2,0,FEATURES OF STRINGED INSTRUMENTS | PARTS OF AN ELECTRIC GUITAR
PELT,PELT,2,2025-03-28,2026-01-17,2,2,0,HURL | THROW
PENGUIN,PENGUIN,2,2025-04-24,2026-01-27,2,2,0,NHL TEAM MEMBER | “BATMAN” VILLAINS
PENN,PENN,2,2024-11-21,2026-03-10,2,2,0,STARTS OF PASTA NAMES | U.S. STATE ABBREVIATIONS
PEP,PEP,2,2024-09-13,2025-05-10,2,2,0,PALINDROMES FEATURING “E” | VIGOR
PEPPERONI,PEPPERONI,2,2025-01-17,2026-04-24,2,2,0,ENDING WITH BEER BRANDS | PIZZA INGREDIENTS
PERSONAL,PERSONAL,2,2024-06-26,2025-09-13,2,2,0,INTIMATE AND UNDISCLOSED | ___ AD
PETITION,PETITION,2,2025-08-17,2025-09-12,2,2,0,ENTREATY | FIRST AMENDMENT FREEDOMS
PHARAOH,PHARAOH,2,2024-11-13,2025-10-22,2,2,0,KINDS OF ANTS | WORDS THAT SEEM LONGER WRITTEN THAN SPOKEN
PHEW,PHEW,2,2026-02-21,2026-03-13,2,2,0,COMMENTARY ABOUT YOUR CONNECTIONS RESULTS | HOMOPHONES OF NON-NUMERIC AMOUNTS
PICKUP,PICKUP,2,2025-03-17,2025-11-28,2,2,0,KINDS OF TRUCKS | PARTS OF AN ELECTRIC GUITAR
PICNIC,PICNIC,2,2025-01-06,2025-07-27,2,2,0,METAPHORS FOR EASY THINGS | OUTDOOR EVENTS
PICTURE,PICTURE,2,2025-09-24,2026-03-28,2,2,0,MOVIE | TEXTBOOK IMAGES
PIE,PIE,2,2024-08-21,2025-01-06,2,2,0,KINDS OF CHARTS | METAPHORS FOR EASY THINGS
PIECE OF CAKE,PIECE OF CAKE,2,2024-12-28,2025-07-27,2,2,0,"""NOTHING TO IT!"" | “NOTHING TO IT!”"
PIERCE,PIERCE,2,2025-04-08,2025-08-07,2,2,0,PERFORATE | PRICK
PIGEON,PIGEON,2,2024-07-12,2025-11-29,2,2,0,ASSOCIATED WITH “DOVE” | PARK STAPLES
PILLOW,PILLOW,2,2024-12-16,2025-12-05,2,2,0,KINDS OF PLAY FIGHTS | ___ TALK
PINK FLOYD,PINK FLOYD,2,2026-04-01,2026-06-24,2,2,1,PROG BANDS | ROCK BANDS
PINKY,PINKY,2,2025-11-01,2026-06-26,2,2,0,COLORS PLUS A LETTER | RODENTS WHO ARE FIRST IN A CARTOON DUO
PINTO,PINTO,2,2024-10-21,2025-10-15,2,2,0,FORD MODELS | KINDS OF BEANS
PINWHEEL,PINWHEEL,2,2024-06-16,2025-09-17,2,2,0,CLASSIC LAWN ORNAMENTS | THEY'RE BLOWIN' IN THE WIND
PIP,PIP,2,2025-03-04,2025-09-15,2,2,0,DICKENS CHARACTERS | MEMBER OF A CLASSIC BACKING BAND
PIPER,PIPER,2,2024-07-16,2025-03-06,2,2,0,PETER ___ | SAND___
PIRATE,PIRATE,2,2024-08-08,2026-01-21,2,2,0,PLAGIARIZE | ___ RADIO
PITCHER,PITCHER,2,2025-04-29,2026-03-28,2,2,0,SEEN ON A TABLE AT A DINNER PARTY | ___ PLANT
PIZZA,PIZZA,2,2025-01-30,2025-04-06,2,2,0,GAME DAY FARE | ___ JOINT
PLACED,PLACED,2,2024-06-29,2025-10-02,2,2,0,PLACED DOWN | SITUATED
PLAN,PLAN,2,2024-09-04,2025-03-29,2,2,0,HELP PUT ON A PARTY | NOUNS IN A FAMOUS PALINDROME
PLANK,PLANK,2,2024-11-02,2026-03-31,2,2,0,CORE EXERCISES | PARTS OF A PIRATE SHIP
PLAQUE,PLAQUE,2,2024-11-13,2025-05-31,2,2,0,CONCERNS FOR A DENTIST | WAYS TO RECOGNIZE ACHIEVEMENT
PLATTER,PLATTER,2,2024-09-09,2026-01-28,2,2,0,COMPONENTS OF A RECORD PLAYER | FLAVOR ASSORTMENT
PLAYER,PLAYER,2,2024-08-29,2025-02-08,2,2,0,INFO ON A BASEBALL CARD | KINDS OF PIANOS
PLAZA,PLAZA,2,2024-07-18,2024-11-26,2,2,0,FEATURED IN “ELOISE” | OPEN SPACE
PLUM,PLUM,2,2025-11-18,2026-02-17,2,2,0,KINDS OF TOMATOES | SAUCES IN CHINESE CUISINE
PLUS,PLUS,2,2024-07-19,2026-02-07,2,2,1,GAS PUMP OPTIONS | SYMBOLS USED IN ARITHMETIC
POACH,POACH,2,2024-09-30,2025-03-07,2,2,0,COOK WITH HEAT AND WATER | FRUITS WITH THEIR SECOND LETTERS CHANGED
POLAR,POLAR,2,2025-05-26,2025-09-26,2,2,0,DIAMETRIC | KINDS OF BEARS
PORCH,PORCH,2,2024-09-18,2026-05-03,2,2,0,GATHERING SPOT OUTSIDE A RESIDENCE | HOME STRUCTURES
PORRIDGE,PORRIDGE,2,2025-10-31,2026-01-29,2,2,1,FEATURED IN GOLDILOCKS AND THE THREE BEARS | GOLDILOCKS
PORTER,PORTER,2,2024-07-31,2024-08-13,2,2,0,ALE STYLES | ___HOUSE (THAT AREN’T HOUSES)
POSTURE,POSTURE,2,2025-06-03,2026-02-23,2,2,0,BE OSTENTATIOUS | POSE
POTATO,POTATO,2,2025-06-13,2025-09-24,2,2,0,HOT ___ | SWEET ___
PREMIUM,PREMIUM,2,2024-07-19,2025-12-27,2,2,0,AIRLINE CLASSES | GAS PUMP OPTIONS
PRESIDENT,PRESIDENT,2,2025-04-14,2025-09-01,2,2,0,ONES CELEBRATED WITH HOLIDAYS | WHAT “FORD” MIGHT REFER TO
PRINCE,PRINCE,2,2024-07-01,2024-10-27,2,2,0,FIRST WORDS OF CANADIAN PROVINCES/TERRITORIES | THE LITTLE ___
PRINTER,PRINTER,2,2025-09-16,2026-06-25,2,2,0,COMPUTER PERIPHERALS | THINGS WITH INK
PRIOR,PRIOR,2,2024-09-08,2025-02-26,2,2,0,ECCLESIASTICAL TITLES | ONETIME
PRODUCE,PRODUCE,2,2024-07-27,2026-02-12,2,2,0,"CONSTRUCT | CREATE, AS RESULTS"
PRODUCT,PRODUCT,2,2025-05-09,2025-08-09,2,2,0,RESULT | RESULTS OF SOME ARITHMETIC
PROJECT,PROJECT,2,2024-11-29,2026-04-12,2,2,0,EMIT | UNDERTAKING
PROJECTOR,PROJECTOR,2,2024-08-22,2025-10-17,2,2,0,CLASSIC MOVIE THEATER EQUIPMENT | USED DURING A PRESENTATION
PROMOTION,PROMOTION,2,2024-11-26,2025-07-29,2,2,0,DISCOUNT | GOOD THINGS TO GET AT WORK
PROPER,PROPER,2,2025-05-29,2025-11-28,2,2,0,FITTING | SUITABLE
PSYCH,PSYCH,2,2024-09-17,2025-06-10,2,2,0,"'80S SLANG | GET EXCITED, WITH ""UP"""
PSYCHO,PSYCHO,2,2025-03-16,2026-03-29,2,2,0,"SERIAL KILLER MOVIES | SILENT ""P"""
PUCK,PUCK,2,2025-10-23,2026-02-11,2,2,0,COMPACT MASS | PIECES OF OLYMPIC SPORTS EQUIPMENT
PUCKER,PUCKER,2,2025-02-08,2025-05-12,2,2,0,"SCRUNCH, AS FABRIC | THINGS YOU CAN DO WITH YOUR LIPS"
PUNK,PUNK,2,2024-08-09,2025-09-29,2,2,0,PLAY A JOKE ON | ROCK GENRES
PURPLE,PURPLE,2,2025-03-12,2025-12-25,2,2,0,"ORNATE, AS PROSE | WORDS SAID TO HAVE NO EXACT RHYMES"
PURR,PURR,2,2024-10-06,2024-10-07,2,2,0,CAR ONOMATOPOEIA | THINGS CATS DO
PUSH,PUSH,2,2025-08-17,2025-12-08,2,2,0,"GOAD, WITH ""ON"" | WORDS ON A DOOR"
PUT,PUT,2,2024-06-29,2025-10-02,2,2,0,PLACED DOWN | SITUATED
PUZZLE,PUZZLE,2,2024-12-06,2025-12-04,2,2,0,BAFFLE | THINGS YOU ASSEMBLE
QUACK,QUACK,2,2024-07-23,2024-11-28,2,2,0,FRAUDSTER | IMPOSTOR
QUARTER,QUARTER,2,2025-12-15,2026-02-03,2,2,0,PROVIDE WITH A PLACE TO STAY | TOURNAMENT ROUNDS
QUASH,QUASH,2,2025-09-21,2026-01-02,2,2,0,VEGETABLES MINUS STARTING LETTER | VEGETABLES WITH FIRST LETTER REMOVED
QUEST,QUEST,2,2024-06-27,2025-06-02,2,2,0,EXPEDITION | PURSUIT
QUIT,QUIT,2,2025-06-09,2025-06-17,2,2,0,BAD THINGS FOR A WEBSITE TO DO | KEYBOARD SHORTCUT COMMANDS
RABBIT,RABBIT,2,2024-07-16,2026-04-13,2,2,0,ACCESSORIES FOR A MAGICIAN | PETER ___
RACE,RACE,2,2024-09-08,2025-09-10,2,2,0,MOVE QUICKLY | WHAT A HEART DOES WHEN EXCITED
RAD,RAD,2,2024-10-10,2026-02-18,2,2,0,"COOL, IN ’80S SLANG | RETRO SLANG FOR COOL"
RADIATE,RADIATE,2,2025-10-27,2026-04-12,2,2,0,EMANATE | EMIT
RADICAL,RADICAL,2,2024-11-09,2025-06-10,2,2,0,'80S SLANG | ALGEBRA TERMS
RAILROAD,RAILROAD,2,2025-05-19,2025-11-16,2,2,0,SPACES ON A MONOPOLY BOARD | WORDS ON MONOPOLY SQUARES
RAINMAKER,RAINMAKER,2,2025-09-25,2026-01-14,2,2,0,"MATT DAMON MOVIES, WITH ""THE"" | STARTING WITH WEATHER CONDITIONS"
RANCH,RANCH,2,2024-08-17,2026-06-16,2,2,0,CREAMY SALAD DRESSINGS | HOUSE STYLES
RANGER,RANGER,2,2025-05-24,2026-01-27,2,2,0,NEW YORK SPORTS TEAM MEMBERS | NHL TEAM MEMBER
RANKLE,RANKLE,2,2025-06-18,2026-01-13,2,2,0,BODY PART PLUS A STARTING LETTER | PARTS OF THE FOOT PLUS STARTING LETTER
RAP,RAP,2,2025-07-19,2025-09-06,2,2,0,"""BEST ___ PERFORMANCE"" GRAMMY AWARD | STARTS OF TEENAGE MUTANT NINJA TURTLES"
RATS,RATS,2,2024-12-12,2025-10-04,2,2,1,ANAGRAMS | MILD OATHS
RATTLESNAKE,RATTLESNAKE,2,2025-02-12,2025-12-16,2,2,0,"STARTING WITH PERCUSSION INSTRUMENTS | STARTING WITH “SHAKE, RATTLE AND ROLL”"
RAW,RAW,2,2024-06-24,2025-11-22,2,2,0,SORE TO THE TOUCH | ___ DEAL
REACH,REACH,2,2024-08-15,2025-03-27,2,2,0,AFFECT | BREADTH
READY,READY,2,2025-02-18,2025-09-18,2,2,0,ACCESSIBLE | FURNISH
RECEIPT,RECEIPT,2,2025-02-12,2026-03-29,2,2,0,"DOCUMENTS OF OWNERSHIP | SILENT ""P"""
RECORDER,RECORDER,2,2024-07-22,2024-11-15,2,2,0,INSTRUMENTS YOU BLOW INTO | MUSICAL INSTRUMENTS
REFER,REFER,2,2024-09-13,2026-03-08,2,2,0,PALINDROMES | PALINDROMES FEATURING “E”
REFERENCE,REFERENCE,2,2025-12-21,2025-12-27,2,2,0,ATTRIBUTE | LIBRARY SECTIONS
REFLECT,REFLECT,2,2025-01-24,2025-11-09,2,2,0,CONTEMPLATE | PONDER
REFRAIN,REFRAIN,2,2025-04-15,2025-06-04,2,2,0,DESIST | PARTS OF A SONG
REGARD,REGARD,2,2024-08-29,2025-04-30,2,2,0,DEEM | REPUTATION
REGULAR,REGULAR,2,2024-07-19,2025-06-06,2,2,0,EVERYDAY | GAS PUMP OPTIONS
RELATIONS,RELATIONS,2,2025-07-08,2025-08-02,2,2,0,LIAISON | POLITE TERMS FOR SEX
RELAX,RELAX,2,2024-06-23,2025-01-10,2,2,0,“CALM DOWN” | “SETTLE DOWN!”
RENT,RENT,2,2024-11-18,2025-08-24,2,2,0,MONTHLY EXPENSES | RIPPED
REPEAT,REPEAT,2,2024-08-08,2026-05-10,2,2,0,MUSIC PLAYER BUTTONS | REITERATE
REPORT,REPORT,2,2025-06-22,2025-12-27,2,2,0,ENDING WITH ALCOHOLIC BEVERAGES | NEWS ANNOUNCEMENT
REQUEST,REQUEST,2,2025-06-09,2026-04-28,2,2,0,ENTREATY | SECURE IN ADVANCE
RETREAT,RETREAT,2,2024-10-06,2024-12-01,2,2,0,SANCTUARY | TURN TAIL
REVIEW,REVIEW,2,2025-10-14,2025-11-14,2,2,0,EVALUATE | SUMMARY
REVOLUTION,REVOLUTION,2,2024-07-04,2025-12-01,2,2,0,COMPLETE TURN | SINGLE ROTATION
REX,REX,2,2024-12-06,2025-07-02,2,2,0,"WORDS AFTER “T-” | “TOY STORY” CHARACTERS, FAMILIARLY"
RICH,RICH,2,2026-01-06,2026-03-21,2,2,0,20TH CENTURY AMERICAN POETS | SONOROUS
RIOT,RIOT,2,2025-11-18,2026-02-16,2,2,0,FUNNY PERSON | KNEE SLAPPER
RITZ,RITZ,2,2024-07-18,2024-11-26,2,2,0,GLITZINESS | KINDS OF CRACKERS
ROCKER,ROCKER,2,2024-10-26,2026-06-20,2,2,0,KINDS OF CHAIRS | PLACES TO LIE/SIT THAT MOVE
RODEO,RODEO,2,2025-05-16,2025-12-08,2,2,0,ASSOCIATED WITH BULLS | FAMOUS STREETS IN LOS ANGELES
ROGER,ROGER,2,2025-04-08,2025-09-16,2,2,0,RADIO LINGO | ___ RABBIT
ROLLER COASTER,ROLLER COASTER,2,2024-06-21,2025-06-30,2,2,0,AMUSEMENT PARK RIDES | METAPHORS FOR A DRAMATIC AND CHAOTIC EVENT
ROLLERBLADE,ROLLERBLADE,2,2024-10-30,2025-02-12,2,2,0,"STARTING WITH “SHAKE, RATTLE AND ROLL” | THINGS WITH WHEELS"
ROMAN,ROMAN,2,2024-10-29,2025-04-13,2,2,0,FONT-MODIFYING WORDS | SINGULAR NOUN IN A FAMOUS “JULIUS CAESAR” LINE
ROMEO,ROMEO,2,2025-01-30,2026-03-07,2,2,0,"""WHEREFORE ART THOU ROMEO?"" | STARTING WITH EUROPEAN CAPITALS"
ROOM,ROOM,2,2025-04-30,2026-04-29,2,2,0,ACCOMMODATION | STANDING ___
ROOSTER,ROOSTER,2,2025-02-20,2025-06-11,2,2,0,ASSOCIATED WITH EARLY MORNING | CEREAL MASCOTS
ROSEBUD,ROSEBUD,2,2024-12-11,2025-01-17,2,2,0,ENDING IN SYNONYMS FOR “FRIEND” | ENDING WITH BEER BRANDS
RUG,RUG,2,2025-01-16,2025-03-10,2,2,0,ASSOCIATED WITH “THE DUDE” LEBOWSKI | ___ RAT
RUMBLE,RUMBLE,2,2024-10-14,2026-04-29,2,2,0,SOUND LIKE THUNDER | SOUNDS OF THUNDER
RUNNING,RUNNING,2,2025-01-14,2026-06-08,2,2,0,"""THE ___ MAN"" MOVIES | OPERATING"
SACK,SACK,2,2024-09-05,2026-01-04,2,2,0,MEASURED IN FOOTBALL STATS | THINGS A DEFENSIVE FOOTBALL PLAYER DOES
SALARY,SALARY,2,2024-09-16,2025-02-05,2,2,0,PARTS OF A COMPENSATION PACKAGE | THINGS THAT ARE CAPPED
SAMPLE,SAMPLE,2,2024-08-02,2025-01-27,2,2,0,SMALL AMOUNT OF FOOD TO TRY | THINGS A DJ DOES
SANDBOX,SANDBOX,2,2026-03-05,2026-03-12,2,2,0,PLACES TO FIND SAND | PLACES WHERE IDEAS ARE DEVELOPED
SANS,SANS,2,2025-04-13,2025-05-10,2,2,0,FONT-MODIFYING WORDS | WITHOUT
SASH,SASH,2,2025-03-28,2026-05-31,2,2,0,"KINDS OF WOOD PLUS ""S"" | PARTS OF A CLASSIC GIRL SCOUT UNIFORM"
SATCHEL,SATCHEL,2,2024-06-28,2025-01-23,2,2,0,PARTS OF AN INDIANA JONES COSTUME | TYPES OF BAGS
SATELLITE,SATELLITE,2,2024-08-08,2024-12-16,2,2,0,TYPES OF RADIO | ___ RADIO
SCALES,SCALES,2,2024-11-12,2025-01-27,2,2,0,FEATURES OF JUSTICE PERSONIFIED | PROTECTIVE COVERINGS IN NATURE
SCANNER,SCANNER,2,2025-03-09,2025-04-03,2,2,0,COMPUTER INPUT DEVICES | SEEN AT A GROCERY CHECKOUT COUNTER
SCAR,SCAR,2,2025-04-16,2025-08-26,2,2,0,DISTINGUISHING CHARACTERISTICS | MESS UP THE SURFACE OF
SCATTER,SCATTER,2,2025-02-10,2025-09-24,2,2,0,SPRINKLE | STREW
SCHEME,SCHEME,2,2025-07-05,2026-04-08,2,2,0,AESTHETIC | CON GAME
SCORECARD,SCORECARD,2,2025-05-08,2026-05-06,2,2,1,NEEDS FOR PLAYING YAHTZEE | SEEN IN A BOWLING ALLEY
SCRAPE,SCRAPE,2,2025-02-23,2025-04-16,2,2,0,MESS UP THE SURFACE OF | RUB TOGETHER
SCREAM,SCREAM,2,2025-07-15,2026-02-16,2,2,0,HORROR MOVIES FROM 2022 | KNEE SLAPPER
SCREWDRIVER,SCREWDRIVER,2,2025-11-21,2026-04-11,2,2,0,COCKTAILS | ENDING IN BODIES OF WATER
SCROOGE,SCROOGE,2,2025-03-04,2025-09-30,2,2,0,CARTOON BIRDS | DICKENS CHARACTERS
SEC,SEC,2,2025-04-12,2025-11-26,2,2,0,FINANCIAL ABBREVIATIONS | SHORT PERIOD OF TIME
SECURE,SECURE,2,2024-09-24,2026-01-14,2,2,0,FIXED | PROCURE IN ADVANCE
SEED,SEED,2,2024-10-16,2025-10-05,2,2,0,PARTS OF A TOURNAMENT SETUP | USED TO GROW A HOUSEPLANT
SEESAW,SEESAW,2,2026-01-08,2026-03-05,2,2,0,FIRST-CLASS LEVERS | GO BACK AND FORTH
SELECT,SELECT,2,2025-10-08,2025-10-28,2,2,0,FINEST | REMOTE CONTROL BUTTONS
SEND,SEND,2,2024-06-17,2024-07-11,2,2,0,"DELIVER, AS A PACKAGE | TRANSFER"
SEVEN,SEVEN,2,2025-03-16,2026-05-11,2,2,0,DETECTIVE MOVIES | SERIAL KILLER MOVIES
SEW,SEW,2,2024-10-10,2024-10-20,2,2,0,HOMOPHONES OF COORDINATING CONJUNCTIONS | WORDS IN “DO-RE-MI”
SEWING,SEWING,2,2025-06-12,2025-06-26,2,2,0,ENGAGING IN AN ACTIVITY WITH PINS OR NEEDLES | KINDS OF MACHINES
SHAFT,SHAFT,2,2025-10-25,2026-06-06,2,2,0,PILLAR | SWINDLE
SHAMROCK,SHAMROCK,2,2025-03-01,2026-02-26,2,2,0,ASSOCIATED WITH GOOD LUCK | GREEN THINGS
SHARE,SHARE,2,2026-01-07,2026-04-06,2,2,0,INTEREST | PORTION
SHEEP,SHEEP,2,2024-08-06,2025-03-18,2,2,0,FLUFFY WHITE THINGS | PLURAL ANIMALS IDENTICAL TO THEIR SINGULAR FORMS
SHEER,SHEER,2,2026-02-13,2026-06-07,2,2,0,"DOWNRIGHT | TRANSLUCENT, AS FABRIC"
SHINE,SHINE,2,2025-02-24,2026-05-01,2,2,0,BODY PARTS PLUS LETTER | MAKE GLOSSY
SHINING,SHINING,2,2025-01-09,2025-04-18,2,2,0,"HORROR MOVIES, WITH “THE” | LAST WORDS IN “AMERICA THE BEAUTIFUL”"
SHIVER,SHIVER,2,2026-01-08,2026-05-05,2,2,0,BIT OF A RESPONSE TO STRONG EMOTIONS | INVOLUNTARY ACTIONS
SHOW,SHOW,2,2024-07-15,2026-02-10,2,2,0,EXHIBITION | FACADE
SHOWBOAT,SHOWBOAT,2,2024-07-23,2025-06-03,2,2,0,BE OSTENTATIOUS | ONE WHO LIKES SHOWING OFF
SHUFFLE,SHUFFLE,2,2025-02-05,2026-05-10,2,2,0,MUSIC PLAYER BUTTONS | THINGS TO DO WITH A DECK OF CARDS
SHUTTER,SHUTTER,2,2024-11-22,2025-05-09,2,2,0,WINDOW TREATMENTS IN THE SINGULAR | “___ ISLAND”
SIDE,SIDE,2,2024-06-24,2024-06-27,2,2,0,GROUP WITHIN A GROUP | RESTAURANT COURSES
SIGNATURE,SIGNATURE,2,2024-11-14,2025-05-17,2,2,0,WORDS ON A RESTAURANT RECEIPT | “E” THINGS
SILK,SILK,2,2025-03-14,2025-08-09,2,2,0,CORN-Y THINGS | ___ ROAD
SILO,SILO,2,2024-10-26,2025-01-26,2,2,0,CYLINDER-SHAPED THINGS | KEEP APART
SINNER,SINNER,2,2025-08-07,2026-03-08,2,2,0,"HORROR MOVIES MINUS ""S"" | WIMBLEDON WINNERS"
SIREN,SIREN,2,2025-07-11,2026-03-20,2,2,0,FIGURE IN GREEK MYTH | KINDS OF SONGS
SKATEBOARD,SKATEBOARD,2,2024-10-30,2025-02-12,2,2,0,PROPS FOR CHARACTERS ON “THE SIMPSONS” | THINGS WITH WHEELS
SKETCH,SKETCH,2,2025-02-12,2025-04-23,2,2,0,BITS IN A VARIETY SHOW | COMEDIC ROUTINE
SKIM,SKIM,2,2025-11-20,2026-02-17,2,2,0,GRAZE | RIFFLE (THROUGH)
SKINK,SKINK,2,2025-11-19,2026-06-06,2,2,0,KINDS OF LIZARDS | ORGAN PLUS A LETTER
SKULL,SKULL,2,2024-07-18,2024-12-22,2,2,0,EMOJI | SLANG FOR HEAD
SKY,SKY,2,2025-07-14,2026-02-05,2,2,0,BLUE THINGS | SHADES OF BLUE
SLATE,SLATE,2,2024-10-24,2025-10-09,2,2,0,KINDS OF ROCKS | LINEUP
SLEEK,SLEEK,2,2024-11-17,2025-07-14,2,2,0,ADJECTIVES FOR A SPORTS CAR | CLOSE-FITTING
SLEEP,SLEEP,2,2024-08-18,2025-02-20,2,2,0,SEVEN DWARFS MINUS LAST LETTER | SPEND THE NIGHT (AT)
SLINKY,SLINKY,2,2024-11-17,2024-12-06,2,2,0,"CLOSE-FITTING | “TOY STORY” CHARACTERS, FAMILIARLY"
SLOPE,SLOPE,2,2025-01-25,2026-05-28,2,2,0,FEATURES OF A SKI RESORT | SKI ___
SLOT MACHINE,SLOT MACHINE,2,2024-10-02,2026-05-06,2,2,1,DISTINCTIVE NUMBER OF ARMS (OR LACK THEREOF) | FOUND IN A CASINO
SLUSH,SLUSH,2,2025-05-15,2025-06-01,2,2,0,TYPES OF SNOW | ___ FUND
SMACK,SMACK,2,2025-05-12,2025-06-18,2,2,0,SQUARELY | THINGS YOU CAN DO WITH YOUR LIPS
SMALL,SMALL,2,2025-12-05,2026-04-03,2,2,0,CATTY | ___ TALK
SMOOTH,SMOOTH,2,2024-07-20,2025-03-04,2,2,0,ADJECTIVES FOR NICE SKIN | EFFORTLESS
SNAIL,SNAIL,2,2025-05-25,2025-09-09,2,2,0,THINGS WITH SHELLS | ___ MAIL
SNARE,SNARE,2,2025-01-05,2025-08-28,2,2,0,PLACES TO GET TRAPPED | WORDS BEFORE “DRUM”
SNEAK,SNEAK,2,2024-08-26,2026-05-11,2,2,0,"FOOTWEAR MINUS “ER” SOUND | MOVE STEALTHILY, WITH ""IN"""
SNICKER,SNICKER,2,2025-01-28,2025-09-11,2,2,0,CANDY BARS MINUS “S” | RUDE THINGS TO DO
SNOOP,SNOOP,2,2024-09-18,2025-07-17,2,2,0,CARTOON DOGS MINUS “Y” | MEDDLE
SNOWBALL,SNOWBALL,2,2024-12-16,2026-02-27,2,2,0,"KINDS OF CHAIN REACTION ""EFFECTS"" | KINDS OF PLAY FIGHTS"
SOCKET,SOCKET,2,2024-06-26,2026-02-20,2,2,0,"PLACE TO PLUG SOMETHING IN | WHAT ""JACK"" MIGHT REFER TO"
SOLUTION,SOLUTION,2,2024-12-20,2025-02-21,2,2,0,CONCOCTION | WAY OF SOLVING A PROBLEM
SOON,SOON,2,2024-10-16,2025-02-08,2,2,0,AT SOME FUTURE POINT | TIME ADVERBS
SOONER,SOONER,2,2024-11-16,2026-05-23,2,2,0,COLLEGE FOOTBALL TEAM MEMBERS | MORE READILY
SORT,SORT,2,2025-04-02,2026-04-28,2,2,0,ILK | LAUNDRY DAY VERBS
SOS,SOS,2,2025-02-20,2026-01-03,2,2,0,ALERT | RIHANNA #1 HITS
SOY,SOY,2,2025-04-10,2026-02-17,2,2,0,SAUCES IN CHINESE CUISINE | SPANISH WORDS
SPACE,SPACE,2,2025-03-01,2025-08-08,2,2,0,THINGS YOU MIGHT DO DURING A BORING CLASS/MEETING | WORDS BEFORE “COWBOY” IN FILM AND MUSIC
SPARK,SPARK,2,2025-04-25,2025-09-15,2,2,0,ROMANTIC VIBE | STARTING POINT
SPECIAL,SPECIAL,2,2025-03-18,2025-07-29,2,2,0,DISCOUNT | EXCEPTIONAL
SPHYNX,SPHYNX,2,2025-03-10,2025-06-02,2,2,0,CAT BREEDS | WORDS WHOSE ONLY VOWEL IS “Y”
SPICE,SPICE,2,2024-08-27,2025-11-15,2,2,0,CHILI PEPPER QUALITY | ENHANCE THE TASTE OF
SPINACH,SPINACH,2,2025-01-20,2025-10-31,2,2,1,ASSOCIATED WITH POPEYE | POPEYE
SPOILER,SPOILER,2,2025-06-05,2026-06-09,2,2,0,THINGS YOU'RE NOT SUPPOSED TO REVEAL | WAYS TO MODIFY A CAR'S EXTERIOR
SPOKE,SPOKE,2,2024-08-13,2025-07-10,2,2,0,PARTS OF A WHEEL | STATED
SPOONS,SPOONS,2,2024-07-06,2025-04-15,2,2,0,CARD GAMES | OBJECTS PLAYED AS INSTRUMENTS
SPORT,SPORT,2,2024-08-04,2025-10-11,2,2,0,DRESS IN | KIDDO
SPOUT,SPOUT,2,2024-06-23,2025-12-21,2,2,0,FEATURES OF A TEAPOT | WHAT HUMPBACK WHALES DO
SPRAY,SPRAY,2,2025-04-28,2025-05-21,2,2,0,HAIR PRODUCTS | MEDICINE FORMATS
SPREAD,SPREAD,2,2025-02-04,2025-10-27,2,2,0,EMANATE | SPORTS GAMBLING TERMS
SPRINKLE,SPRINKLE,2,2025-05-29,2025-09-24,2,2,0,STREW | VERBS FOR FINISHING DONUTS
SPRUCE,SPRUCE,2,2024-12-26,2026-03-11,2,2,0,"MAKE NICER, WITH ""UP"" | TREES"
STABLE,STABLE,2,2025-03-24,2026-05-24,2,2,0,FARM FIXTURES | UNFLUCTUATING
STADIUM,STADIUM,2,2025-04-04,2025-08-23,2,2,0,ARENA | BASEBALL VENUES
STATUE,STATUE,2,2025-05-02,2025-11-29,2,2,0,KINDS OF CARVINGS | PARK STAPLES
STATUE OF LIBERTY,STATUE OF LIBERTY,2,2025-03-10,2026-02-26,2,2,0,ATTRACTIONS ICONICALLY DIFFERENT FROM THEIR ORIGINAL FORMS | GREEN THINGS
STEADY,STEADY,2,2024-07-19,2025-04-11,2,2,0,ROMANTIC PARTNER | WORDS AFTER “GO”
STEAL,STEAL,2,2024-08-24,2026-05-11,2,2,0,"MOVE STEALTHILY | MOVE STEALTHILY, WITH ""IN"""
STEAM,STEAM,2,2024-09-30,2025-07-29,2,2,0,COOK WITH HEAT AND WATER | IRRITATE
STEEL,STEEL,2,2025-07-24,2025-08-28,2,2,0,ASSOCIATED WITH HARDNESS | HOMOPHONES OF SYNONYMS FOR “NAB”
STEM,STEM,2,2025-10-14,2026-04-17,2,2,0,HALT | VEGETABLE PARTS
STENCIL,STENCIL,2,2025-03-21,2026-03-29,2,2,0,ARCHITECTURAL DRAWING TOOLS | IMAGES SEEN ON THE STREET
STEW,STEW,2,2024-10-01,2024-11-07,2,2,0,FLUSTERED STATE | FOOD-RELATED JUMBLES
STICKS,STICKS,2,2024-06-16,2026-04-22,2,2,0,PICK-UP ___ | REMOTE RURAL AREA
STIFF,STIFF,2,2025-09-30,2026-05-17,2,2,0,"SWINDLE | UNNATURAL, AS MANNERISMS"
STITCH,STITCH,2,2024-09-23,2025-10-04,2,2,0,FIX A HOLE IN CLOTHING | MEMBER OF A CARTOON DUO
STOCK,STOCK,2,2024-11-04,2025-08-29,2,2,0,EQUIP | ___ SPLIT
STOCKINGS,STOCKINGS,2,2025-04-16,2025-09-19,2,2,0,"BURLESQUE WEAR | THINGS THAT CAN RUN, ANNOYINGLY"
STOOL,STOOL,2,2024-12-19,2026-06-20,2,2,0,BAR FIXTURES | KINDS OF CHAIRS
STOOP,STOOP,2,2024-09-18,2026-05-28,2,2,0,GATHERING SPOT OUTSIDE A RESIDENCE | GET LOW
STORM,STORM,2,2024-08-30,2024-12-07,2,2,0,ICE ___ | W.N.B.A. TEAMS
STRAWBERRY,STRAWBERRY,2,2024-08-10,2025-12-13,2,2,0,NEW YORK METS LEGENDS | THINGS THAT ARE RED
STREAK,STREAK,2,2024-08-22,2025-07-18,2,2,0,PRANK VERBS | SEQUENCE
STRINGS,STRINGS,2,2025-05-22,2026-04-26,2,2,0,FINE PRINT | STIPULATION
STRIP,STRIP,2,2025-08-22,2026-06-11,2,2,0,KINDS OF POKER | PAYMENT APPS MINUS A LETTER
STRIPES,STRIPES,2,2024-09-10,2025-07-22,2,2,0,PATTERNS | VARIETIES
STRUT,STRUT,2,2025-06-11,2026-04-11,2,2,0,BOAST | STRUCTURAL SUPPORTS
STUD,STUD,2,2024-11-02,2025-08-22,2,2,0,KINDS OF EARRINGS | KINDS OF POKER
STUDY,STUDY,2,2025-03-28,2026-01-19,2,2,0,"WORDS AFTER ""QUICK"" | ___ HALL"
STUMP,STUMP,2,2024-07-21,2024-12-06,2,2,0,BAFFLE | WAYS TO SUPPORT A CANDIDATE
SUBJECT,SUBJECT,2,2024-08-06,2026-05-26,2,2,0,MATTER AT HAND | ONE IN A RESEARCH STUDY
SUBSTANCE,SUBSTANCE,2,2024-09-27,2024-11-11,2,2,0,GIST | SIGNIFICANCE
SUCK,SUCK,2,2025-05-14,2025-08-30,2,2,0,ABSORB USING CAPILLARY ACTION | NOT BE GOOD
SUM,SUM,2,2025-05-09,2026-03-13,2,2,0,HOMOPHONES OF NON-NUMERIC AMOUNTS | RESULTS OF SOME ARITHMETIC
SUMMER,SUMMER,2,2025-06-05,2026-04-04,2,2,0,BEST FEMALE ROCK PERFORMANCE GRAMMY WINNERS | ___ CAMP
SUPERMARKET,SUPERMARKET,2,2024-07-17,2025-08-12,2,2,0,BUILDINGS AROUND TOWN | PLACES WITH LANES
SURE,SURE,2,2025-04-08,2026-05-10,2,2,0,DESTINED | WORDS PRONOUNCED “SH” WITHOUT AN “SH”
SURE THING,SURE THING,2,2024-12-28,2025-11-17,2,2,0,"""YOU BET"" | “NOTHING TO IT!”"
SURGE,SURGE,2,2024-10-30,2025-12-22,2,2,0,INFLUX | UPSWING
SURROUND,SURROUND,2,2025-03-28,2025-07-16,2,2,0,BE ON BOTH SIDES OF | CLOSE IN ON
SUSPECT,SUSPECT,2,2024-09-20,2025-02-01,2,2,0,COMPONENTS OF A MYSTERY | PRESUME
SWANK,SWANK,2,2025-01-14,2025-11-18,2,2,0,BEST ACTRESS OSCAR WINNERS | BIRD PLUS LETTER
SWIM,SWIM,2,2024-10-11,2025-06-01,2,2,0,COMPETE IN A MODERN PENTATHLON | QUICK JUMP IN THE POOL
TABLET,TABLET,2,2025-03-09,2025-05-21,2,2,0,COMPUTER INPUT DEVICES | MEDICINE FORMATS
TAD,TAD,2,2025-02-03,2025-04-23,2,2,0,"TINY AMOUNT, WITH “A” | ___POLE"
TAG,TAG,2,2024-10-22,2025-01-02,2,2,0,DOG ___ | GAMES WHERE YOU SAY THE GAME’S NAME
TAILGATE,TAILGATE,2,2024-06-21,2025-07-27,2,2,0,BEGINNING WITH SYNONYMS FOR REAR END | OUTDOOR EVENTS
TAILOR,TAILOR,2,2025-10-22,2026-02-28,2,2,0,ADAPT TO FIT ONE'S NEEDS | NAME HOMOPHONES
TALENT,TALENT,2,2024-07-25,2025-10-26,2,2,0,KINDS OF CONTESTS | NATURAL ABILITY
TAR,TAR,2,2025-11-22,2026-05-31,2,2,0,SAILOR | SLANG FOR A SAILOR
TATTOO,TATTOO,2,2025-08-26,2026-06-01,2,2,0,DISTINGUISHING CHARACTERISTICS | SUBJECTS IN TENNESSEE WILLIAMS TITLES
TEA BAG,TEA BAG,2,2024-08-28,2026-03-17,2,2,0,FOUND AT THE END OF A STRING/CORD | THINGS WITH STRINGS
TEACUP,TEACUP,2,2025-05-27,2026-06-13,2,2,0,SEEN AT A TEA SERVICE | WHAT CHARACTERS WERE TRANSFORMED INTO IN “BEAUTY AND THE BEAST”
TEAMS,TEAMS,2,2024-08-10,2024-11-22,2,2,0,MICROSOFT PRODUCTS | WORK COMMUNICATION PLATFORMS
TEAPOT,TEAPOT,2,2024-07-29,2024-12-18,2,2,0,THINGS WITH SPOUTS | ___ DOME
TEDDY,TEDDY,2,2025-03-25,2025-05-26,2,2,0,LINGERIE | U.S. PRESIDENTIAL NICKNAMES
TEDDY BEAR,TEDDY BEAR,2,2026-02-22,2026-05-04,2,2,0,ASSOCIATED WITH THEODORE ROOSEVELT | TENDER-HEARTED PERSON
TEETH,TEETH,2,2024-08-28,2026-02-24,2,2,0,BABY ___ | CALCIUM-BASED STRUCTURES
TEMPER,TEMPER,2,2025-07-22,2025-12-06,2,2,0,MITIGATE | MOLLIFY
TENNIS,TENNIS,2,2025-01-11,2025-06-03,2,2,0,KINDS OF BRACELETS | ___ COURT
TEST,TEST,2,2024-08-02,2025-04-25,2,2,0,"STRETCH, AS ONE’S PATIENCE | ___ TUBE"
THANK YOU,THANK YOU,2,2024-08-05,2024-10-28,2,2,0,KINDS OF GREETING CARDS | MAGIC WORDS
THATCH,THATCH,2,2025-03-04,2025-04-27,2,2,0,AMOUNTS OF HAIR | MESS OF HAIR
THE,THE,2,2025-07-16,2025-08-19,2,2,0,STARTS OF GREEK LETTERS | ___ ROCK
THINK,THINK,2,2024-09-20,2026-05-09,2,2,0,PRESUME | ___ PIECE
THIRD,THIRD,2,2024-09-22,2025-10-10,2,2,0,WHAT “BRONZE” MIGHT MEAN | ___ EYE
THIRST,THIRST,2,2026-02-28,2026-04-03,2,2,0,CRAVING | HANKER (FOR)
THORN,THORN,2,2025-01-18,2026-02-01,2,2,0,BARB | MUSICAL INSTRUMENTS PLUS STARTING LETTER
THREE,THREE,2,2024-06-15,2026-02-07,2,2,1,BASKETBALL SHOTS | PIPS ON A DIE
THRONE,THRONE,2,2024-08-12,2024-11-09,2,2,0,SLANG FOR TOILET | WORDS BEFORE “ROOM” TO MEAN LAVATORY
THRUST,THRUST,2,2024-11-11,2025-03-26,2,2,0,"GIST | INCREASED, WITH “UP”"
THUNDER,THUNDER,2,2024-08-27,2026-04-21,2,2,0,EXPLOSIVE SOUND | STARTS OF ONE-WORD JAMES BOND MOVIE TITLES
TICKET,TICKET,2,2024-06-25,2025-06-28,2,2,0,"KEY TO SUCCESS, SO TO SPEAK | POSSIBLE RESULTS OF A TRAFFIC VIOLATION"
TIDY,TIDY,2,2024-12-26,2025-07-01,2,2,0,"DAPPER | SIZABLE, AS AN AMOUNT"
TIN,TIN,2,2024-08-12,2025-12-20,2,2,0,CONTAINERS | METAL ELEMENTS
TINSEL,TINSEL,2,2025-09-04,2026-05-26,2,2,0,ANAGRAMS | WHAT YOU MIGHT SEE ON A CHRISTMAS TREE
TOAD,TOAD,2,2025-01-15,2025-08-26,2,2,0,"FICTIONAL MISTERS | WORDS BEFORE ""STOOL"""
TOAST,TOAST,2,2024-12-27,2026-03-10,2,2,0,BREAKFAST SIDES | COOK WITH DRY HEAT
TOILET PAPER,TOILET PAPER,2,2024-08-22,2025-05-30,2,2,0,PRANK VERBS | THEY'RE ON A ROLL!
TONGS,TONGS,2,2026-02-19,2026-06-13,2,2,0,FIREPLACE ACCESSORIES | SEEN AT A TEA SERVICE
TOOLBOX,TOOLBOX,2,2024-09-01,2025-03-01,2,2,0,TO-BO- COMPOUND WORDS | WHERE YOU MIGHT FIND “A DRIVER”
TOP,TOP,2,2025-01-23,2025-09-14,2,2,0,OUTDO | SURPASS
TOP HAT,TOP HAT,2,2026-01-13,2026-02-20,2,2,0,ACCESSORIES FOR MR. MONOPOLY | ORIGINAL MONOPOLY TOKENS
TOTE,TOTE,2,2024-06-28,2025-05-30,2,2,0,COMMON SWAG ITEMS | TYPES OF BAGS
TOWEL,TOWEL,2,2025-05-26,2025-09-19,2,2,0,ITEMS IN A LINEN CLOSET | PAPER ___
TRACTOR,TRACTOR,2,2025-01-26,2026-02-24,2,2,0,PARTS OF A BIG RIG | ___ BEAM
TRADEMARK,TRADEMARK,2,2025-03-22,2026-06-09,2,2,0,THINGS REPRESENTED IN SUPERSCRIPT | WORDS ABBREVIATED WITH “T” + LETTER
TRAILER,TRAILER,2,2025-01-26,2026-02-10,2,2,0,DVD BONUS FEATURES | PARTS OF A BIG RIG
TRAMP,TRAMP,2,2024-10-27,2025-07-26,2,2,0,THE LITTLE ___ | TRAVEL ON FOOT
TRANCE,TRANCE,2,2024-11-24,2026-03-14,2,2,0,ELECTRONIC DANCE MUSIC GENRES | HYPNOTIC STATE
TRENCH,TRENCH,2,2025-01-22,2025-10-06,2,2,0,KINDS OF COATS | RESULTS OF SOME DIGGING
TRICK,TRICK,2,2024-07-08,2025-09-29,2,2,0,BIT OF ADVICE | PLAY A JOKE ON
TRIDENT,TRIDENT,2,2025-03-22,2025-09-28,2,2,0,GUM BRANDS | WORDS WITH THE PREFIX MEANING “THREE”
TRIFLE,TRIFLE,2,2025-03-22,2025-09-27,2,2,0,"KNICKKNACK | SQUANDER, WITH “AWAY”"
TRIM,TRIM,2,2024-09-05,2024-09-26,2,2,0,DECORATIVE EDGE | HAIR SALON OFFERINGS
TRIPE,TRIPE,2,2024-08-03,2025-12-07,2,2,0,NONSENSE | ORGAN MEATS
TROLL,TROLL,2,2024-12-13,2026-04-12,2,2,0,FANTASY CREATURES | ___ DOLL
TROT,TROT,2,2025-04-09,2026-05-19,2,2,0,FISH MINUS A LETTER | FOX___
TROUPER,TROUPER,2,2025-11-23,2026-06-11,2,2,0,HOMOPHONES OF SUVS | SECOND WORDS IN TITLES OF ABBA HITS
TRUE,TRUE,2,2025-08-27,2026-04-30,2,2,0,"BINARY QUESTION OPTIONS | WHAT ""T"" MIGHT STAND FOR"
TRUMPET,TRUMPET,2,2024-12-02,2025-01-03,2,2,0,ANNOUNCE | KINDS OF MUSHROOMS
TRUST,TRUST,2,2024-07-15,2025-06-01,2,2,0,REGARD AS TRUE | ___ FUND
TUG,TUG,2,2024-12-19,2025-02-11,2,2,0,WATERCRAFT | WREST
TURNTABLE,TURNTABLE,2,2024-12-04,2025-10-06,2,2,0,PARTS OF A RECORD PLAYER SETUP | THINGS WITH NEEDLE/S
TUXEDO,TUXEDO,2,2024-07-28,2025-03-25,2,2,0,BLACK-AND-WHITE THINGS | CAT COAT PATTERNS
TWEEZERS,TWEEZERS,2,2025-11-09,2026-01-30,2,2,0,GROOMING ITEMS | PERSONAL GROOMING ITEMS
TWINS,TWINS,2,2025-01-27,2026-05-26,2,2,0,'80S COMEDIES | SEEN IN “THE SHINING”
TYPEWRITER,TYPEWRITER,2,2025-01-27,2025-04-13,2,2,0,FONT-MODIFYING WORDS | SEEN IN “THE SHINING”
UNDER,UNDER,2,2025-02-04,2025-09-09,2,2,0,SPORTS GAMBLING TERMS | ___DOG
UNDERDOG,UNDERDOG,2,2024-06-21,2026-04-18,2,2,0,TYPES OF COME-FROM-BEHIND STORIES | UNEXPECTED WINNER
UNEVEN,UNEVEN,2,2024-09-23,2026-04-08,2,2,0,"KINDS OF BAR APPARATUSES | NOT SMOOTH, AS TERRAIN"
UNIFORM,UNIFORM,2,2025-03-24,2025-07-12,2,2,0,IN THE NATO ALPHABET | UNFLUCTUATING
UP,UP,2,2024-07-26,2025-10-02,2,2,0,BASIC DIRECTIONS | BEST ANIMATED FEATURE OSCAR WINNERS
UPPER,UPPER,2,2025-04-30,2026-01-30,2,2,0,PARTS OF A SHOE | ___ HAND
USE,USE,2,2024-12-24,2026-01-22,2,2,0,MAGAZINES PLUS A LETTER | WORDS THAT SOUND LIKE PLURAL LETTERS
USHER,USHER,2,2024-07-01,2024-11-10,2,2,0,GUIDE | SHOW THE WAY
UTTER,UTTER,2,2026-02-13,2026-06-07,2,2,0,DOWNRIGHT | SPEAK
VACATION,VACATION,2,2025-02-05,2025-02-17,2,2,0,PARTS OF A COMPENSATION PACKAGE | TIME OFF
VANILLA,VANILLA,2,2024-09-30,2025-08-11,2,2,0,COMMON PERFUME INGREDIENTS | ORDINARY
VELVET,VELVET,2,2025-02-07,2025-06-30,2,2,0,RED ___ | SECOND WORDS IN DAVID LYNCH TITLES
VENOM,VENOM,2,2025-01-29,2026-04-20,2,2,0,ASSOCIATED WITH BLACK WIDOW SPIDERS | MOVIE SERIES WITH 2024 RELEASES
VENUS DE MILO,VENUS DE MILO,2,2024-10-02,2025-03-10,2,2,0,ATTRACTIONS ICONICALLY DIFFERENT FROM THEIR ORIGINAL FORMS | DISTINCTIVE NUMBER OF ARMS (OR LACK THEREOF)
VERY,VERY,2,2026-01-05,2026-04-23,2,2,0,"WHAT ""V"" MIGHT MEAN | WORDS IN A PLANETARY MNEMONIC"
VEST,VEST,2,2025-08-08,2025-10-25,2,2,0,BESTOW | CONFER
VIDEO GAME,VIDEO GAME,2,2026-03-04,2026-03-09,2,2,0,CLASSIC KID GIFTS | THEY FEATURE A BOSS
VINE,VINE,2,2025-05-16,2025-12-08,2,2,0,FAMOUS STREETS IN LOS ANGELES | KINDS OF PLANTS
VIRGIN,VIRGIN,2,2024-09-26,2025-01-27,2,2,0,SPECIFICATIONS FOR A BARTENDER | “EXTRA VIRGIN OLIVE OIL”
VISIT,VISIT,2,2024-07-08,2025-05-12,2,2,0,SPEND TIME AT | THINGS TRACKED BY WEB ANALYTICS
VIXEN,VIXEN,2,2024-12-25,2025-01-23,2,2,0,FEMALE ANIMALS | RHYMES OF U.S. PRESIDENT NAMES
VOLCANO,VOLCANO,2,2025-04-22,2026-02-23,2,2,0,CONICAL THINGS | NATURAL PRODUCERS OF HEAT
VOLTAGE,VOLTAGE,2,2025-04-06,2026-04-18,2,2,0,BASIC ELECTRICITY TERMS | WHAT AN ELECTROMETER MEASURES
VOLUNTEER,VOLUNTEER,2,2024-08-06,2024-11-16,2,2,0,COLLEGE FOOTBALL TEAM MEMBERS | ONE IN A RESEARCH STUDY
WAD,WAD,2,2025-01-04,2026-01-19,2,2,0,CRUSH INTO A COMPACT SHAPE | 🤑
WADE,WADE,2,2024-08-26,2026-05-15,2,2,0,"FOOTWEAR MINUS “ER” SOUND | NAVIGATE THROUGH, AS A RIVER"
WALK,WALK,2,2024-07-11,2025-09-08,2,2,0,CAT___ | LIGHT-UP SIGNS
WARM,WARM,2,2025-05-18,2025-09-27,2,2,0,ENCOURAGING RESPONSES IN A GUESSING GAME | LOVING
WASTE,WASTE,2,2024-11-15,2025-07-10,2,2,0,"FAIL TO TAKE ADVANTAGE OF, AS AN OPPORTUNITY | ___ OF TIME"
WATCH,WATCH,2,2025-09-09,2025-09-16,2,2,0,KEEP TABS ON | ___DOG
WATER BOTTLE,WATER BOTTLE,2,2025-05-30,2025-06-13,2,2,0,COMMON SWAG ITEMS | HOT ___
WATT,WATT,2,2025-03-02,2025-06-28,2,2,0,INDUSTRIAL REVOLUTION INVENTORS | WHAT “W” MIGHT STAND FOR
WEAVE,WEAVE,2,2025-02-17,2026-01-20,2,2,0,FOLLOW A MEANDERING COURSE | INTERTWINE
WED,WED,2,2024-06-29,2025-09-03,2,2,0,CONNECT | JOIN
WEDNESDAY,WEDNESDAY,2,2024-11-13,2024-11-24,2,2,0,WORDS AFTER “ASH” | WORDS THAT SEEM LONGER WRITTEN THAN SPOKEN
WEED,WEED,2,2024-07-09,2025-03-06,2,2,0,DO SOME TASKS IN THE GARDEN | TV SHOWS MINUS “S”
WEIGHTS,WEIGHTS,2,2026-03-22,2026-06-11,2,2,0,COMPONENTS OF A WEIGHTLIFTING SETUP | PARTS OF A WORKOUT ROUTINE
WEREWOLF,WEREWOLF,2,2026-02-20,2026-03-09,2,2,0,"ASSOCIATED WITH THE MOON | STARTING WITH THE SAME SOUND, SPELLED DIFFERENTLY"
WET,WET,2,2025-01-15,2025-06-18,2,2,0,MARTINI SPECIFICATIONS | QUALITIES OF A RAINY DAY
WHAMMY,WHAMMY,2,2026-03-18,2026-04-23,2,2,0,GUITAR EFFECTS PEDALS | STARTING WITH FOUR-LETTER '80S BANDS
WHEREFORE,WHEREFORE,2,2026-03-07,2026-03-09,2,2,0,"""WHEREFORE ART THOU ROMEO?"" | STARTING WITH THE SAME SOUND, SPELLED DIFFERENTLY"
WHIFF,WHIFF,2,2024-08-26,2026-05-05,2,2,0,BAD GOLF SHOTS | GLIMMER
WHIT,WHIT,2,2025-12-22,2026-05-25,2,2,0,COLORS MINUS LAST LETTER | TINY BIT
WHOPPER,WHOPPER,2,2024-08-18,2025-09-11,2,2,0,BEHEMOTH | CANDY PIECES
WICK,WICK,2,2025-05-08,2025-05-14,2,2,0,ABSORB USING CAPILLARY ACTION | HEROES OF ACTION MOVIE FRANCHISES
WICKED,WICKED,2,2025-01-29,2026-02-18,2,2,0,MOVIE SERIES WITH 2024 RELEASES | RETRO SLANG FOR COOL
WIGHT,WIGHT,2,2025-09-06,2026-05-01,2,2,0,APPARITION | NUMBERS WITH FIRST LETTER CHANGED
WILD,WILD,2,2024-06-29,2026-04-07,2,2,0,___FLOWER | ___LIFE
WILL,WILL,2,2024-07-08,2025-02-13,2,2,0,FORTITUDE | MODAL VERBS
WIN,WIN,2,2024-11-25,2025-03-02,2,2,0,ATTAIN | WHAT “W” MIGHT STAND FOR
WINDOW,WINDOW,2,2026-04-02,2026-06-01,2,2,0,OPPORTUNITY | ROOM FEATURES
WINDOWS,WINDOWS,2,2024-08-10,2026-01-25,2,2,0,MICROSOFT PRODUCTS | PC KEYBOARD KEYS
WINDY,WINDY,2,2024-06-23,2025-06-18,2,2,0,QUALITIES OF A RAINY DAY | ___ CITY NICKNAMES
WINE,WINE,2,2024-12-20,2026-01-07,2,2,0,COMPLAINT HOMOPHONES | PRESSED USING A PRESS
WITNESS,WITNESS,2,2024-08-05,2025-03-29,2,2,0,MOVIES FROM 1985 | WORDS AFTER “EYE”
WOLVERINE,WOLVERINE,2,2024-11-16,2026-05-23,2,2,0,COLLEGE FOOTBALL TEAM MEMBERS | MARVEL CHARACTERS
WOODEN,WOODEN,2,2025-06-16,2025-09-30,2,2,0,"EXPRESSIONLESS | UNNATURAL, AS MANNERISMS"
WOODY,WOODY,2,2025-09-30,2026-02-14,2,2,0,CARTOON BIRDS | TOM HANKS ROLES
WORKING,WORKING,2,2025-01-14,2026-03-04,2,2,0,"""___ GIRL"" TITLES | OPERATING"
WORM,WORM,2,2025-02-20,2025-09-28,2,2,0,ASSOCIATED WITH EARLY MORNING | MALICIOUS SOFTWARE
WREATH,WREATH,2,2024-08-26,2025-08-01,2,2,0,SILENT “W” | TORUS-SHAPED THINGS
WRIST,WRIST,2,2025-03-23,2025-08-18,2,2,0,"WORDS BEFORE ""WATCH"" | WORDS THAT MODIFY “WATCH”"
WRITE,WRITE,2,2024-11-06,2025-05-08,2,2,0,COMMIT TO PAPER | COMMUNICATE THROUGH WRITING
WRITER,WRITER,2,2025-10-22,2026-06-04,2,2,0,COPY___ | GHOST ___
YANK,YANK,2,2025-02-11,2026-02-12,2,2,0,"MLB PLAYER, FOR SHORT | WREST"
YANKEE,YANKEE,2,2025-02-22,2025-08-21,2,2,0,MEMBER OF A TEAM WITH THE MOST CHAMPIONSHIPS IN THEIR RESPECTIVE SPORTS | ___ DOODLE
YANKEES,YANKEES,2,2025-03-30,2026-06-23,2,2,0,PROPER NOUNS IN BROADWAY MUSICAL TITLES THAT ARE SPOKEN PHRASES | THINGS WITH MANTLES/MANTELS
YEN,YEN,2,2024-07-05,2024-09-03,2,2,0,GLOBAL CURRENCIES | YEARN
YES,YES,2,2025-08-27,2025-12-10,2,2,0,"BINARY QUESTION OPTIONS | WHAT ""Y"" MIGHT MEAN"
YOU,YOU,2,2024-12-23,2024-12-29,2,2,0,HOMOPHONES | TREE HOMOPHONES
YOUNG,YOUNG,2,2024-08-29,2025-04-17,2,2,0,BASEBALL GREATS | SECOND NAMES IN COMPANIES WITH AMPERSANDS
ZODIAC,ZODIAC,2,2025-03-16,2025-12-12,2,2,0,SERIAL KILLER MOVIES | THINGS THAT ARE DIVIDED INTO TWELVE SEGMENTS
ABSORB,ABSORB,2,2025-03-23,2025-10-14,1,2,0,CAPTIVATE
ALLEY,ALLEY,2,2024-07-29,2025-10-11,1,2,0,STREET SUFFIXES
BACKUP,BACKUP,2,2024-07-07,2025-11-29,1,2,0,REPLACEMENT
BID,BID,2,2025-09-12,2026-04-28,1,2,0,ENTREATY
BIRDS,BIRDS,2,2024-06-22,2025-04-18,1,2,0,"HORROR MOVIES, WITH “THE”"
BOO-BOO,BOO-BOO,2,2024-08-14,2025-08-21,1,2,0,BLUNDER
BUDGET,BUDGET,2,2024-08-24,2026-03-30,1,2,0,CAR RENTAL COMPANIES
CAPTAIN,CAPTAIN,2,2024-06-26,2026-01-03,1,2,0,ARMY RANKS
CARDINAL,CARDINAL,2,2025-03-12,2026-01-09,1,2,0,THINGS THAT ARE RED
CLONE,CLONE,2,2025-05-25,2026-01-07,1,2,0,DOPPELGÄNGER
COBBLER,COBBLER,2,2025-10-16,2026-01-22,1,2,0,FRUIT DESSERTS
COLON,COLON,2,2025-11-15,2026-02-07,1,2,1,PUNCTUATION MARKS
COME,COME,2,2025-01-09,2025-10-02,1,2,0,DOG COMMANDS
CORSET,CORSET,2,2024-08-23,2025-04-16,1,2,0,BURLESQUE WEAR
CRANIUM,CRANIUM,2,2025-11-09,2026-06-25,1,2,0,STARTING WITH BIRD HOMOPHONES
CRUMBLE,CRUMBLE,2,2025-10-16,2026-01-22,1,2,0,FRUIT DESSERTS
CUZ,CUZ,2,2024-12-03,2026-03-10,1,2,0,FAMILIAL NICKNAMES
DEPOSIT,DEPOSIT,2,2025-03-31,2025-08-27,1,2,0,ATM OPTIONS
DO NOT DISTURB,DO NOT DISTURB,2,2025-03-02,2026-05-14,1,2,0,CELLPHONE MODES
EASE,EASE,2,2024-12-24,2025-09-22,1,2,0,WORDS THAT SOUND LIKE PLURAL LETTERS
EGGPLANT,EGGPLANT,2,2024-09-11,2025-11-07,1,2,0,THINGS THAT ARE PURPLE
ENTRANCE,ENTRANCE,2,2025-03-23,2025-08-13,1,2,0,CAPTIVATE
EXCUSED,EXCUSED,2,2025-04-13,2026-02-21,1,2,0,ATTENDANCE STATUS
EXTENT,EXTENT,2,2024-08-15,2025-11-11,1,2,0,BREADTH
FLUB,FLUB,2,2024-08-14,2025-08-21,1,2,0,BLUNDER
GAFFE,GAFFE,2,2024-08-14,2025-08-21,1,2,0,BLUNDER
GUST,GUST,2,2024-08-20,2025-10-04,1,2,0,RUSH OF WIND
HIPSTER,HIPSTER,2,2024-10-05,2025-09-29,1,2,0,KINDS OF UNDERWEAR
HUE,HUE,2,2025-02-01,2025-04-26,1,2,0,TINT
HURL,HURL,2,2024-08-01,2026-01-17,1,2,0,THROW
INDIVIDUAL,INDIVIDUAL,2,2024-09-20,2025-02-09,1,2,0,SOMEBODY
MODERN,MODERN,2,2024-11-30,2026-06-23,1,2,0,DANCE STYLES
MOP,MOP,2,2024-07-09,2025-03-04,1,2,0,MESS OF HAIR
NOOK,NOOK,2,2025-05-31,2026-06-17,1,2,0,ALCOVE
OPENING,OPENING,2,2025-08-18,2026-04-02,1,2,0,OPPORTUNITY
OPERATION,OPERATION,2,2025-12-05,2026-05-27,1,2,0,CLASSIC BOARD GAMES
OREO,OREO,2,2025-03-25,2025-09-22,1,2,0,BLACK-AND-WHITE THINGS
PEOPLE,PEOPLE,2,2025-04-05,2026-03-25,1,2,0,MAGAZINES
PERCH,PERCH,2,2024-06-15,2024-07-10,1,2,0,FISH
PLUCK,PLUCK,2,2024-12-17,2025-08-16,1,2,0,INTREPIDITY
PSYCHIC,PSYCHIC,2,2024-09-21,2026-05-02,1,2,0,CLAIRVOYANT
PUSH-UP,PUSH-UP,2,2024-11-11,2026-03-31,1,2,0,KINDS OF BRAS
RINGER,RINGER,2,2025-05-25,2026-01-07,1,2,0,DOPPELGÄNGER
RIVET,RIVET,2,2025-03-23,2025-08-13,1,2,0,CAPTIVATE
ROYAL,ROYAL,2,2025-12-02,2026-05-18,1,2,0,MLB PLAYER
SCIENCE,SCIENCE,2,2025-08-10,2026-04-23,1,2,0,KINDS OF FICTION
SHOEHORN,SHOEHORN,2,2024-12-08,2025-09-17,1,2,0,CRAM
STATIC,STATIC,2,2025-12-28,2026-01-15,1,2,0,UNMOVING
STATIONARY,STATIONARY,2,2025-12-28,2026-01-15,1,2,0,UNMOVING
STOMACH,STOMACH,2,2024-08-03,2025-11-30,1,2,0,TOLERATE
TAKEOFF,TAKEOFF,2,2024-12-10,2025-12-30,1,2,0,PARTS OF A FLIGHT
THIGH,THIGH,2,2024-07-24,2025-08-15,1,2,0,POULTRY CUTS
THONG,THONG,2,2024-10-05,2025-09-29,1,2,0,KINDS OF UNDERWEAR
UNITE,UNITE,2,2024-06-29,2025-05-28,1,2,0,CONNECT
VAULT,VAULT,2,2025-07-15,2026-03-02,1,2,0,GYMNASTICS APPARATUS
VEHICLE,VEHICLE,2,2025-01-15,2025-07-30,1,2,0,MEANS
VIBRATE,VIBRATE,2,2025-03-02,2026-05-14,1,2,0,CELLPHONE MODES
WIRELESS,WIRELESS,2,2024-11-11,2026-03-31,1,2,0,KINDS OF BRAS
WITHDRAWAL,WITHDRAWAL,2,2025-03-31,2025-08-27,1,2,0,ATM OPTIONS
WON,WON,2,2024-09-03,2025-09-13,1,2,0,GLOBAL CURRENCIES
$,$,1,2025-04-01,2025-04-01,1,1,1,CURRENCY SYMBOLS
&,&,1,2025-04-01,2025-04-01,1,1,1,AND/TOGETHER WITH
(,(,1,2025-04-01,2025-04-01,1,1,1,EMOTICON MOUTHS
),),1,2025-04-01,2025-04-01,1,1,1,EMOTICON MOUTHS
+,+,1,2025-04-01,2025-04-01,1,1,1,AND/TOGETHER WITH
3 BALL,3 BALL,1,2026-01-09,2026-01-09,1,1,0,THINGS THAT ARE RED
6 MAFIA,6 MAFIA,1,2026-01-09,2026-01-09,1,1,0,MUSICAL ARTISTS MINUS STARTING NUMBERS
7-10,7-10,1,2025-08-29,2025-08-29,1,1,0,___ SPLIT
7-ELEVEN,7-ELEVEN,1,2025-08-29,2025-08-29,1,1,0,PLACES THAT SELL GAS
8,8,1,2024-12-23,2024-12-23,1,1,0,SUPER ___
8 BALL,8 BALL,1,2026-01-09,2026-01-09,1,1,0,USED IN METAPHORS FOR PRECARIOUS SITUATIONS
A BELL,A BELL,1,2025-03-25,2025-03-25,1,1,0,CLEAR AS ___
A CAPPELLA,A CAPPELLA,1,2025-01-07,2025-01-07,1,1,0,VOCAL MUSIC
A DEAL,A DEAL,1,2025-01-07,2025-01-07,1,1,0,___ IS ___ (IS ___)
A FEW,A FEW,1,2025-01-07,2025-01-07,1,1,0,A HANDFUL OF
A LIFE,A LIFE,1,2025-01-07,2025-01-07,1,1,0,BOOK SUBTITLES
A NOVEL,A NOVEL,1,2025-01-07,2025-01-07,1,1,0,BOOK SUBTITLES
A ROSE,A ROSE,1,2025-01-07,2025-01-07,1,1,0,___ IS ___ (IS ___)
A-F,A-F,1,2024-09-10,2024-09-10,1,1,0,RATINGS SYSTEMS
AARDVARK,AARDVARK,1,2024-08-04,2024-08-04,1,1,0,BEGINNING WITH DOUBLE LETTERS
AB,AB,1,2025-11-10,2025-11-10,1,1,0,LATIN PREPOSITIONS
ABANDON,ABANDON,1,2025-03-17,2025-03-17,1,1,0,UNINHIBITEDNESS
ABBA,ABBA,1,2024-12-22,2024-12-22,1,1,0,PALINDROMES
ABBOTT,ABBOTT,1,2024-12-22,2024-12-22,1,1,0,FIRST IN A COMEDY DUO
ABC,ABC,1,2025-01-06,2025-01-06,1,1,0,METAPHORS FOR EASY THINGS
ABE,ABE,1,2025-03-25,2025-03-25,1,1,0,U.S. PRESIDENTIAL NICKNAMES
ABECEDARIUM,ABECEDARIUM,1,2025-10-29,2025-10-29,1,1,0,THINGS FEATURING LETTERS A THROUGH Z
ABEL,ABEL,1,2025-03-25,2025-03-25,1,1,0,ANAGRAMS
ABOUT TIME,ABOUT TIME,1,2025-10-13,2025-10-13,1,1,0,WORDS AFTER A WELCOME DEPARTURE
ABOUT-FACE,ABOUT-FACE,1,2025-09-17,2025-09-17,1,1,0,CHANGE ONE’S TUNE
ABSENCE,ABSENCE,1,2026-03-31,2026-03-31,1,1,0,SHORTAGE
ABSOLUTELY,ABSOLUTELY,1,2025-11-17,2025-11-17,1,1,0,"""YOU BET"""
ABSTAIN,ABSTAIN,1,2025-04-15,2025-04-15,1,1,0,DESIST
ABYSS,ABYSS,1,2024-09-27,2024-09-27,1,1,0,"SCI-FI MOVIES, WITH “THE”"
AC,AC,1,2026-04-18,2026-04-18,1,1,0,BASIC ELECTRICITY TERMS
ACCELERATION,ACCELERATION,1,2026-03-28,2026-03-28,1,1,0,QUANTITIES IN MECHANICS
ACCEPT,ACCEPT,1,2024-07-15,2024-07-15,1,1,0,REGARD AS TRUE
ACCESSIBLE,ACCESSIBLE,1,2025-08-17,2025-08-17,1,1,0,CONVENIENTLY LOCATED
ACCESSORIZE,ACCESSORIZE,1,2026-06-15,2026-06-15,1,1,0,GET READY FOR A NIGHT OUT
ACCIDENTAL,ACCIDENTAL,1,2024-10-08,2024-10-08,1,1,0,FOUND ON SHEET MUSIC
ACES,ACES,1,2025-10-21,2025-10-21,1,1,0,PLAYING CARDS
ACHILLES’ HEEL,ACHILLES’ HEEL,1,2025-12-23,2025-12-23,1,1,0,VULNERABILITY
ACID,ACID,1,2026-05-03,2026-05-03,1,1,0,ASSOCIATED WITH 1960S COUNTERCULTURE
ACRE,ACRE,1,2026-01-23,2026-01-23,1,1,0,IMPERIAL UNITS
ACRYLIC,ACRYLIC,1,2026-06-04,2026-06-04,1,1,0,PAINTING MEDIA
ACT,ACT,1,2025-04-23,2025-04-23,1,1,0,COMEDIC ROUTINE
ACTIVE,ACTIVE,1,2025-01-14,2025-01-14,1,1,0,OPERATING
ACTOR,ACTOR,1,2025-04-14,2025-04-14,1,1,0,WHAT “FORD” MIGHT REFER TO
ACUPUNCTURING,ACUPUNCTURING,1,2025-06-12,2025-06-12,1,1,0,ENGAGING IN AN ACTIVITY WITH PINS OR NEEDLES
ADAGE,ADAGE,1,2024-06-30,2024-06-30,1,1,0,OLD SAYING
ADAMS,ADAMS,1,2025-08-22,2025-08-22,1,1,0,U.S. PRESIDENTS
ADDERALL,ADDERALL,1,2025-12-06,2025-12-06,1,1,0,STARTING WITH HERPETOFAUNA
ADDITION,ADDITION,1,2024-11-13,2024-11-13,1,1,0,BUILDING ADD-ONS
ADDRESSES,ADDRESSES,1,2025-10-21,2025-10-21,1,1,0,TAKES ON
ADHERE,ADHERE,1,2025-08-02,2025-08-02,1,1,0,ATTACH WITH ADHESIVE
ADIEU,ADIEU,1,2024-10-24,2024-10-24,1,1,0,FRENCH WORDS
ADJUST,ADJUST,1,2026-05-13,2026-05-13,1,1,0,SMARTPHONE PHOTO EDITING OPTIONS
ADULT,ADULT,1,2024-11-08,2024-11-08,1,1,0,RISQUÉ
ADULTS ONLY,ADULTS ONLY,1,2025-03-24,2025-03-24,1,1,0,"WHO VIDEO GAMES ARE FOR, PER ESRB RATINGS"
ADVANCE,ADVANCE,1,2026-02-09,2026-02-09,1,1,0,KINDS OF PAYMENT FOR AN AUTHOR
ADVOCATE,ADVOCATE,1,2024-08-09,2024-08-09,1,1,0,SUPPORTER
AERIAL,AERIAL,1,2025-09-07,2025-09-07,1,1,0,GYMNASTICS MOVES
AEROBICS,AEROBICS,1,2026-06-18,2026-06-18,1,1,0,FITNESS CLASS TYPES
AEROPLANE,AEROPLANE,1,2026-01-08,2026-01-08,1,1,0,STARTING WITH CANDY BARS
AFFILIATE,AFFILIATE,1,2024-12-07,2024-12-07,1,1,0,THINK OF TOGETHER
AFFIX,AFFIX,1,2025-08-02,2025-08-02,1,1,0,ATTACH WITH ADHESIVE
AFRICA,AFRICA,1,2024-12-27,2024-12-27,1,1,0,THEY HAVE A HORN
AFT,AFT,1,2025-11-06,2025-11-06,1,1,0,PARTS OF A SHIP
AFTER,AFTER,1,2026-04-07,2026-04-07,1,1,0,___LIFE
AGE,AGE,1,2025-07-12,2025-07-12,1,1,0,ERA
AGES,AGES,1,2025-08-11,2025-08-11,1,1,0,DARK ___
AGREEMENT,AGREEMENT,1,2026-01-12,2026-01-12,1,1,0,PROMISE
AGRICULTURE,AGRICULTURE,1,2026-03-26,2026-03-26,1,1,0,FOOD PROCUREMENT METHODS
AID,AID,1,2025-07-31,2025-07-31,1,1,0,FIRST ___
AIM,AIM,1,2025-12-30,2025-12-30,1,1,0,INTENTION
AIR CAIRO,AIR CAIRO,1,2026-05-14,2026-05-14,1,1,0,PHRASES WHOSE SECOND WORDS INCLUDE THEIR FIRST WORD
AIR CONDITIONER,AIR CONDITIONER,1,2025-11-24,2025-11-24,1,1,0,FEATURES OF A CAR'S CENTER CONSOLE
AIR PURIFIER,AIR PURIFIER,1,2025-11-13,2025-11-13,1,1,0,THINGS THAT USE FILTERS
AIR QUOTES,AIR QUOTES,1,2026-05-03,2026-05-03,1,1,0,GESTURES MADE WITH THE INDEX AND MIDDLE FINGERS
AIRBRUSH,AIRBRUSH,1,2025-09-04,2025-09-04,1,1,0,"CLEAN UP, AS A PHOTOGRAPH"
AIRHEAD,AIRHEAD,1,2025-01-28,2025-01-28,1,1,0,CANDY BARS MINUS “S”
AIRPORT,AIRPORT,1,2026-03-07,2026-03-07,1,1,0,WHERE YOU MIGHT MAKE A CONNECTION
AJA,AJA,1,2025-12-13,2025-12-13,1,1,0,GREEK MYTHOLOGICAL FIGURES MINUS A LETTER
AKEEM,AKEEM,1,2025-09-10,2025-09-10,1,1,0,EDDIE MURPHY ROLES
ALA,ALA,1,2024-12-26,2024-12-26,1,1,0,"U.S. STATE ABBREVIATIONS, PER AP STYLE GUIDE"
ALABAMA,ALABAMA,1,2026-01-16,2026-01-16,1,1,0,"MUSICAL ACTS WITH ""A"" AS THE ONLY VOWEL"
ALBUM,ALBUM,1,2025-01-18,2025-01-18,1,1,0,INFO ON A RECORD
ALF,ALF,1,2025-09-03,2025-09-03,1,1,0,TV-RELATED ABBREVIATIONS IN THE '80S
ALIBI,ALIBI,1,2025-02-01,2025-02-01,1,1,0,COMPONENTS OF A MYSTERY
ALKALINE,ALKALINE,1,2026-02-25,2026-02-25,1,1,0,ENDING IN FAMILY WORDS
ALL HALLOWS,ALL HALLOWS,1,2026-05-14,2026-05-14,1,1,0,PHRASES WHOSE SECOND WORDS INCLUDE THEIR FIRST WORD
ALL OUT,ALL OUT,1,2025-04-11,2025-04-11,1,1,0,WORDS AFTER “GO”
ALLEGRO,ALLEGRO,1,2026-05-16,2026-05-16,1,1,0,MUSIC PERFORMANCE DIRECTIONS
ALLERGY,ALLERGY,1,2025-03-05,2025-03-05,1,1,0,WHAT MIGHT BRING TEARS TO YOUR EYES
ALLEY-OOP,ALLEY-OOP,1,2025-11-17,2025-11-17,1,1,0,BASKETBALL SHOTS
ALLIGATOR,ALLIGATOR,1,2024-12-02,2024-12-02,1,1,0,___ CLIP
ALLOY,ALLOY,1,2024-09-22,2024-09-22,1,1,0,WHAT “BRONZE” MIGHT MEAN
ALMANAC,ALMANAC,1,2025-07-03,2025-07-03,1,1,0,FARMERS’ THINGS
ALMOST,ALMOST,1,2025-05-18,2025-05-18,1,1,0,ENCOURAGING RESPONSES IN A GUESSING GAME
ALPHA,ALPHA,1,2026-06-22,2026-06-22,1,1,0,DOMINANT
ALT,ALT,1,2026-01-25,2026-01-25,1,1,0,PC KEYBOARD KEYS
ALTAR,ALTAR,1,2025-10-07,2025-10-07,1,1,0,SEEN AT A WEDDING
ALTER,ALTER,1,2026-05-19,2026-05-19,1,1,0,MODIFY DECEPTIVELY
ALWAYS,ALWAYS,1,2024-06-27,2024-06-27,1,1,0,ROMANTIC LETTER SIGN-OFFS
AM,AM,1,2024-12-16,2024-12-16,1,1,0,TYPES OF RADIO
AMAZON,AMAZON,1,2024-12-05,2024-12-05,1,1,0,TECH COMPANIES
AMBASSADOR,AMBASSADOR,1,2024-09-24,2024-09-24,1,1,0,ONLINE PERSONALITY
AMBERGRIS,AMBERGRIS,1,2024-09-30,2024-09-30,1,1,0,COMMON PERFUME INGREDIENTS
AMBIENT,AMBIENT,1,2024-11-24,2024-11-24,1,1,0,ELECTRONIC DANCE MUSIC GENRES
AMENABLE,AMENABLE,1,2024-08-04,2024-08-04,1,1,0,UP FOR IT
AMERICA,AMERICA,1,2025-12-26,2025-12-26,1,1,0,'70S ROCK BANDS
AMERICAN HUSTLE,AMERICAN HUSTLE,1,2025-10-13,2025-10-13,1,1,0,"ENDING WITH SYNONYMS FOR ""SWINDLE"""
AMERICANA,AMERICANA,1,2025-09-06,2025-09-06,1,1,0,"""BEST ___ PERFORMANCE"" GRAMMY AWARD"
AMETHYST,AMETHYST,1,2024-09-11,2024-09-11,1,1,0,THINGS THAT ARE PURPLE
AMMONIA,AMMONIA,1,2026-05-29,2026-05-29,1,1,0,SOURCES OF DISTINCTIVE SMELLS
AMPLE,AMPLE,1,2025-03-07,2025-03-07,1,1,0,FRUITS WITH THEIR SECOND LETTERS CHANGED
AMUSEMENT,AMUSEMENT,1,2024-09-23,2024-09-23,1,1,0,___ PARK
AMY,AMY,1,2025-08-22,2025-08-22,1,1,0,PROPER NOUNS AFTER GERUNDS IN '90S MOVIE TITLES
ANDROID,ANDROID,1,2025-02-12,2025-02-12,1,1,0,"STARTING WITH “SHAKE, RATTLE AND ROLL”"
ANEMONE,ANEMONE,1,2026-06-15,2026-06-15,1,1,0,FLOWERS
ANG,ANG,1,2026-02-05,2026-02-05,1,1,0,LEES OF HOLLYWOOD
ANGERS,ANGERS,1,2024-09-19,2024-09-19,1,1,0,PLACES IN FRANCE
ANGST,ANGST,1,2025-03-18,2025-03-18,1,1,0,GERMAN WORDS
ANGULAR,ANGULAR,1,2025-09-07,2025-09-07,1,1,0,GEOMETRY ADJECTIVES
ANIMAL PRINT,ANIMAL PRINT,1,2025-11-07,2025-11-07,1,1,0,TEXTILE PATTERNS
ANISE,ANISE,1,2025-07-26,2025-07-26,1,1,0,HERBS AND SPICES
ANNEX,ANNEX,1,2024-11-13,2024-11-13,1,1,0,BUILDING ADD-ONS
ANNOUNCEMENT,ANNOUNCEMENT,1,2025-04-03,2025-04-03,1,1,0,PRINTED NOTIFICATION
ANON,ANON,1,2025-03-13,2025-03-13,1,1,0,SHAKESPEAREAN WORDS
ANOTHER,ANOTHER,1,2026-04-07,2026-04-07,1,1,0,WORDS FOR UNSPECIFIED CHOICES
ANT,ANT,1,2025-01-04,2025-01-04,1,1,0,DEPICTED IN DALÍ’S “THE PERSISTENCE OF MEMORY”
ANTE,ANTE,1,2024-12-30,2024-12-30,1,1,0,"PAY, WITH “UP”"
ANTHER,ANTHER,1,2025-10-14,2025-10-14,1,1,0,ANIMALS MINUS STARTING LETTER
ANTIC,ANTIC,1,2024-11-08,2024-11-08,1,1,0,ESCAPADE
APHID,APHID,1,2025-08-04,2025-08-04,1,1,0,ARTHROPODS
APOLOGY,APOLOGY,1,2024-11-17,2024-11-17,1,1,0,OCCASIONS WHEN ONE MIGHT KNEEL
APOSTLE,APOSTLE,1,2025-12-13,2025-12-13,1,1,0,"SILENT ""T"""
APPEAR,APPEAR,1,2024-07-13,2024-07-13,1,1,0,COME ACROSS AS
APPETITE,APPETITE,1,2024-06-26,2024-06-26,1,1,0,"CONSUMER DESIRE, COLLECTIVELY"
APPLAUD,APPLAUD,1,2025-05-29,2025-05-29,1,1,0,SALUTE
APPLAUSE,APPLAUSE,1,2024-07-11,2024-07-11,1,1,0,LIGHT-UP SIGNS
APPLE OF DISCORD,APPLE OF DISCORD,1,2024-12-28,2024-12-28,1,1,0,OBJECTS FROM GREEK MYTH
APPLE PIE,APPLE PIE,1,2026-02-05,2026-02-05,1,1,0,CULTURAL SYMBOLS OF THE U.S.
APPRAISAL,APPRAISAL,1,2025-07-23,2025-07-23,1,1,0,RELATED TO BUYING A HOME
APPROVAL,APPROVAL,1,2024-08-26,2024-08-26,1,1,0,OFFICIAL SANCTIONING
APPROX,APPROX,1,2026-02-04,2026-02-04,1,1,0,"MORE OR LESS, COLLOQUIALLY"
APR,APR,1,2025-11-26,2025-11-26,1,1,0,FINANCIAL ABBREVIATIONS
APT,APT,1,2025-05-29,2025-05-29,1,1,0,SUITABLE
AQUA,AQUA,1,2025-11-02,2025-11-02,1,1,0,STARTS OF ZODIAC SIGNS
AQUARIUM,AQUARIUM,1,2025-01-19,2025-01-19,1,1,0,THEY HAVE RAYS
ARABESQUE,ARABESQUE,1,2025-09-07,2025-09-07,1,1,0,GYMNASTICS MOVES
ARCADE,ARCADE,1,2024-07-02,2024-07-02,1,1,0,___ GAME
ARCTIC,ARCTIC,1,2026-05-29,2026-05-29,1,1,0,OCEANS
AREAL,AREAL,1,2025-09-07,2025-09-07,1,1,0,GEOMETRY ADJECTIVES
ARES,ARES,1,2025-12-11,2025-12-11,1,1,0,ANAGRAMS
ARGUMENT,ARGUMENT,1,2026-05-13,2026-05-13,1,1,0,PRETEXT
ARIA,ARIA,1,2025-09-22,2025-09-22,1,1,0,LAS VEGAS CASINO HOTELS
ARIAL,ARIAL,1,2025-09-07,2025-09-07,1,1,0,FONTS
ARIE,ARIE,1,2026-06-03,2026-06-03,1,1,0,DISNEY PRINCESSES MINUS LAST LETTER
ARIEL,ARIEL,1,2025-09-07,2025-09-07,1,1,0,DISNEY PRINCESSES
ARK,ARK,1,2024-12-26,2024-12-26,1,1,0,"U.S. STATE ABBREVIATIONS, PER AP STYLE GUIDE"
ARM WARMER,ARM WARMER,1,2026-05-14,2026-05-14,1,1,0,PHRASES WHOSE SECOND WORDS INCLUDE THEIR FIRST WORD
ARMAGEDDON,ARMAGEDDON,1,2025-11-14,2025-11-14,1,1,0,CLASSIC '90S ACTION FILMS
ARMCHAIR,ARMCHAIR,1,2026-01-12,2026-01-12,1,1,0,LIVING ROOM FURNITURE
ARMS,ARMS,1,2026-04-24,2026-04-24,1,1,0,ASSOCIATED WITH OCTOPUSES
ARMY,ARMY,1,2025-10-22,2025-10-22,1,1,0,KINDS OF ANTS
AROMA,AROMA,1,2025-02-10,2025-02-10,1,1,0,SCENTS OF WINE
AROUND,AROUND,1,2024-12-26,2024-12-26,1,1,0,APPROXIMATELY
ARRAY,ARRAY,1,2025-01-11,2025-01-11,1,1,0,DISPLAY OF ROWS AND COLUMNS
ARRIVAL,ARRIVAL,1,2025-07-03,2025-07-03,1,1,0,AIRPORT BOARD INFO
ARROWS,ARROWS,1,2025-03-30,2025-03-30,1,1,0,PICTURED ON THE U.S. GREAT SEAL
ARTERY,ARTERY,1,2024-12-17,2024-12-17,1,1,0,ROAD
ARTICLE,ARTICLE,1,2024-10-20,2024-10-20,1,1,0,BIT OF NEWSPAPER WRITING
ARTIFICIAL,ARTIFICIAL,1,2025-03-08,2025-03-08,1,1,0,FAUX
ARTY,ARTY,1,2025-11-20,2025-11-20,1,1,0,WORDS THAT SOUND LIKE TWO LETTERS
AS,AS,1,2025-10-20,2025-10-20,1,1,0,PERIODIC TABLE SYMBOLS
AS WELL,AS WELL,1,2025-03-31,2025-03-31,1,1,0,ALSO
ASH,ASH,1,2024-06-30,2024-06-30,1,1,0,TREES
ASIAGO,ASIAGO,1,2026-04-23,2026-04-23,1,1,0,STARTING WITH FOUR-LETTER '80S BANDS
ASIDE,ASIDE,1,2024-07-27,2024-07-27,1,1,0,OFF-TOPIC REMARKS
ASSEMBLY,ASSEMBLY,1,2025-08-17,2025-08-17,1,1,0,FIRST AMENDMENT FREEDOMS
ASSEMBLY LINE,ASSEMBLY LINE,1,2026-05-22,2026-05-22,1,1,0,PLACES WITH CONVEYOR BELTS
ASSESS,ASSESS,1,2025-03-14,2025-03-14,1,1,0,"IMPOSE, AS A PENALTY"
ASSET,ASSET,1,2025-01-16,2025-01-16,1,1,0,SPY
ASSIGNMENT,ASSIGNMENT,1,2025-05-18,2025-05-18,1,1,0,TASKS FOR A STUDENT
ASSOCIATION,ASSOCIATION,1,2024-11-17,2024-11-17,1,1,0,ALLIANCE
ASSUME,ASSUME,1,2025-01-20,2025-01-20,1,1,0,"TAKE ON, AS A RESPONSIBILITY"
ASTEROIDS,ASTEROIDS,1,2025-01-12,2025-01-12,1,1,0,CLASSIC ATARI GAMES
ASTRO,ASTRO,1,2025-06-14,2025-06-14,1,1,0,DOGS OF THE SCREEN
ASTRONAUT,ASTRONAUT,1,2025-06-18,2025-06-18,1,1,0,CONTENTS OF A POD
ATHLETIC,ATHLETIC,1,2025-05-18,2025-05-18,1,1,0,WHAT “A” MIGHT MEAN
ATHLETICS,ATHLETICS,1,2025-12-29,2025-12-29,1,1,0,SUMMER OLYMPIC EVENTS
ATLANTIC,ATLANTIC,1,2026-05-29,2026-05-29,1,1,0,OCEANS
ATTACK,ATTACK,1,2024-06-26,2024-06-26,1,1,0,___ AD
ATTEMPT,ATTEMPT,1,2024-09-05,2024-09-05,1,1,0,MEASURED IN FOOTBALL STATS
ATTENDANCE,ATTENDANCE,1,2025-06-19,2025-06-19,1,1,0,COMPONENTS OF ONE’S GRADE
ATTENDING,ATTENDING,1,2024-10-29,2024-10-29,1,1,0,MEDICAL ROLES
ATTRACTION,ATTRACTION,1,2024-07-04,2024-07-04,1,1,0,ROMANTIC RAPPORT
AUCTION,AUCTION,1,2026-01-14,2026-01-14,1,1,0,SILENT ___
AUDIBLE,AUDIBLE,1,2024-10-28,2024-10-28,1,1,0,AUDIO APPS
AUDIENCE,AUDIENCE,1,2024-06-26,2024-06-26,1,1,0,"CONSUMER DESIRE, COLLECTIVELY"
AUDIO,AUDIO,1,2024-10-24,2024-10-24,1,1,0,NYT OFFERINGS
AUDITORIUM,AUDITORIUM,1,2024-07-12,2024-07-12,1,1,0,SCHOOL FACILITIES
AUDITS,AUDITS,1,2026-02-21,2026-02-21,1,1,0,CAR BRANDS PLUS TWO LETTERS
AUNT,AUNT,1,2025-02-10,2025-02-10,1,1,0,WORDS FAMOUSLY PRONOUNCED DIFFERENT WAYS
AUTO,AUTO,1,2026-04-16,2026-04-16,1,1,0,THERMOSTAT SETTINGS
AUTOHARP,AUTOHARP,1,2025-01-17,2025-01-17,1,1,0,ENDING WITH BEER BRANDS
AUTUMN LEAVES,AUTUMN LEAVES,1,2025-04-25,2025-04-25,1,1,0,GREAT AMERICAN SONGBOOK SONGS
AVAILABLE,AVAILABLE,1,2025-02-18,2025-02-18,1,1,0,ACCESSIBLE
AVALANCHE,AVALANCHE,1,2025-11-27,2025-11-27,1,1,0,INUNDATION
AVIS,AVIS,1,2026-03-30,2026-03-30,1,1,0,CAR RENTAL COMPANIES
AVOID,AVOID,1,2025-04-15,2025-04-15,1,1,0,DESIST
AWARE,AWARE,1,2025-10-28,2025-10-28,1,1,0,IN THE KNOW
AWARENESS RIBBON,AWARENESS RIBBON,1,2025-11-21,2025-11-21,1,1,0,THINGS WORN ON LAPELS
AWFUL,AWFUL,1,2024-09-21,2024-09-21,1,1,0,EXTREMELY
AWKWARD,AWKWARD,1,2025-09-30,2025-09-30,1,1,0,"UNNATURAL, AS MANNERISMS"
AWL,AWL,1,2026-03-13,2026-03-13,1,1,0,HOMOPHONES OF NON-NUMERIC AMOUNTS
AXES,AXES,1,2025-08-31,2025-08-31,1,1,0,HETERONYMS
AXLES,AXLES,1,2025-01-26,2025-01-26,1,1,0,PARTS OF A BIG RIG
AYES,AYES,1,2025-09-22,2025-09-22,1,1,0,WORDS THAT SOUND LIKE PLURAL LETTERS
BABA,BABA,1,2025-09-29,2025-09-29,1,1,0,FIRST WORDS IN '70S ROCK SONG TITLES
BABBLE,BABBLE,1,2026-05-19,2026-05-19,1,1,0,THINGS BABIES DO
BABY BLUES,BABY BLUES,1,2026-03-19,2026-03-19,1,1,0,ENDING IN MUSIC GENRES
BABY POWDER,BABY POWDER,1,2025-04-24,2025-04-24,1,1,0,THINGS THAT ARE WHITE
BACK TO THE FUTURE,BACK TO THE FUTURE,1,2026-04-01,2026-04-01,1,1,1,MOVIES
BACKBOARD,BACKBOARD,1,2025-07-24,2025-07-24,1,1,0,PARTS OF A BASKETBALL HOOP
BACKDOOR,BACKDOOR,1,2025-09-28,2025-09-28,1,1,0,MALICIOUS SOFTWARE
BACKFLIP,BACKFLIP,1,2024-08-08,2024-08-08,1,1,0,SPLASHY WAYS TO ENTER A POOL
BACKGROUND,BACKGROUND,1,2026-02-21,2026-02-21,1,1,0,EXPERIENCE
BACKPACK,BACKPACK,1,2025-08-14,2025-08-14,1,1,0,RHYMING COMPOUND WORDS
BACKPEDAL,BACKPEDAL,1,2025-09-17,2025-09-17,1,1,0,CHANGE ONE’S TUNE
BACKSIDE,BACKSIDE,1,2025-08-14,2025-08-14,1,1,0,DERRIERE
BACTERIA,BACTERIA,1,2025-05-17,2025-05-17,1,1,0,MEMBER OF A KINGDOM IN TAXONOMY
BAD REVIEW,BAD REVIEW,1,2024-10-25,2024-10-25,1,1,0,“PAN”
BADGER,BADGER,1,2025-08-26,2025-08-26,1,1,0,PESTER
BAE,BAE,1,2025-02-14,2025-02-14,1,1,0,HOMOPHONES OF BODIES OF WATER
BAGGIE,BAGGIE,1,2025-02-26,2025-02-26,1,1,0,SIMPSON FAMILY MEMBERS WITH FIRST LETTER CHANGED
BAGPIPES,BAGPIPES,1,2026-02-24,2026-02-24,1,1,0,SYMBOLS OF SCOTLAND
BAH,BAH,1,2025-04-10,2025-04-10,1,1,0,ANTI-SPIRIT OF CHRISTMAS
BAHAMA,BAHAMA,1,2026-01-16,2026-01-16,1,1,0,GRAND ___
BAKE,BAKE,1,2024-09-08,2024-09-08,1,1,0,VERBS IN A CAKE RECIPE
BAKER,BAKER,1,2025-11-05,2025-11-05,1,1,0,ICONIC SOUL SINGERS
BAKING,BAKING,1,2024-08-25,2024-08-25,1,1,0,ACTIVITIES THAT INVOLVE FOLDING
BALANCE SHEET,BALANCE SHEET,1,2024-11-23,2024-11-23,1,1,0,BLACK OR RED
BALD EAGLE,BALD EAGLE,1,2026-02-05,2026-02-05,1,1,0,CULTURAL SYMBOLS OF THE U.S.
BALL DROP,BALL DROP,1,2025-12-31,2025-12-31,1,1,0,HAPPY NEW YEAR!
BALL-IN-CUP,BALL-IN-CUP,1,2024-11-23,2024-11-23,1,1,0,THINGS ON STICKS
BALLOON ANIMAL,BALLOON ANIMAL,1,2025-11-03,2025-11-03,1,1,0,THINGS FILLED WITH AIR
BALLOT,BALLOT,1,2026-03-26,2026-03-26,1,1,0,FEATURES OF A CLASSIC VOTING BOOTH
BALLPARK,BALLPARK,1,2025-12-02,2025-12-02,1,1,0,APPROXIMATE
BALLROOM,BALLROOM,1,2026-01-27,2026-01-27,1,1,0,STARTING WITH BASEBALL GEAR
BALLY,BALLY,1,2025-01-26,2025-01-26,1,1,0,DANCE EVENTS PLUS A LETTER
BAN,BAN,1,2024-10-08,2024-10-08,1,1,0,PROHIBIT
BANAL,BANAL,1,2025-11-16,2025-11-16,1,1,0,RUN-OF-THE-MILL
BANANARAMA,BANANARAMA,1,2026-01-16,2026-01-16,1,1,0,"MUSICAL ACTS WITH ""A"" AS THE ONLY VOWEL"
BANANAS,BANANAS,1,2024-11-16,2024-11-16,1,1,0,GO ___
BAND-AID,BAND-AID,1,2026-01-30,2026-01-30,1,1,0,THINGS WITH ADHESIVE SURFACES
BANDAGE,BANDAGE,1,2024-08-17,2024-08-17,1,1,0,FIRST AID KIT ITEMS
BANE,BANE,1,2025-04-24,2025-04-24,1,1,0,“BATMAN” VILLAINS
BANGKOK,BANGKOK,1,2026-06-22,2026-06-22,1,1,0,STARTING WITH EXPLOSIVE ONOMATOPOEIA
BANK TELLER,BANK TELLER,1,2026-06-12,2026-06-12,1,1,0,STARTING WITH PARTS OF A RIVER
BANKNOTE,BANKNOTE,1,2025-02-05,2025-02-05,1,1,0,WHAT “BILL” MIGHT REFER TO
BANSHEE,BANSHEE,1,2025-09-15,2025-09-15,1,1,0,MEMBER OF A CLASSIC BACKING BAND
BANTAM,BANTAM,1,2026-02-18,2026-02-18,1,1,0,CHICKEN DESCRIPTORS
BARBADOS,BARBADOS,1,2026-06-21,2026-06-21,1,1,0,STARTING WITH KINDS OF INSULTS
BARBERSHOP,BARBERSHOP,1,2025-01-07,2025-01-07,1,1,0,VOCAL MUSIC
BARBIE DREAMHOUSE,BARBIE DREAMHOUSE,1,2025-11-25,2025-11-25,1,1,0,THINGS THAT ARE PINK
BARCODE,BARCODE,1,2025-11-16,2025-11-16,1,1,0,STRIPY THINGS
BARM,BARM,1,2025-06-18,2025-06-18,1,1,0,BODY PART PLUS A STARTING LETTER
BARNEY THE DINOSAUR,BARNEY THE DINOSAUR,1,2025-11-07,2025-11-07,1,1,0,THINGS THAT ARE PURPLE
BARRIER,BARRIER,1,2024-07-22,2024-07-22,1,1,0,USED TO REDIRECT TRAFFIC
BARS,BARS,1,2025-07-15,2025-07-15,1,1,0,GYMNASTICS APPARATUS
BASEBALL GLOVE,BASEBALL GLOVE,1,2025-02-21,2025-02-21,1,1,0,OBJECTS THAT MAY BE RIGHT- OR LEFT-HANDED
BASEBALL PLAYER,BASEBALL PLAYER,1,2026-04-13,2026-04-13,1,1,0,THEY HAVE CAPS
BASEBOARD,BASEBOARD,1,2025-01-16,2025-01-16,1,1,0,INSTALLED ON A WALL
BASEMENT,BASEMENT,1,2026-01-27,2026-01-27,1,1,0,STARTING WITH BASEBALL GEAR
BASIC,BASIC,1,2026-02-25,2026-02-25,1,1,0,ELEMENTARY
BASIC FACTS,BASIC FACTS,1,2026-03-27,2026-03-27,1,1,0,WHAT IT ALL BOILS DOWN TO
BASILISK,BASILISK,1,2026-06-06,2026-06-06,1,1,0,KINDS OF LIZARDS
BASK,BASK,1,2024-08-23,2024-08-23,1,1,0,LANGUAGE HOMOPHONES
BASSOON,BASSOON,1,2026-05-16,2026-05-16,1,1,0,"ENDING IN SYNONYMS FOR ""ASAP"""
BATHROBE,BATHROBE,1,2025-03-10,2025-03-10,1,1,0,ASSOCIATED WITH “THE DUDE” LEBOWSKI
BATHROOM,BATHROOM,1,2025-05-13,2025-05-13,1,1,0,___ CLEANER
BATMAN,BATMAN,1,2025-08-07,2025-08-07,1,1,0,ONES WITH POINTY EARS
BATMOBILE,BATMOBILE,1,2026-01-27,2026-01-27,1,1,0,STARTING WITH BASEBALL GEAR
BATON,BATON,1,2025-05-05,2025-05-05,1,1,0,THINGS THAT ARE LONG AND CYLINDRICAL
BATTERY,BATTERY,1,2024-07-20,2024-07-20,1,1,0,ENERGY FOR AN ELECTRONIC DEVICE
BATTLE,BATTLE,1,2026-04-07,2026-04-07,1,1,0,COMPETITION
BATTLESHIP,BATTLESHIP,1,2026-05-27,2026-05-27,1,1,0,CLASSIC BOARD GAMES
BAWL,BAWL,1,2025-05-19,2025-05-19,1,1,0,HOMOPHONES OF PARTS OF THE FOOT
BAY LEAF,BAY LEAF,1,2025-12-31,2025-12-31,1,1,0,STARTING WITH BODIES OF WATER
BAYWATCH,BAYWATCH,1,2025-10-24,2025-10-24,1,1,0,ENDING IN ACCESSORIES
BAZAAR,BAZAAR,1,2025-05-13,2025-05-13,1,1,0,PLACES TO SHOP
BE,BE,1,2025-10-20,2025-10-20,1,1,0,PERIODIC TABLE SYMBOLS
BEANBAG,BEANBAG,1,2026-06-20,2026-06-20,1,1,0,KINDS OF CHAIRS
BEANIE BABY,BEANIE BABY,1,2026-05-04,2026-05-04,1,1,0,PELLET-FILLED THINGS
BEARING,BEARING,1,2026-06-18,2026-06-18,1,1,0,DEMEANOR
BEARS,BEARS,1,2024-12-24,2024-12-24,1,1,0,"“LIONS AND TIGERS AND BEARS, OH MY!”"
BEAST,BEAST,1,2025-05-27,2025-05-27,1,1,0,WHAT CHARACTERS WERE TRANSFORMED INTO IN “BEAUTY AND THE BEAST”
BEASTIE,BEASTIE,1,2026-06-04,2026-06-04,1,1,0,STARTS OF CLASSIC HIP-HOP GROUPS
BEAUCOUP,BEAUCOUP,1,2025-02-25,2025-02-25,1,1,0,“MANY” IN DIFFERENT LANGUAGES
BEAUFORT SCALE,BEAUFORT SCALE,1,2025-10-17,2025-10-17,1,1,0,WEATHER TERMS
BED HEAD,BED HEAD,1,2026-06-12,2026-06-12,1,1,0,STARTING WITH PARTS OF A RIVER
BEECH,BEECH,1,2025-08-04,2025-08-04,1,1,0,TREES
BEEHIVE,BEEHIVE,1,2026-05-23,2026-05-23,1,1,0,HAIRDOS
BEEP BEEP,BEEP BEEP,1,2024-10-07,2024-10-07,1,1,0,CAR ONOMATOPOEIA
BEES,BEES,1,2024-12-24,2024-12-24,1,1,0,WORDS THAT SOUND LIKE PLURAL LETTERS
BEETHOVEN,BEETHOVEN,1,2024-07-28,2024-07-28,1,1,0,STARTING WITH VEGETABLES
BEGINS,BEGINS,1,2025-10-12,2025-10-12,1,1,0,ESTABLISHES
BEING,BEING,1,2024-11-04,2024-11-04,1,1,0,INDIVIDUALITY
BEL,BEL,1,2024-10-27,2024-10-27,1,1,0,UNITS
BELA,BELA,1,2025-03-25,2025-03-25,1,1,0,ANAGRAMS
BELFAST,BELFAST,1,2026-05-16,2026-05-16,1,1,0,"ENDING IN SYNONYMS FOR ""ASAP"""
BELIEVE,BELIEVE,1,2024-07-15,2024-07-15,1,1,0,REGARD AS TRUE
BELL PEPPER,BELL PEPPER,1,2026-04-10,2026-04-10,1,1,0,PEPPERS
BELLE,BELLE,1,2024-10-24,2024-10-24,1,1,0,FRENCH WORDS
BELLED,BELLED,1,2025-07-14,2025-07-14,1,1,0,DISNEY ANIMATED CHARACTERS PLUS A LETTER
BELLHOP,BELLHOP,1,2025-12-16,2025-12-16,1,1,0,STARTING WITH PERCUSSION INSTRUMENTS
BELLOWS,BELLOWS,1,2026-02-19,2026-02-19,1,1,0,FIREPLACE ACCESSORIES
BELLYACHE,BELLYACHE,1,2024-11-12,2024-11-12,1,1,0,COMPLAIN
BELLYFLOP,BELLYFLOP,1,2024-08-08,2024-08-08,1,1,0,SPLASHY WAYS TO ENTER A POOL
BELONGING,BELONGING,1,2025-04-18,2025-04-18,1,1,0,PERSONAL PROPERTY MINUS “S”
BELOW,BELOW,1,2026-03-05,2026-03-05,1,1,0,"WHAT ""SUB"" MIGHT REFER TO"
BELT LOOP,BELT LOOP,1,2026-04-12,2026-04-12,1,1,0,PANTS FEATURES
BEN FOLDS,BEN FOLDS,1,2025-03-17,2025-03-17,1,1,0,BANDS MINUS THE NUMBER FIVE
BERLIN,BERLIN,1,2026-03-13,2026-03-13,1,1,0,KINDS OF WALLS
BERMUDA,BERMUDA,1,2025-03-29,2025-03-29,1,1,0,KINDS OF SHORTS
BERMUDA TRIANGLE,BERMUDA TRIANGLE,1,2025-12-31,2025-12-31,1,1,0,PLACES WHERE THINGS DISAPPEAR
BERNIE,BERNIE,1,2025-01-30,2025-01-30,1,1,0,STARTING WITH EUROPEAN CAPITALS
BERRY,BERRY,1,2025-11-18,2025-11-18,1,1,0,BEST ACTRESS OSCAR WINNERS
BESS,BESS,1,2025-05-15,2025-05-15,1,1,0,LAST WORDS OF FAMOUS OPERA TITLES
BEST BOY,BEST BOY,1,2024-10-30,2024-10-30,1,1,0,RETAIL CHAINS WITH A LETTER CHANGED
BETRAY,BETRAY,1,2026-06-06,2026-06-06,1,1,0,"INDICATE, AS EMOTIONS"
BETWEEN,BETWEEN,1,2025-04-11,2025-04-11,1,1,0,WORDS AFTER “GO”
BEYOND,BEYOND,1,2024-09-03,2024-09-03,1,1,0,EXCESSIVELY
BIAS,BIAS,1,2025-03-13,2025-03-13,1,1,0,PARTIALITY
BIB,BIB,1,2025-05-24,2025-05-24,1,1,0,BABY GEAR
BIDE,BIDE,1,2024-07-17,2024-07-17,1,1,0,STARTS OF U.S. PRESIDENTS
BIG APPLE,BIG APPLE,1,2026-04-01,2026-04-01,1,1,1,U.S. CITY NICKNAMES
BIG BEAR,BIG BEAR,1,2025-10-20,2025-10-20,1,1,0,REPRESENTED BY CONSTELLATIONS
BIG EASY,BIG EASY,1,2026-04-01,2026-04-01,1,1,1,U.S. CITY NICKNAMES
BIG STICK,BIG STICK,1,2026-02-22,2026-02-22,1,1,0,ASSOCIATED WITH THEODORE ROOSEVELT
BIGFOOT,BIGFOOT,1,2025-02-27,2025-02-27,1,1,0,ENDING WITH UNITS OF MEASURE
BIGGIE,BIGGIE,1,2025-07-17,2025-07-17,1,1,0,WORDS AFTER “NO” TO MEAN “IT’S ALL GOOD”
BILGE,BILGE,1,2026-04-21,2026-04-21,1,1,0,BALDERDASH
BILLIARD,BILLIARD,1,2026-05-29,2026-05-29,1,1,0,KINDS OF ROOMS IN A MANSION
BILLIARD BALL,BILLIARD BALL,1,2026-06-27,2026-06-27,1,1,0,COMMONLY STRIPED THINGS
BILLOW,BILLOW,1,2026-04-20,2026-04-20,1,1,0,MASS OF SMOKE
BILLS,BILLS,1,2024-12-24,2024-12-24,1,1,0,"WHEN TRIPLED, HIT SONG TITLES"
BILLY,BILLY,1,2025-09-05,2025-09-05,1,1,0,MALE ANIMALS
BIN,BIN,1,2025-11-24,2025-11-24,1,1,0,SEEN WHILE GOING THROUGH AIRPORT SECURITY
BINARY,BINARY,1,2026-03-14,2026-03-14,1,1,0,"STARTING WITH PREFIXES MEANING ""TWO"""
BIND,BIND,1,2026-03-17,2026-03-17,1,1,0,METAPHORS FOR TROUBLE
BIO,BIO,1,2025-02-08,2025-02-08,1,1,0,INFO ON A BASEBALL CARD
BIOPIC,BIOPIC,1,2025-08-10,2025-08-10,1,1,0,"STARTING WITH MATH AND SCIENCE CLASSES, FOR SHORT"
BIOTA,BIOTA,1,2024-09-12,2024-09-12,1,1,0,ENDING WITH GREEK LETTERS
BIPED,BIPED,1,2024-11-06,2024-11-06,1,1,0,THINGS WITH FEET
BISCUIT,BISCUIT,1,2025-01-08,2025-01-08,1,1,0,WORDS MISSPELLED IN NU METAL BAND NAMES
BITTER,BITTER,1,2024-12-18,2024-12-18,1,1,0,STYLES OF BEER
BITTER MELON,BITTER MELON,1,2025-11-22,2025-11-22,1,1,0,TROPICAL FRUITS/VEGETABLES
BITTERS,BITTERS,1,2025-01-10,2025-01-10,1,1,0,INGREDIENTS IN AN OLD FASHIONED
BLAB,BLAB,1,2025-02-15,2025-02-15,1,1,0,DIVULGE
BLABBERMOUTH,BLABBERMOUTH,1,2025-08-19,2025-08-19,1,1,0,QUITE THE TALKER
BLACK HOLE,BLACK HOLE,1,2025-12-31,2025-12-31,1,1,0,PLACES WHERE THINGS DISAPPEAR
BLACK SHEEP,BLACK SHEEP,1,2026-02-22,2026-02-22,1,1,0,ONE WHO DOESN'T FIT IN
BLACK SWAN,BLACK SWAN,1,2026-06-16,2026-06-16,1,1,0,"RARE THINGS, IDIOMATICALLY"
BLAME,BLAME,1,2024-07-02,2024-07-02,1,1,0,___ GAME
BLANCH,BLANCH,1,2024-09-30,2024-09-30,1,1,0,COOK WITH HEAT AND WATER
BLARNEY STONE,BLARNEY STONE,1,2026-02-23,2026-02-23,1,1,0,SETTINGS FOR A KISS
BLENDER,BLENDER,1,2025-11-24,2025-11-24,1,1,0,SMALL KITCHEN APPLIANCES
BLESSING,BLESSING,1,2024-08-26,2024-08-26,1,1,0,OFFICIAL SANCTIONING
BLEW,BLEW,1,2025-09-06,2025-09-06,1,1,0,RUPTURED
BLIND,BLIND,1,2025-05-09,2025-05-09,1,1,0,WINDOW TREATMENTS IN THE SINGULAR
BLINDFOLD,BLINDFOLD,1,2024-11-12,2024-11-12,1,1,0,FEATURES OF JUSTICE PERSONIFIED
BLITZ,BLITZ,1,2026-01-04,2026-01-04,1,1,0,THINGS A DEFENSIVE FOOTBALL PLAYER DOES
BLOCK PARTY,BLOCK PARTY,1,2025-07-27,2025-07-27,1,1,0,OUTDOOR EVENTS
BLOCKS,BLOCKS,1,2025-06-19,2025-06-19,1,1,0,CLASSIC TOYS
BLOG,BLOG,1,2026-03-15,2026-03-15,1,1,0,PORTMANTEAUX
BLOND,BLOND,1,2024-11-24,2024-11-24,1,1,0,WORDS AFTER “ASH”
BLONDIE,BLONDIE,1,2026-02-22,2026-02-22,1,1,0,CLASSIC COMIC STRIPS
BLOOD,BLOOD,1,2025-06-27,2025-06-27,1,1,0,___ BROTHERS
BLOODY,BLOODY,1,2024-09-21,2024-09-21,1,1,0,EXTREMELY
BLOOM,BLOOM,1,2025-10-30,2025-10-30,1,1,0,PEOPLE WHOSE FIRST NAMES ARE U.S. CITIES
BLOOM COUNTY,BLOOM COUNTY,1,2026-02-22,2026-02-22,1,1,0,CLASSIC COMIC STRIPS
BLOOPER,BLOOPER,1,2024-09-18,2024-09-18,1,1,0,KINDS OF REELS
BLOUSE,BLOUSE,1,2024-10-03,2024-10-03,1,1,0,BUGS PLUS STARTING LETTER
BLUE CHEESE,BLUE CHEESE,1,2026-06-16,2026-06-16,1,1,0,CREAMY SALAD DRESSINGS
BLUE VELVET,BLUE VELVET,1,2026-04-01,2026-04-01,1,1,1,MOVIES
BLUEPRINT,BLUEPRINT,1,2025-02-13,2025-02-13,1,1,0,TEMPLATE
BLUEST,BLUEST,1,2025-05-28,2025-05-28,1,1,0,MUSIC GENRES PLUS A LETTER
BLUNT,BLUNT,1,2026-03-21,2026-03-21,1,1,0,DIRECT
BLUR,BLUR,1,2026-03-25,2026-03-25,1,1,0,OBFUSCATE
BLUSTER,BLUSTER,1,2025-06-11,2025-06-11,1,1,0,BOAST
BLUTO,BLUTO,1,2025-05-04,2025-05-04,1,1,0,PLANETS/DWARF PLANET WITH FIRST LETTER CHANGED
BO,BO,1,2026-05-29,2026-05-29,1,1,0,SOURCES OF DISTINCTIVE SMELLS
BOB,BOB,1,2025-10-11,2025-10-11,1,1,0,NICKNAMES THAT HAVE OTHER MEANINGS
BOCK,BOCK,1,2024-12-18,2024-12-18,1,1,0,STYLES OF BEER
BODYSUIT,BODYSUIT,1,2026-04-16,2026-04-16,1,1,0,FEATURES OF A CATWOMAN COSTUME
BOGART,BOGART,1,2026-03-15,2026-03-15,1,1,0,GREEDILY CONTROL
BOGEY,BOGEY,1,2025-03-30,2025-03-30,1,1,0,___MAN
BOGEYMAN,BOGEYMAN,1,2025-07-23,2025-07-23,1,1,0,DREAD-INDUCING FIGURES
BOGO,BOGO,1,2025-11-12,2025-11-12,1,1,0,ACRONYMS
BOGUS,BOGUS,1,2025-03-08,2025-03-08,1,1,0,WORDS SAID FREQUENTLY IN THE “BILL AND TED” MOVIES
BOHEMIAN,BOHEMIAN,1,2025-09-29,2025-09-29,1,1,0,FIRST WORDS IN '70S ROCK SONG TITLES
BOILERPLATE,BOILERPLATE,1,2024-10-09,2024-10-09,1,1,0,ENDING WITH TABLEWARE
BOILING,BOILING,1,2024-08-25,2024-08-25,1,1,0,HOPPING MAD
BOJACK,BOJACK,1,2025-06-26,2025-06-26,1,1,0,ENDING WITH PLAYING CARDS
BOLD,BOLD,1,2025-10-24,2025-10-24,1,1,0,THINGS YOU CAN DO TO TEXT
BOLERO,BOLERO,1,2025-12-16,2025-12-16,1,1,0,DANCES
BOLT CUTTER,BOLT CUTTER,1,2025-11-21,2025-11-21,1,1,0,"STARTING WITH SYNONYMS FOR ""EAT"""
BOMBER,BOMBER,1,2025-01-23,2025-01-23,1,1,0,PARTS OF AN INDIANA JONES COSTUME
BOMBSHELL,BOMBSHELL,1,2025-04-21,2025-04-21,1,1,0,METAPHOR FOR SOMETHING UNEXPECTED
BONDS,BONDS,1,2025-04-17,2025-04-17,1,1,0,BASEBALL GREATS
BOO,BOO,1,2025-02-14,2025-02-14,1,1,0,WORDS SAID TO AN UNSUSPECTING PERSON
BOOBY,BOOBY,1,2025-10-01,2025-10-01,1,1,0,___ PRIZE
BOOKCASE,BOOKCASE,1,2026-01-12,2026-01-12,1,1,0,LIVING ROOM FURNITURE
BOOST,BOOST,1,2026-02-01,2026-02-01,1,1,0,PUBLICIZE
BOOTCAMP,BOOTCAMP,1,2026-06-18,2026-06-18,1,1,0,FITNESS CLASS TYPES
BOOTLEG,BOOTLEG,1,2025-07-02,2025-07-02,1,1,0,KNOCKOFF
BOOTY,BOOTY,1,2025-08-24,2025-08-24,1,1,0,___ CALL
BORG,BORG,1,2025-08-07,2025-08-07,1,1,0,WIMBLEDON WINNERS
BORN,BORN,1,2025-06-08,2025-06-08,1,1,0,SIDEBAR INFO ON A PERSON’S WIKIPEDIA PAGE
BOSCH,BOSCH,1,2026-02-02,2026-02-02,1,1,0,MODERN CRIME SERIES PROTAGONISTS
BOSS,BOSS,1,2025-05-11,2025-05-11,1,1,0,COMMON VIDEO GAME FEATURES
BOSTON,BOSTON,1,2025-06-14,2025-06-14,1,1,0,___ TERRIER
BOTCH,BOTCH,1,2025-11-05,2025-11-05,1,1,0,MAKE A HASH OF
BOTS,BOTS,1,2025-04-12,2025-04-12,1,1,0,STARTS OF AFRICAN COUNTRIES
BOTTLED,BOTTLED,1,2025-08-27,2025-08-27,1,1,0,RESTAURANT WATER OPTIONS
BOTTOM LINE,BOTTOM LINE,1,2026-03-27,2026-03-27,1,1,0,WHAT IT ALL BOILS DOWN TO
BOTTOMS,BOTTOMS,1,2025-01-22,2025-01-22,1,1,0,___ UP
BOUFFANT,BOUFFANT,1,2026-05-23,2026-05-23,1,1,0,HAIRDOS
BOULDER,BOULDER,1,2024-10-13,2024-10-13,1,1,0,ROAD RUNNER CARTOON STAPLES
BOUNCY CASTLE,BOUNCY CASTLE,1,2025-11-03,2025-11-03,1,1,0,THINGS FILLED WITH AIR
BOUND,BOUND,1,2026-05-10,2026-05-10,1,1,0,DESTINED
BOUTONNIÈRE,BOUTONNIÈRE,1,2025-11-21,2025-11-21,1,1,0,THINGS WORN ON LAPELS
BOWIE,BOWIE,1,2024-08-12,2024-08-12,1,1,0,KINDS OF KNIVES
BOWLER,BOWLER,1,2025-06-04,2025-06-04,1,1,0,IMAGERY IN MAGRITTE PAINTINGS
BOWLINE,BOWLINE,1,2026-05-05,2026-05-05,1,1,0,KINDS OF KNOTS
BOWLING ALLEY,BOWLING ALLEY,1,2025-08-12,2025-08-12,1,1,0,PLACES WITH LANES
BOWLING GREEN,BOWLING GREEN,1,2025-08-12,2025-08-12,1,1,0,LANDMARKS IN DOWNTOWN NYC
BOX OFFICE,BOX OFFICE,1,2026-04-13,2026-04-13,1,1,0,SEEN OUTSIDE A THEATER
BOYFRIEND,BOYFRIEND,1,2025-06-23,2025-06-23,1,1,0,KINDS OF JEANS
BOYLE,BOYLE,1,2026-02-19,2026-02-19,1,1,0,HOMOPHONES OF WAYS TO COOK SOMETHING
BOZO,BOZO,1,2025-11-12,2025-11-12,1,1,0,DOOFUS
BRA,BRA,1,2026-04-16,2026-04-16,1,1,0,TRAINING ___
BRAD,BRAD,1,2025-07-19,2025-07-19,1,1,0,SHARP FASTENERS
BRAID,BRAID,1,2024-10-14,2024-10-14,1,1,0,WAYS TO WEAR YOUR HAIR UP
BRAIN,BRAIN,1,2025-09-24,2025-09-24,1,1,0,WRINKLY THINGS
BRAIN STEW,BRAIN STEW,1,2026-03-23,2026-03-23,1,1,0,ENDING IN NICKNAME HOMOPHONES
BRAINSTORM,BRAINSTORM,1,2024-07-03,2024-07-03,1,1,0,"DEVELOP, AS IDEAS"
BRAKE,BRAKE,1,2025-01-13,2025-01-13,1,1,0,DRIVING INSTRUCTOR DIRECTIVES
BRAKE FLUID,BRAKE FLUID,1,2025-08-23,2025-08-23,1,1,0,LIQUIDS YOU PUT INTO CARS
BRAKES,BRAKES,1,2025-07-29,2025-07-29,1,1,0,THINGS YOU CAN PUMP
BRAND,BRAND,1,2024-12-31,2024-12-31,1,1,0,NAME ___
BRANDY,BRANDY,1,2025-06-21,2025-06-21,1,1,0,APPLE PRODUCTS
BRASS BAND,BRASS BAND,1,2026-06-11,2026-06-11,1,1,0,THINGS WITH HORNS
BRASS TACKS,BRASS TACKS,1,2026-03-27,2026-03-27,1,1,0,WHAT IT ALL BOILS DOWN TO
BRATZ,BRATZ,1,2025-12-23,2025-12-23,1,1,0,STARTING WITH SLANG FOR SAUSAGE
BRAVE,BRAVE,1,2025-10-02,2025-10-02,1,1,0,BEST ANIMATED FEATURE OSCAR WINNERS
BRAVO,BRAVO,1,2025-10-15,2025-10-15,1,1,0,IN THE NATO PHONETIC ALPHABET
BRAYS,BRAYS,1,2026-02-19,2026-02-19,1,1,0,HOMOPHONES OF WAYS TO COOK SOMETHING
BREACH,BREACH,1,2024-06-23,2024-06-23,1,1,0,WHAT HUMPBACK WHALES DO
BREAKFAST,BREAKFAST,1,2025-08-18,2025-08-18,1,1,0,HOTEL AMENITIES
BREAKING,BREAKING,1,2025-01-11,2025-01-11,1,1,0,OLYMPIC EVENTS SINCE 2000
BREAKOUT,BREAKOUT,1,2025-01-12,2025-01-12,1,1,0,CLASSIC ATARI GAMES
BREATH,BREATH,1,2026-02-14,2026-02-14,1,1,0,"WORDS BEFORE ""MINT"""
BREATHE,BREATHE,1,2025-06-07,2025-06-07,1,1,0,TIPS FOR WORKING OUT SAFELY
BRED,BRED,1,2025-06-08,2025-06-08,1,1,0,HOMOPHONES OF SLANG FOR MONEY
BRENT,BRENT,1,2025-10-07,2025-10-07,1,1,0,MUSICALS PLUS STARTING LETTER
BREW,BREW,1,2025-06-15,2025-06-15,1,1,0,SLANG FOR COFFEE
BRIDGE TROLL,BRIDGE TROLL,1,2025-05-22,2025-05-22,1,1,0,FAMOUS RIDDLE-GIVERS
BRIDGES,BRIDGES,1,2024-12-27,2024-12-27,1,1,0,OSCAR-WINNING ACTORS
BRIDLE,BRIDLE,1,2024-08-07,2024-08-07,1,1,0,THINGS WITH BITS
BRIGHT,BRIGHT,1,2025-09-23,2025-09-23,1,1,0,CHEERFUL
BRIGHTNESS,BRIGHTNESS,1,2025-05-09,2025-05-09,1,1,0,TV DISPLAY SETTINGS
BRILLIANT,BRILLIANT,1,2025-08-15,2025-08-15,1,1,0,SPLENDID
BRIM,BRIM,1,2024-12-05,2024-12-05,1,1,0,___STONE
BRINK,BRINK,1,2025-06-05,2025-06-05,1,1,0,PRECIPICE
BRINY,BRINY,1,2024-08-04,2024-08-04,1,1,0,"NICKNAMES FOR THE SEA, WITH “THE”"
BRISKET,BRISKET,1,2026-03-03,2026-03-03,1,1,0,"STARTING WITH SYNONYMS FOR ""SPEEDY"""
BRISTLE,BRISTLE,1,2025-03-15,2025-03-15,1,1,0,SHARP PROTRUSION
BRITISH,BRITISH,1,2024-07-01,2024-07-01,1,1,0,FIRST WORDS OF CANADIAN PROVINCES/TERRITORIES
BRITISH MAGAZINE,BRITISH MAGAZINE,1,2025-07-04,2025-07-04,1,1,0,WHAT “OK” MIGHT REFER TO
BROADCAST,BROADCAST,1,2024-12-02,2024-12-02,1,1,0,ANNOUNCE
BROCCOLI RABE,BROCCOLI RABE,1,2026-03-23,2026-03-23,1,1,0,ENDING IN NICKNAME HOMOPHONES
BROIL,BROIL,1,2024-09-25,2024-09-25,1,1,0,FOOD NAMED AFTER CITIES
BROKE,BROKE,1,2025-09-06,2025-09-06,1,1,0,RUPTURED
BRONCHO,BRONCHO,1,2026-06-11,2026-06-11,1,1,0,HOMOPHONES OF SUVS
BRONCO,BRONCO,1,2025-10-15,2025-10-15,1,1,0,FORD MODELS
BROOCH,BROOCH,1,2025-08-06,2025-08-06,1,1,0,ACCESSORY WITH A POINTY FASTENER
BROOKLYN,BROOKLYN,1,2026-01-20,2026-01-20,1,1,0,FAMOUS BRIDGES
BROOKLYN BRIDGE,BROOKLYN BRIDGE,1,2025-08-12,2025-08-12,1,1,0,LANDMARKS IN DOWNTOWN NYC
BROTHER,BROTHER,1,2026-03-03,2026-03-03,1,1,0,"""BIG"" THINGS"
BROTHERLY LOVE,BROTHERLY LOVE,1,2025-12-31,2025-12-31,1,1,0,ASSOCIATED WITH PHILADELPHIA
BROWSER,BROWSER,1,2025-04-03,2025-04-03,1,1,0,THINGS WITH TABS
BRUCE,BRUCE,1,2026-02-05,2026-02-05,1,1,0,LEES OF HOLLYWOOD
BRUSHING,BRUSHING,1,2026-01-16,2026-01-16,1,1,0,COMPONENTS OF A KID’S BEDTIME ROUTINE
BRUTAL,BRUTAL,1,2026-01-05,2026-01-05,1,1,0,"ART MOVEMENTS, WITH ""-ISM"""
BUB,BUB,1,2025-02-11,2025-02-11,1,1,0,BUSTER
BUBBLE AND SQUEAK,BUBBLE AND SQUEAK,1,2026-06-02,2026-06-02,1,1,0,BRITISH POTATO DISHES
BUBBLY,BUBBLY,1,2025-07-13,2025-07-13,1,1,0,WINE NICKNAMES
BUCKS,BUCKS,1,2025-10-21,2025-10-21,1,1,0,N.B.A. TEAMS
BUDDING,BUDDING,1,2026-01-19,2026-01-19,1,1,0,INEXPERIENCED
BUFFER,BUFFER,1,2025-11-15,2025-11-15,1,1,0,___ ZONE
BUG BITE,BUG BITE,1,2025-11-25,2025-11-25,1,1,0,THINGS YOU CAN SCRATCH
BUGLER,BUGLER,1,2024-12-27,2024-12-27,1,1,0,THEY HAVE A HORN
BUILDING,BUILDING,1,2026-04-26,2026-04-26,1,1,0,THINGS WITH FACES
BULGE,BULGE,1,2025-07-30,2025-07-30,1,1,0,ANAGRAMS OF MUSICAL INSTRUMENTS
BULKY,BULKY,1,2025-03-08,2025-03-08,1,1,0,WASHING MACHINE CYCLES/SETTINGS
BULL MOOSE,BULL MOOSE,1,2026-02-22,2026-02-22,1,1,0,ASSOCIATED WITH THEODORE ROOSEVELT
BULLDOG,BULLDOG,1,2024-07-31,2024-07-31,1,1,0,FRENCH ___
BULLS,BULLS,1,2025-10-21,2025-10-21,1,1,0,N.B.A. TEAMS
BULLSEYE,BULLSEYE,1,2026-02-04,2026-02-04,1,1,0,STARTING WITH NBA TEAMS
BULLY,BULLY,1,2025-04-19,2025-04-19,1,1,0,"DOG BREEDS, INFORMALLY"
BUMBLE,BUMBLE,1,2026-01-20,2026-01-20,1,1,0,KINDS OF BEES
BUMPER-TO-BUMPER,BUMPER-TO-BUMPER,1,2024-06-21,2024-06-21,1,1,0,BEGINNING WITH SYNONYMS FOR REAR END
BUMPY,BUMPY,1,2024-09-23,2024-09-23,1,1,0,"NOT SMOOTH, AS TERRAIN"
BUNGEE,BUNGEE,1,2025-03-20,2025-03-20,1,1,0,KINDS OF CORDS
BUNKER,BUNKER,1,2026-03-12,2026-03-12,1,1,0,PLACES TO FIND SAND
BUNNY EARS,BUNNY EARS,1,2026-05-03,2026-05-03,1,1,0,GESTURES MADE WITH THE INDEX AND MIDDLE FINGERS
BURGER,BURGER,1,2024-09-14,2024-09-14,1,1,0,___ KING
BURGER KING WHOPPER,BURGER KING WHOPPER,1,2026-05-08,2026-05-08,1,1,0,"ENDING IN CANDY BRANDS MINUS ""S"""
BURNS,BURNS,1,2025-09-01,2025-09-01,1,1,0,FAMOUS POETS
BURRITO,BURRITO,1,2024-07-25,2024-07-25,1,1,0,WRAPPED THINGS
BURROW,BURROW,1,2025-11-23,2025-11-23,1,1,0,ANIMAL HOMES
BUSBOY,BUSBOY,1,2025-06-16,2025-06-16,1,1,0,STARTING WITH METHODS OF TRANSPORTATION
BUSH,BUSH,1,2024-06-16,2024-06-16,1,1,0,REMOTE RURAL AREA
BUSHEL,BUSHEL,1,2026-01-23,2026-01-23,1,1,0,IMPERIAL UNITS
BUTTE,BUTTE,1,2025-02-24,2025-02-24,1,1,0,BODY PARTS PLUS LETTER
BUTTERCUP,BUTTERCUP,1,2024-10-09,2024-10-09,1,1,0,ENDING WITH TABLEWARE
BUTTERMILK,BUTTERMILK,1,2024-06-21,2024-06-21,1,1,0,BEGINNING WITH SYNONYMS FOR REAR END
BUTTONS,BUTTONS,1,2025-03-23,2025-03-23,1,1,0,WORDS REPEATED IN “MISS MARY MACK”
BUTTY,BUTTY,1,2025-02-18,2025-02-18,1,1,0,BRITISHISMS
BUY,BUY,1,2024-07-15,2024-07-15,1,1,0,REGARD AS TRUE
BUZZARD,BUZZARD,1,2026-02-15,2026-02-15,1,1,0,STARTING WITH WAYS TO REACH SOMEONE VIA PHONE
BUZZING,BUZZING,1,2025-06-12,2025-06-12,1,1,0,GOSSIPING
BY,BY,1,2026-06-22,2026-06-22,1,1,0,MULTIPLICATION INDICATORS
BYTE,BYTE,1,2024-08-07,2024-08-07,1,1,0,THINGS WITH BITS
CABARET,CABARET,1,2025-10-03,2025-10-03,1,1,0,SONGS FROM MUSICALS
CABBAGE,CABBAGE,1,2025-01-24,2025-01-24,1,1,0,___ PATCH
CABBAGE PATCH,CABBAGE PATCH,1,2025-06-29,2025-06-29,1,1,0,DANCE MOVES
CABIN,CABIN,1,2026-04-24,2026-04-24,1,1,0,"WHAT ""CAB"" MIGHT REFER TO"
CABINET,CABINET,1,2024-11-02,2024-11-02,1,1,0,GROUP OF ADVISORS
CABLE,CABLE,1,2025-04-06,2025-04-06,1,1,0,UTILITIES
CACKLE,CACKLE,1,2026-02-16,2026-02-16,1,1,0,SOUNDS A CHICKEN MAKES
CACTUS,CACTUS,1,2024-09-16,2024-09-16,1,1,0,SPIKY THINGS
CADDY,CADDY,1,2025-05-30,2025-05-30,1,1,0,WORDS BEFORE “SHACK”
CAESAR,CAESAR,1,2026-06-16,2026-06-16,1,1,0,CREAMY SALAD DRESSINGS
CAFETERIA,CAFETERIA,1,2025-07-16,2025-07-16,1,1,0,PARTS OF A COLLEGE CAMPUS
CAL,CAL,1,2025-03-25,2025-03-25,1,1,0,U.S. PRESIDENTIAL NICKNAMES
CALAMINE LOTION,CALAMINE LOTION,1,2025-11-25,2025-11-25,1,1,0,THINGS THAT ARE PINK
CALCIUM,CALCIUM,1,2025-08-10,2025-08-10,1,1,0,"STARTING WITH MATH AND SCIENCE CLASSES, FOR SHORT"
CALCULUS,CALCULUS,1,2024-11-13,2024-11-13,1,1,0,CONCERNS FOR A DENTIST
CALF RAISE,CALF RAISE,1,2026-03-31,2026-03-31,1,1,0,STARTING WITH BABY ANIMALS
CALICO,CALICO,1,2024-07-28,2024-07-28,1,1,0,CAT COAT PATTERNS
CALLBACK,CALLBACK,1,2026-02-26,2026-02-26,1,1,0,ELEMENTS OF JOKE-TELLING
CALLING,CALLING,1,2025-12-27,2025-12-27,1,1,0,VOCATION
CALLOWAY,CALLOWAY,1,2026-04-24,2026-04-24,1,1,0,"WHAT ""CAB"" MIGHT REFER TO"
CAMERA LENS,CAMERA LENS,1,2026-04-13,2026-04-13,1,1,0,THEY HAVE CAPS
CAMERA MOVEMENT,CAMERA MOVEMENT,1,2024-10-25,2024-10-25,1,1,0,“PAN”
CAMEROON,CAMEROON,1,2025-11-30,2025-11-30,1,1,0,ENDING IN COLOR HOMOPHONES
CAMISOLE,CAMISOLE,1,2025-07-17,2025-07-17,1,1,0,ENDING WITH FISH
CAN OF WORMS,CAN OF WORMS,1,2025-10-13,2025-10-13,1,1,0,METAPHORS FOR POTENTIALLY VOLATILE SITUATIONS
CAN OPENER,CAN OPENER,1,2025-02-21,2025-02-21,1,1,0,OBJECTS THAT MAY BE RIGHT- OR LEFT-HANDED
CANADIEN,CANADIEN,1,2025-02-22,2025-02-22,1,1,0,MEMBER OF A TEAM WITH THE MOST CHAMPIONSHIPS IN THEIR RESPECTIVE SPORTS
CANAPÉ,CANAPÉ,1,2026-03-01,2026-03-01,1,1,0,LITTLE BITE
CANDELABRA,CANDELABRA,1,2025-05-27,2025-05-27,1,1,0,WHAT CHARACTERS WERE TRANSFORMED INTO IN “BEAUTY AND THE BEAST”
CANINE,CANINE,1,2024-07-08,2024-07-08,1,1,0,WORDS ENDING IN NUMBERS
CANNABIS,CANNABIS,1,2025-04-19,2025-04-19,1,1,0,REPRESENTED BY THREE-DIGIT NUMBERS
CANNIBALISM,CANNIBALISM,1,2026-04-20,2026-04-20,1,1,0,ASSOCIATED WITH BLACK WIDOW SPIDERS
CANNON,CANNON,1,2026-03-31,2026-03-31,1,1,0,PARTS OF A PIRATE SHIP
CANNONBALL,CANNONBALL,1,2024-08-08,2024-08-08,1,1,0,SPLASHY WAYS TO ENTER A POOL
CANT,CANT,1,2024-11-04,2024-11-04,1,1,0,WORDS WITH APOSTROPHES REMOVED
CANTAB,CANTAB,1,2025-08-28,2025-08-28,1,1,0,ENDING WITH KEYBOARD KEYS
CANVASS,CANVASS,1,2024-07-21,2024-07-21,1,1,0,WAYS TO SUPPORT A CANDIDATE
CAPACITY,CAPACITY,1,2025-04-30,2025-04-30,1,1,0,ACCOMMODATION
CAPE COD,CAPE COD,1,2025-07-17,2025-07-17,1,1,0,ENDING WITH FISH
CAPE MAY,CAPE MAY,1,2026-06-02,2026-06-02,1,1,0,ENDING IN MODAL AUXILIARY VERBS
CAPISCE,CAPISCE,1,2024-08-05,2024-08-05,1,1,0,ARE WE CLEAR?
CAPITAL,CAPITAL,1,2025-08-15,2025-08-15,1,1,0,SPLENDID
CAPITAN,CAPITAN,1,2025-12-07,2025-12-07,1,1,0,EL ___
CAPOTE,CAPOTE,1,2025-10-25,2025-10-25,1,1,0,BEST ACTOR-WINNING BIOPICS
CAPSTONE,CAPSTONE,1,2026-01-27,2026-01-27,1,1,0,STARTING WITH BASEBALL GEAR
CAPTION,CAPTION,1,2025-10-09,2025-10-09,1,1,0,NEWS ARTICLE FEATURES
CAR WINDOW,CAR WINDOW,1,2026-05-07,2026-05-07,1,1,0,CONTROLLED WITH UP/DOWN BUTTONS
CARAFE,CARAFE,1,2025-08-24,2025-08-24,1,1,0,WINE VESSELS
CARBON,CARBON,1,2025-06-16,2025-06-16,1,1,0,STARTING WITH METHODS OF TRANSPORTATION
CARDBOARD BOX,CARDBOARD BOX,1,2026-01-21,2026-01-21,1,1,0,ITEMS TO RECYCLE
CARDI,CARDI,1,2026-04-02,2026-04-02,1,1,0,ENDS OF LIQUOR BRANDS
CARDIO,CARDIO,1,2026-06-11,2026-06-11,1,1,0,PARTS OF A WORKOUT ROUTINE
CARMELA,CARMELA,1,2024-12-03,2024-12-03,1,1,0,SOPRANOS
CAROLINA REAPER,CAROLINA REAPER,1,2026-04-10,2026-04-10,1,1,0,PEPPERS
CAROM,CAROM,1,2025-05-12,2025-05-12,1,1,0,REBOUND
CAROUSER,CAROUSER,1,2026-04-06,2026-04-06,1,1,0,MUSICALS WITH LAST LETTER CHANGED
CARP,CARP,1,2024-11-12,2024-11-12,1,1,0,COMPLAIN
CARPENTRY,CARPENTRY,1,2024-12-02,2024-12-02,1,1,0,THINGS INVOLVING MALLETS
CARRIAGE,CARRIAGE,1,2026-06-18,2026-06-18,1,1,0,DEMEANOR
CARROT,CARROT,1,2025-08-05,2025-08-05,1,1,0,USED TO DECORATE A SNOWMAN
CARRY,CARRY,1,2026-05-07,2026-05-07,1,1,0,COMMIT A BASKETBALL INFRACTION
CARS,CARS,1,2025-05-04,2025-05-04,1,1,0,PLANETS/DWARF PLANET WITH FIRST LETTER CHANGED
CART,CART,1,2024-07-17,2024-07-17,1,1,0,STARTS OF U.S. PRESIDENTS
CARTE,CARTE,1,2025-03-19,2025-03-19,1,1,0,À/A LA ___
CARTON,CARTON,1,2026-03-20,2026-03-20,1,1,0,EGG ___
CARTWRIGHT,CARTWRIGHT,1,2026-03-16,2026-03-16,1,1,0,"SILENT ""W"""
CASCADE,CASCADE,1,2024-10-01,2024-10-01,1,1,0,FAST-MOVING WATER
CASH REGISTER,CASH REGISTER,1,2025-05-12,2025-05-12,1,1,0,PLACES TO FIND PAPER MONEY
CASPER,CASPER,1,2025-08-09,2025-08-09,1,1,0,MOVIES FEATURING SUPERNATURAL ROMANCE
CASSEROLE,CASSEROLE,1,2024-12-21,2024-12-21,1,1,0,COOKING VESSELS
CAST IRON,CAST IRON,1,2026-04-25,2026-04-25,1,1,0,"STARTING WITH SYNONYMS FOR ""THROW"""
CATALOG,CATALOG,1,2024-09-06,2024-09-06,1,1,0,THINGS RECEIVED IN THE MAIL
CATALYST,CATALYST,1,2025-04-25,2025-04-25,1,1,0,STARTING POINT
CATARACT,CATARACT,1,2025-10-01,2025-10-01,1,1,0,FAST-MOVING WATER
CATER,CATER,1,2024-09-04,2024-09-04,1,1,0,HELP PUT ON A PARTY
CATFISH,CATFISH,1,2026-05-14,2026-05-14,1,1,0,BAD THINGS TO DO IN MODERN DATING
CAUSE,CAUSE,1,2026-05-13,2026-05-13,1,1,0,PRETEXT
CEASE,CEASE,1,2025-04-15,2025-04-15,1,1,0,DESIST
CECE,CECE,1,2024-12-03,2024-12-03,1,1,0,NAMES THAT SOUND LIKE TWO LETTERS
CEDAR,CEDAR,1,2025-08-04,2025-08-04,1,1,0,TREES
CEFTAZIDIME,CEFTAZIDIME,1,2026-01-12,2026-01-12,1,1,0,ENDING IN U.S. COINS
CEILING,CEILING,1,2026-06-01,2026-06-01,1,1,0,ROOM FEATURES
CEILING FAN,CEILING FAN,1,2025-08-20,2025-08-20,1,1,0,THINGS THAT ROTATE ABOUT A VERTICAL AXIS
CELSIUS,CELSIUS,1,2025-12-15,2025-12-15,1,1,0,"WHAT ""C"" MIGHT MEAN"
CELTIC,CELTIC,1,2025-02-22,2025-02-22,1,1,0,MEMBER OF A TEAM WITH THE MOST CHAMPIONSHIPS IN THEIR RESPECTIVE SPORTS
CENTAUR,CENTAUR,1,2025-10-20,2025-10-20,1,1,0,REPRESENTED BY CONSTELLATIONS
CENTER,CENTER,1,2024-10-15,2024-10-15,1,1,0,FOOTBALL POSITIONS
CENTERFOLD,CENTERFOLD,1,2025-03-09,2025-03-09,1,1,0,#1 SONGS FROM 1982
CENTIPEDE,CENTIPEDE,1,2025-01-12,2025-01-12,1,1,0,CLASSIC ATARI GAMES
CENTS,CENTS,1,2026-02-08,2026-02-08,1,1,0,"WORDS AFTER ""TWO"""
CERAMICS,CERAMICS,1,2025-07-06,2025-07-06,1,1,0,FIRED OBJECTS
CEREAL,CEREAL,1,2026-01-15,2026-01-15,1,1,0,THINGS THAT COME IN FLAKES
CFO,CFO,1,2025-11-26,2025-11-26,1,1,0,FINANCIAL ABBREVIATIONS
CHAINZ,CHAINZ,1,2026-01-09,2026-01-09,1,1,0,MUSICAL ARTISTS MINUS STARTING NUMBERS
CHAIRS,CHAIRS,1,2025-04-30,2025-04-30,1,1,0,ACCOMMODATION
CHALK,CHALK,1,2025-12-14,2025-12-14,1,1,0,"SILENT ""L"""
CHALLENGE,CHALLENGE,1,2025-02-01,2025-02-01,1,1,0,TAKE ISSUE WITH
CHAMELEON,CHAMELEON,1,2026-03-19,2026-03-19,1,1,0,THINGS THAT CHANGE COLOR
CHAMPAGNE,CHAMPAGNE,1,2024-09-19,2024-09-19,1,1,0,PLACES IN FRANCE
CHAMPAGNE FLUTE,CHAMPAGNE FLUTE,1,2025-12-31,2025-12-31,1,1,0,HAPPY NEW YEAR!
CHANDELIER,CHANDELIER,1,2024-11-02,2024-11-02,1,1,0,KINDS OF EARRINGS
CHANNEL SURF,CHANNEL SURF,1,2025-12-31,2025-12-31,1,1,0,STARTING WITH BODIES OF WATER
CHARD,CHARD,1,2025-07-13,2025-07-13,1,1,0,WINE NICKNAMES
CHARGING CABLE,CHARGING CABLE,1,2025-03-14,2025-03-14,1,1,0,CHECKOUT LINE IMPULSE BUYS
CHARLATAN,CHARLATAN,1,2024-07-23,2024-07-23,1,1,0,IMPOSTOR
CHARLIE,CHARLIE,1,2024-09-30,2024-09-30,1,1,0,CHARACTERS WITH PET DOGS
CHARM BRACELET,CHARM BRACELET,1,2026-06-12,2026-06-12,1,1,0,STARTING WITH INCANTATIONS
CHARMS,CHARMS,1,2024-12-01,2024-12-01,1,1,0,CANDY NAMES
CHARTER,CHARTER,1,2024-09-24,2024-09-24,1,1,0,PROCURE IN ADVANCE
CHASE,CHASE,1,2024-06-27,2024-06-27,1,1,0,PURSUIT
CHAT,CHAT,1,2024-10-26,2024-10-26,1,1,0,SERIES OF MESSAGES
CHATEAUBRIAND,CHATEAUBRIAND,1,2025-07-23,2025-07-23,1,1,0,KINDS OF STEAKS
CHATTER,CHATTER,1,2025-03-08,2025-03-08,1,1,0,___BOX
CHATTERBOX,CHATTERBOX,1,2025-08-19,2025-08-19,1,1,0,QUITE THE TALKER
CHAYOTE,CHAYOTE,1,2025-11-22,2025-11-22,1,1,0,TROPICAL FRUITS/VEGETABLES
CHEAP,CHEAP,1,2026-05-18,2026-05-18,1,1,0,FRUIT ANAGRAMS
CHECK IN,CHECK IN,1,2026-05-22,2026-05-22,1,1,0,REACH BACK OUT
CHECKING,CHECKING,1,2025-08-27,2025-08-27,1,1,0,ATM OPTIONS
CHECKOUT LANE,CHECKOUT LANE,1,2026-05-22,2026-05-22,1,1,0,PLACES WITH CONVEYOR BELTS
CHEERIO,CHEERIO,1,2024-10-16,2024-10-16,1,1,0,BIT OF BREAKFAST CEREAL
CHEERLEADER,CHEERLEADER,1,2024-08-09,2024-08-09,1,1,0,SUPPORTER
CHEERS,CHEERS,1,2025-05-10,2025-05-10,1,1,0,LETTER SIGN-OFFS
CHEKHOV,CHEKHOV,1,2026-02-24,2026-02-24,1,1,0,FAMOUS PLAYWRIGHTS
CHELSEA,CHELSEA,1,2026-04-11,2026-04-11,1,1,0,ENDING IN BODIES OF WATER
CHEMICAL,CHEMICAL,1,2025-06-27,2025-06-27,1,1,0,___ BROTHERS
CHEMISE,CHEMISE,1,2025-08-10,2025-08-10,1,1,0,"STARTING WITH MATH AND SCIENCE CLASSES, FOR SHORT"
CHER,CHER,1,2025-11-01,2025-11-01,1,1,0,SECOND IN A FAMOUS REAL-LIFE DUO
CHERRIES,CHERRIES,1,2025-10-31,2025-10-31,1,1,1,MS. PAC-MAN
CHERRY BLOSSOM,CHERRY BLOSSOM,1,2025-11-25,2025-11-25,1,1,0,THINGS THAT ARE PINK
CHESHIRE CAT,CHESHIRE CAT,1,2025-03-10,2025-03-10,1,1,0,FAMOUS SMILES
CHEVRON,CHEVRON,1,2025-08-29,2025-08-29,1,1,0,PLACES THAT SELL GAS
CHEVY CHASE,CHEVY CHASE,1,2025-08-22,2025-08-22,1,1,0,ACTORS WHOSE LAST NAMES ARE ALSO VERBS
CHEW,CHEW,1,2025-12-24,2025-12-24,1,1,0,MASTICATE
CHEWIE,CHEWIE,1,2024-09-20,2024-09-20,1,1,0,"CHARACTERS IN “THE EMPIRE STRIKES BACK,"" FAMILIARLY"
CHEWY,CHEWY,1,2025-05-04,2025-05-04,1,1,0,QUALITIES OF OVERCOOKED MEAT
CHIC,CHIC,1,2025-06-27,2025-06-27,1,1,0,IN FASHION
CHICANERY,CHICANERY,1,2025-08-23,2025-08-23,1,1,0,SKULDUGGERY
CHICK,CHICK,1,2025-08-13,2025-08-13,1,1,0,MEMBER OF A GIRL GROUP
CHIEF,CHIEF,1,2024-09-16,2024-09-16,1,1,0,FOREMOST
CHIGNON,CHIGNON,1,2026-05-23,2026-05-23,1,1,0,HAIRDOS
CHILD’S PLAY,CHILD’S PLAY,1,2025-07-27,2025-07-27,1,1,0,"""NOTHING TO IT!"""
CHIME,CHIME,1,2025-02-19,2025-02-19,1,1,0,SOUNDS A CUCKOO CLOCK MAKES
CHIMERA,CHIMERA,1,2025-12-16,2025-12-16,1,1,0,STARTING WITH PERCUSSION INSTRUMENTS
CHIMICHURRI,CHIMICHURRI,1,2025-11-07,2025-11-07,1,1,0,GREEN CONDIMENTS
CHIN,CHIN,1,2025-01-22,2025-01-22,1,1,0,___ UP
CHINATOWN,CHINATOWN,1,2026-05-11,2026-05-11,1,1,0,DETECTIVE MOVIES
CHING,CHING,1,2025-11-08,2025-11-08,1,1,0,"WORDS AFTER ""I"""
CHINSTRAP,CHINSTRAP,1,2025-05-17,2025-05-17,1,1,0,KINDS OF PENGUINS
CHIPOTLE,CHIPOTLE,1,2026-04-10,2026-04-10,1,1,0,PEPPERS
CHIPPY,CHIPPY,1,2025-02-18,2025-02-18,1,1,0,BRITISHISMS
CHISEL,CHISEL,1,2025-06-25,2025-06-25,1,1,0,WOODWORKING HAND TOOLS
CHORD,CHORD,1,2025-02-01,2025-02-01,1,1,0,STRIKE A ___
CHORE,CHORE,1,2026-04-15,2026-04-15,1,1,0,TEDIOUS UNDERTAKING
CHOW MEIN,CHOW MEIN,1,2025-11-21,2025-11-21,1,1,0,"STARTING WITH SYNONYMS FOR ""EAT"""
CHOWDER,CHOWDER,1,2026-05-04,2026-05-04,1,1,0,STARTING WITH FAMILIAR NAMES FOR KINDS OF DOGS
CHRISTMAS TREE,CHRISTMAS TREE,1,2026-02-23,2026-02-23,1,1,0,CONICAL THINGS
CHRISTOPH WALTZ,CHRISTOPH WALTZ,1,2025-08-22,2025-08-22,1,1,0,ACTORS WHOSE LAST NAMES ARE ALSO VERBS
CHRISTOPHER,CHRISTOPHER,1,2026-02-05,2026-02-05,1,1,0,LEES OF HOLLYWOOD
CHRONICLE,CHRONICLE,1,2024-11-23,2024-11-23,1,1,0,TELLING OF EVENTS
CHUCK E. CHEESE,CHUCK E. CHEESE,1,2026-04-25,2026-04-25,1,1,0,"STARTING WITH SYNONYMS FOR ""THROW"""
CHUM,CHUM,1,2024-12-07,2024-12-07,1,1,0,WAYS TO ATTRACT FISH
CIAO,CIAO,1,2026-05-15,2026-05-15,1,1,0,"HOMOPHONES OF KINDS OF DOGS, FAMILIARLY"
CIGAR,CIGAR,1,2025-05-05,2025-05-05,1,1,0,THINGS THAT ARE LONG AND CYLINDRICAL
CIGARETTE,CIGARETTE,1,2025-11-13,2025-11-13,1,1,0,THINGS THAT USE FILTERS
CINCH,CINCH,1,2025-06-01,2025-06-01,1,1,0,"ENSURE, AS A VICTORY"
CINDERELLA,CINDERELLA,1,2024-06-21,2024-06-21,1,1,0,TYPES OF COME-FROM-BEHIND STORIES
CINNAMON,CINNAMON,1,2025-04-25,2025-04-25,1,1,0,GUM FLAVORS
CIRCUIT,CIRCUIT,1,2025-12-01,2025-12-01,1,1,0,COMPLETE TURN
CIRCULATE,CIRCULATE,1,2025-01-11,2025-01-11,1,1,0,THINGS TO DO AT A WORK EVENT
CIRCULATION,CIRCULATION,1,2025-12-21,2025-12-21,1,1,0,LIBRARY SECTIONS
CIRCUS,CIRCUS,1,2025-06-30,2025-06-30,1,1,0,METAPHORS FOR A DRAMATIC AND CHAOTIC EVENT
CITE,CITE,1,2025-12-27,2025-12-27,1,1,0,ATTRIBUTE
CITRINE,CITRINE,1,2026-05-01,2026-05-01,1,1,0,TRANSLUCENT GOLDEN THINGS
CITRUS,CITRUS,1,2025-04-11,2025-04-11,1,1,0,SOURCES OF VITAMINS
CITY HALL,CITY HALL,1,2025-08-12,2025-08-12,1,1,0,LANDMARKS IN DOWNTOWN NYC
CIVILIZATION,CIVILIZATION,1,2024-10-19,2024-10-19,1,1,0,VIDEO GAME FRANCHISES
CLAMP,CLAMP,1,2024-07-21,2024-07-21,1,1,0,CARPENTRY TOOLS
CLASS,CLASS,1,2025-01-25,2025-01-25,1,1,0,SCHOOL PERIODS
CLASSICS,CLASSICS,1,2025-09-30,2025-09-30,1,1,0,ENDING WITH NUMBER HOMOPHONES
CLATTER,CLATTER,1,2024-10-20,2024-10-20,1,1,0,NOISY DISTURBANCE
CLAVES,CLAVES,1,2025-08-20,2025-08-20,1,1,0,PAIRS OF RODS
CLAW,CLAW,1,2024-10-13,2024-10-13,1,1,0,MADE OF KERATIN
CLAWS,CLAWS,1,2026-04-16,2026-04-16,1,1,0,FEATURES OF A CATWOMAN COSTUME
CLEARANCE,CLEARANCE,1,2024-06-21,2024-06-21,1,1,0,APPROVAL
CLEATS,CLEATS,1,2024-12-01,2024-12-01,1,1,0,FOOTBALL GEAR
CLEAVE,CLEAVE,1,2025-08-02,2025-08-02,1,1,0,CONTRONYMS (WORDS THAT CAN MEAN OPPOSITE THINGS)
CLEFT,CLEFT,1,2025-08-24,2025-08-24,1,1,0,RIPPED
CLERGY MEMBER,CLERGY MEMBER,1,2025-09-01,2025-09-01,1,1,0,"WHAT ""CARDINAL"" MIGHT REFER TO"
CLICHÉ,CLICHÉ,1,2025-10-28,2025-10-28,1,1,0,BANALITY
CLICKER,CLICKER,1,2025-10-17,2025-10-17,1,1,0,USED DURING A PRESENTATION
CLICKS,CLICKS,1,2024-12-27,2024-12-27,1,1,0,"PUSHES, AS A BUTTON"
CLIENT,CLIENT,1,2026-01-14,2026-01-14,1,1,0,RECEIVER OF GOODS OR SERVICES
CLIFF,CLIFF,1,2026-04-26,2026-04-26,1,1,0,THINGS WITH FACES
CLIFFORD,CLIFFORD,1,2026-06-24,2026-06-24,1,1,0,RED CHARACTERS
CLIMB,CLIMB,1,2025-12-30,2025-12-30,1,1,0,PARTS OF A FLIGHT
CLINGY,CLINGY,1,2024-11-17,2024-11-17,1,1,0,CLOSE-FITTING
CLIPPERS,CLIPPERS,1,2024-08-27,2024-08-27,1,1,0,CLASSIC BARBERSHOP SUPPLIES
CLOAK,CLOAK,1,2026-03-06,2026-03-06,1,1,0,CONCEALING COVER
CLOAK-AND-DAGGER,CLOAK-AND-DAGGER,1,2026-06-02,2026-06-02,1,1,0,CLANDESTINE
CLOISTER,CLOISTER,1,2025-01-26,2025-01-26,1,1,0,KEEP APART
CLOSING TIME,CLOSING TIME,1,2025-06-13,2025-06-13,1,1,0,HIT SONGS OF 1998
CLOTHESPIN,CLOTHESPIN,1,2026-01-08,2026-01-08,1,1,0,FIRST-CLASS LEVERS
CLOUSEAU,CLOUSEAU,1,2026-03-14,2026-03-14,1,1,0,FICTIONAL INSPECTORS
CLOWN NOSE,CLOWN NOSE,1,2025-11-03,2025-11-03,1,1,0,THINGS THAT ARE RED
CLUCK,CLUCK,1,2026-02-16,2026-02-16,1,1,0,SOUNDS A CHICKEN MAKES
CLUTCH,CLUTCH,1,2024-06-28,2024-06-28,1,1,0,TYPES OF BAGS
CLYDE,CLYDE,1,2025-11-01,2025-11-01,1,1,0,SECOND IN A FAMOUS REAL-LIFE DUO
COAT OF ARMS,COAT OF ARMS,1,2026-06-02,2026-06-02,1,1,0,HERALDIC ACHIEVEMENTS
COAT RACK,COAT RACK,1,2025-06-04,2025-06-04,1,1,0,THINGS IN AN ENTRYWAY
COCK,COCK,1,2025-02-19,2025-02-19,1,1,0,___TAIL
COCKATIEL,COCKATIEL,1,2025-11-30,2025-11-30,1,1,0,ENDING IN COLOR HOMOPHONES
COFFEE MAKER,COFFEE MAKER,1,2025-11-13,2025-11-13,1,1,0,THINGS THAT USE FILTERS
COG,COG,1,2026-03-15,2026-03-15,1,1,0,TOOTHED WHEELS
COIN TOSS,COIN TOSS,1,2025-01-12,2025-01-12,1,1,0,THINGS FEATURING TAILS
COINCIDENTALLY,COINCIDENTALLY,1,2026-06-19,2026-06-19,1,1,0,"ENDING IN SYNONYMS FOR ""AGGREGATE"""
COLANDER,COLANDER,1,2025-08-12,2025-08-12,1,1,0,THINGS WITH HOLES
COLLAR,COLLAR,1,2024-09-04,2024-09-04,1,1,0,PUPPY PURCHASES
COLLEAGUE,COLLEAGUE,1,2026-04-08,2026-04-08,1,1,0,COHORT MEMBER
COLLECT,COLLECT,1,2025-08-10,2025-08-10,1,1,0,AMASS
COLLECTIBLE,COLLECTIBLE,1,2024-09-21,2024-09-21,1,1,0,SPECIAL EDITION ADJECTIVES
COLLEGE,COLLEGE,1,2025-07-03,2025-07-03,1,1,0,PRO ATHLETE DATA
COLONY,COLONY,1,2025-11-19,2025-11-19,1,1,0,ORGAN PLUS A LETTER
COLORFUL,COLORFUL,1,2026-06-03,2026-06-03,1,1,0,GUMMY BEAR DESCRIPTORS
COLORS,COLORS,1,2026-02-13,2026-02-13,1,1,0,PENNANT
COLOSSUS,COLOSSUS,1,2025-09-11,2025-09-11,1,1,0,BEHEMOTH
COLUMNIST,COLUMNIST,1,2025-06-06,2025-06-06,1,1,0,NEWSPAPER JOBS
COMBINE,COMBINE,1,2025-09-03,2025-09-03,1,1,0,JOIN
COMBO,COMBO,1,2025-04-27,2025-04-27,1,1,0,SALTY SNACK UNIT
COMEDIAN,COMEDIAN,1,2024-08-07,2024-08-07,1,1,0,THINGS WITH BITS
COMEDY MASK,COMEDY MASK,1,2025-03-10,2025-03-10,1,1,0,FAMOUS SMILES
COMER,COMER,1,2025-02-26,2025-02-26,1,1,0,SIMPSON FAMILY MEMBERS WITH FIRST LETTER CHANGED
COMET,COMET,1,2024-12-25,2024-12-25,1,1,0,CELESTIAL OBJECTS
COMETH,COMETH,1,2026-02-28,2026-02-28,1,1,0,ASTRONOMICAL TERMS PLUS A LETTER
COMETS,COMETS,1,2025-01-12,2025-01-12,1,1,0,THINGS FEATURING TAILS
COMFORT,COMFORT,1,2025-11-15,2025-11-15,1,1,0,___ ZONE
COMIC CON,COMIC CON,1,2025-10-13,2025-10-13,1,1,0,"ENDING WITH SYNONYMS FOR ""SWINDLE"""
COMICS,COMICS,1,2024-08-31,2024-08-31,1,1,0,NEWSPAPER SECTIONS
COMMANDMENTS,COMMANDMENTS,1,2025-08-12,2025-08-12,1,1,0,GROUPS OF TEN
COMMENT,COMMENT,1,2026-01-05,2026-01-05,1,1,0,THINGS YOU CAN DO ON SOCIAL MEDIA
COMMENTARY,COMMENTARY,1,2026-02-10,2026-02-10,1,1,0,DVD BONUS FEATURES
COMMONPLACE,COMMONPLACE,1,2025-11-18,2025-11-18,1,1,0,"ENDING IN SYNONYMS FOR ""LOCATION"""
COMO,COMO,1,2025-11-12,2025-11-12,1,1,0,SPANISH WORDS
COMP,COMP,1,2025-05-03,2025-05-03,1,1,0,URL ENDINGS PLUS A LETTER
COMPANY,COMPANY,1,2026-03-09,2026-03-09,1,1,0,THEY FEATURE A BOSS
COMPARE,COMPARE,1,2025-07-09,2025-07-09,1,1,0,"ENDING IN SYNONYMS FOR ""CLIP"""
COMPLETE,COMPLETE,1,2025-09-09,2025-09-09,1,1,0,FINISHED
COMPOSE,COMPOSE,1,2025-05-08,2025-05-08,1,1,0,COMMIT TO PAPER
COMPOSITION,COMPOSITION,1,2024-07-21,2024-07-21,1,1,0,CONSTITUTION
COMPRESSED,COMPRESSED,1,2026-06-25,2026-06-25,1,1,0,TIGHTLY PACKED
COMPRESSION,COMPRESSION,1,2025-07-09,2025-07-09,1,1,0,KINDS OF SOCKS
COMPUTER KEY,COMPUTER KEY,1,2026-01-31,2026-01-31,1,1,0,"WHAT ""SHIFT"" MIGHT REFER TO"
COMPUTER KEYBOARD,COMPUTER KEYBOARD,1,2025-10-29,2025-10-29,1,1,0,THINGS FEATURING LETTERS A THROUGH Z
CON GAME,CON GAME,1,2025-07-27,2025-07-27,1,1,0,ASSOCIATED WITH TRICKS
CONCENTRATE,CONCENTRATE,1,2025-08-10,2025-08-10,1,1,0,AMASS
CONCERNING,CONCERNING,1,2024-08-11,2024-08-11,1,1,0,REGARDING
CONCERT,CONCERT,1,2025-04-14,2025-04-14,1,1,0,TICKETED EVENTS
CONCH,CONCH,1,2025-05-25,2025-05-25,1,1,0,EAR PIERCING SITES
CONCOCT,CONCOCT,1,2024-10-22,2024-10-22,1,1,0,DEVISE
CONDENSATION,CONDENSATION,1,2025-07-21,2025-07-21,1,1,0,PHASE TRANSITIONS FOR LIQUIDS
CONDENSE,CONDENSE,1,2024-07-07,2024-07-07,1,1,0,CHANGE STATES OF MATTER
CONDITIONING,CONDITIONING,1,2024-08-25,2024-08-25,1,1,0,WORDS THAT MAKE UP THE ACRONYM “HVAC”
CONFECTIONS,CONFECTIONS,1,2025-11-27,2025-11-27,1,1,0,RHYMES FOR NEW YORK TIMES GAMES
CONFER,CONFER,1,2025-08-08,2025-08-08,1,1,0,BESTOW
CONFETTI,CONFETTI,1,2024-09-24,2024-09-24,1,1,0,BIT OF PARTY DECORATION
CONFLICT,CONFLICT,1,2026-02-04,2026-02-04,1,1,0,CONTENTION
CONGRATULATIONS,CONGRATULATIONS,1,2024-08-05,2024-08-05,1,1,0,KINDS OF GREETING CARDS
CONGRESS,CONGRESS,1,2025-08-02,2025-08-02,1,1,0,POLITE TERMS FOR SEX
CONNECT,CONNECT,1,2025-10-27,2025-10-27,1,1,0,___ FOUR
CONNECTICUT,CONNECTICUT,1,2025-07-09,2025-07-09,1,1,0,"ENDING IN SYNONYMS FOR ""CLIP"""
CONNECTION,CONNECTION,1,2025-09-15,2025-09-15,1,1,0,ROMANTIC VIBE
CONNOISSEUR,CONNOISSEUR,1,2025-01-31,2025-01-31,1,1,0,ONES WITH DISCERNING TASTES
CONQUERED,CONQUERED,1,2025-11-10,2025-11-10,1,1,0,WORDS IN A FAMOUS QUOTE BY CAESAR
CONSECUTIVE,CONSECUTIVE,1,2024-09-09,2024-09-09,1,1,0,CONTINUOUS
CONSENT,CONSENT,1,2024-08-26,2024-08-26,1,1,0,OFFICIAL SANCTIONING
CONSIDERATION,CONSIDERATION,1,2024-12-09,2024-12-09,1,1,0,DELIBERATION
CONSTELLATION,CONSTELLATION,1,2025-03-16,2025-03-16,1,1,0,BUNCH
CONSUMER,CONSUMER,1,2026-01-14,2026-01-14,1,1,0,RECEIVER OF GOODS OR SERVICES
CONTINENT,CONTINENT,1,2025-10-10,2025-10-10,1,1,0,ONE IN A SEPTET
CONTRABASS,CONTRABASS,1,2025-01-17,2025-01-17,1,1,0,ENDING WITH BEER BRANDS
CONTRACT,CONTRACT,1,2025-04-05,2025-04-05,1,1,0,EMPLOY
CONTRAST,CONTRAST,1,2025-05-09,2025-05-09,1,1,0,TV DISPLAY SETTINGS
CONTROL,CONTROL,1,2025-02-15,2025-02-15,1,1,0,WORDS ON A MAC KEYBOARD
CONTROL PANEL,CONTROL PANEL,1,2026-05-04,2026-05-04,1,1,0,THINGS WITH KNOBS
CONVERSE,CONVERSE,1,2025-01-11,2025-01-11,1,1,0,THINGS TO DO AT A WORK EVENT
CONVEY,CONVEY,1,2025-03-19,2025-03-19,1,1,0,SIGNIFY
CONVEYOR BELT,CONVEYOR BELT,1,2025-04-03,2025-04-03,1,1,0,SEEN AT A GROCERY CHECKOUT COUNTER
COO,COO,1,2024-10-12,2024-10-12,1,1,0,BIRD ONOMATOPOEIA
COOKBOOK,COOKBOOK,1,2025-08-14,2025-08-14,1,1,0,RHYMING COMPOUND WORDS
COOKIES,COOKIES,1,2024-07-04,2024-07-04,1,1,0,THINGS STORED BY A WEB BROWSER
COOKING,COOKING,1,2024-10-24,2024-10-24,1,1,0,NYT OFFERINGS
COOKWARE,COOKWARE,1,2024-10-25,2024-10-25,1,1,0,“PAN”
COOLANT,COOLANT,1,2025-08-23,2025-08-23,1,1,0,LIQUIDS YOU PUT INTO CARS
COOLER,COOLER,1,2025-01-23,2025-01-23,1,1,0,PICNIC ACCESSORIES
COOP,COOP,1,2026-05-24,2026-05-24,1,1,0,FARM FIXTURES
COOPER,COOPER,1,2026-01-18,2026-01-18,1,1,0,CLASSIC HOLLYWOOD ACTORS
COORDINATE,COORDINATE,1,2025-08-31,2025-08-31,1,1,0,HETERONYMS
COOTIE,COOTIE,1,2025-10-24,2025-10-24,1,1,0,ENDING IN ACCESSORIES
COPE,COPE,1,2025-07-26,2025-07-26,1,1,0,STARTS OF EUROPEAN CAPITALS
COPY EDITOR,COPY EDITOR,1,2026-06-12,2026-06-12,1,1,0,"STARTING WITH SYNONYMS FOR ""REPEAT"""
COPYPASTA,COPYPASTA,1,2026-03-01,2026-03-01,1,1,0,THINGS YOU DON'T EAT THAT END IN FOODS
CORD,CORD,1,2024-11-08,2024-11-08,1,1,0,CUT THE ___
CORKSCREW,CORKSCREW,1,2025-04-21,2025-04-21,1,1,0,HELICAL THINGS
CORN DOG,CORN DOG,1,2024-11-23,2024-11-23,1,1,0,THINGS ON STICKS
CORNERSTONE,CORNERSTONE,1,2024-08-08,2024-08-08,1,1,0,MAINSTAY
CORNFIELD,CORNFIELD,1,2025-04-24,2025-04-24,1,1,0,THEY HAVE LITERAL/IDIOMATIC EARS
CORNICHON,CORNICHON,1,2025-09-04,2025-09-04,1,1,0,FRENCH FOOD WORDS
CORNUCOPIA,CORNUCOPIA,1,2024-07-28,2024-07-28,1,1,0,STARTING WITH VEGETABLES
CORPS,CORPS,1,2026-03-29,2026-03-29,1,1,0,"SILENT ""P"""
CORRECT,CORRECT,1,2025-03-27,2025-03-27,1,1,0,YOU GOT IT!
CORRESPOND,CORRESPOND,1,2024-11-06,2024-11-06,1,1,0,COMMUNICATE THROUGH WRITING
COSMOPOLITAN,COSMOPOLITAN,1,2025-11-21,2025-11-21,1,1,0,COCKTAILS
COST,COST,1,2025-02-26,2025-02-26,1,1,0,EXPENDITURE
COTTON BALL,COTTON BALL,1,2024-08-06,2024-08-06,1,1,0,FLUFFY WHITE THINGS
COTTON SWAB,COTTON SWAB,1,2024-11-23,2024-11-23,1,1,0,THINGS ON STICKS
COUCH,COUCH,1,2026-03-22,2026-03-22,1,1,0,___ SURF
COUCH CUSHIONS,COUCH CUSHIONS,1,2025-12-31,2025-12-31,1,1,0,PLACES WHERE THINGS DISAPPEAR
COUNCIL,COUNCIL,1,2024-11-02,2024-11-02,1,1,0,GROUP OF ADVISORS
COUNTRYMAN,COUNTRYMAN,1,2024-10-29,2024-10-29,1,1,0,SINGULAR NOUN IN A FAMOUS “JULIUS CAESAR” LINE
COUP,COUP,1,2026-03-29,2026-03-29,1,1,0,"SILENT ""P"""
COUPE,COUPE,1,2026-05-16,2026-05-16,1,1,0,GLASSWARE
COUPLE,COUPLE,1,2024-06-29,2024-06-29,1,1,0,CONNECT
COUPON,COUPON,1,2026-04-28,2026-04-28,1,1,0,"THINGS THAT COME IN ""BOOKS"""
COURAGE,COURAGE,1,2025-10-29,2025-10-29,1,1,0,FORTITUDE
COURSE,COURSE,1,2025-12-29,2025-12-29,1,1,0,TENDENCY
COUTH,COUTH,1,2026-01-09,2026-01-09,1,1,0,CARDINAL DIRECTIONS WITH FIRST LETTER CHANGED
COVERAGE,COVERAGE,1,2024-11-22,2024-11-22,1,1,0,PUBLICITY
COVERT,COVERT,1,2026-06-02,2026-06-02,1,1,0,CLANDESTINE
COWARD,COWARD,1,2026-02-24,2026-02-24,1,1,0,FAMOUS PLAYWRIGHTS
COYOTE,COYOTE,1,2024-10-13,2024-10-13,1,1,0,ROAD RUNNER CARTOON STAPLES
CRACKER,CRACKER,1,2026-06-26,2026-06-26,1,1,0,CRUNCHY SNACK ITEM
CRADLE,CRADLE,1,2024-10-26,2024-10-26,1,1,0,PLACES TO LIE/SIT THAT MOVE
CRAFTS,CRAFTS,1,2025-03-30,2025-03-30,1,1,0,___MAN
CRAFTSMAN,CRAFTSMAN,1,2024-08-17,2024-08-17,1,1,0,HOUSE STYLES
CRAMP,CRAMP,1,2025-11-02,2025-11-02,1,1,0,SHOW SIGNS OF PHYSICAL EXERTION
CRAN,CRAN,1,2025-06-25,2025-06-25,1,1,0,BIRDS MINUS LAST LETTER
CRANE,CRANE,1,2024-10-24,2024-10-24,1,1,0,THINGS MADE BY FOLDING PAPER
CRAPS,CRAPS,1,2026-02-04,2026-02-04,1,1,0,GAMES OF CHANCE
CRAVEN,CRAVEN,1,2026-01-20,2026-01-20,1,1,0,"STARTING WITH SYNONYMS FOR ""HANKER FOR"""
CRAWL,CRAWL,1,2024-11-01,2024-11-01,1,1,0,PROGRESS SLOWLY
CRAZE,CRAZE,1,2025-08-03,2025-08-03,1,1,0,MANIA
CREAK,CREAK,1,2025-02-14,2025-02-14,1,1,0,HOMOPHONES OF BODIES OF WATER
CREAM PIE,CREAM PIE,1,2026-06-14,2026-06-14,1,1,0,CLASSIC SLAPSTICK PROPS
CREATE,CREATE,1,2025-09-30,2025-09-30,1,1,0,ENDING WITH NUMBER HOMOPHONES
CREATIVE,CREATIVE,1,2024-09-24,2024-09-24,1,1,0,INSPIRED
CREDIT CARD,CREDIT CARD,1,2026-06-27,2026-06-27,1,1,0,COMMONLY STRIPED THINGS
CREPE,CREPE,1,2025-08-16,2025-08-16,1,1,0,KINDS OF SOFT/LIGHTWEIGHT PAPER
CREPE PAPER,CREPE PAPER,1,2025-09-24,2025-09-24,1,1,0,WRINKLY THINGS
CRESCENT,CRESCENT,1,2026-01-07,2026-01-07,1,1,0,COMMON FLAG SYMBOLS
CRESTED,CRESTED,1,2026-02-18,2026-02-18,1,1,0,CHICKEN DESCRIPTORS
CRICKET,CRICKET,1,2025-08-03,2025-08-03,1,1,0,SPORTS
CRIME,CRIME,1,2024-06-17,2024-06-17,1,1,0,MEASURED IN DEGREES
CRINGE,CRINGE,1,2025-12-26,2025-12-26,1,1,0,COMEDY SUBGENRES
CRITIC,CRITIC,1,2025-01-31,2025-01-31,1,1,0,ONES WITH DISCERNING TASTES
CRITICAL,CRITICAL,1,2025-09-13,2025-09-13,1,1,0,IMPORTANT
CROCHET HOOK,CROCHET HOOK,1,2025-08-20,2025-08-20,1,1,0,RODS THAT CURVE AT ONE END
CROCK,CROCK,1,2024-12-21,2024-12-21,1,1,0,COOKING VESSELS
CROCODILE,CROCODILE,1,2024-12-02,2024-12-02,1,1,0,ICON EMBROIDERED ON A POLO SHIRT
CRONUT,CRONUT,1,2025-11-09,2025-11-09,1,1,0,STARTING WITH BIRD HOMOPHONES
CROQUET,CROQUET,1,2024-12-02,2024-12-02,1,1,0,THINGS INVOLVING MALLETS
CROQUETTE,CROQUETTE,1,2026-06-25,2026-06-25,1,1,0,STARTING WITH BIRD HOMOPHONES
CROSSBODY,CROSSBODY,1,2026-04-21,2026-04-21,1,1,0,KINDS OF BAGS
CROSSROADS,CROSSROADS,1,2026-02-26,2026-02-26,1,1,0,PIVOTAL POINT
CROW'S NEST,CROW'S NEST,1,2026-03-31,2026-03-31,1,1,0,PARTS OF A PIRATE SHIP
CRUD,CRUD,1,2025-06-15,2025-06-15,1,1,0,"""AW, HECK!"""
CRUISE DIRECTOR,CRUISE DIRECTOR,1,2026-02-28,2026-02-28,1,1,0,JOBS THAT INVOLVE TRAVELING
CRUMPLE,CRUMPLE,1,2025-01-04,2025-01-04,1,1,0,CRUSH INTO A COMPACT SHAPE
CRUNCHY,CRUNCHY,1,2025-10-19,2025-10-19,1,1,0,CHOCOLATE BARS PLUS A LETTER
CRUSHWORTHY,CRUSHWORTHY,1,2026-04-18,2026-04-18,1,1,0,STARTING WITH SODA BRANDS
CRY,CRY,1,2026-05-19,2026-05-19,1,1,0,THINGS BABIES DO
CUB,CUB,1,2024-07-24,2024-07-24,1,1,0,BABY ANIMALS
CUCKOO,CUCKOO,1,2025-02-19,2025-02-19,1,1,0,SOUNDS A CUCKOO CLOCK MAKES
CUCKOO CLOCK,CUCKOO CLOCK,1,2026-03-12,2026-03-12,1,1,0,FEATURING BIRDS
CUDDLING,CUDDLING,1,2025-06-12,2025-06-12,1,1,0,GETTING COZY
CUFF,CUFF,1,2026-04-12,2026-04-12,1,1,0,PANTS FEATURES
CULOTTE,CULOTTE,1,2025-12-13,2025-12-13,1,1,0,WIDE-LEGGED PANT STYLES
CULT,CULT,1,2025-07-28,2025-07-28,1,1,0,___ MOVIE
CUP HOLDER,CUP HOLDER,1,2025-11-24,2025-11-24,1,1,0,FEATURES OF A CAR'S CENTER CONSOLE
CUPID,CUPID,1,2024-12-25,2024-12-25,1,1,0,ARCHERS
CUPS,CUPS,1,2025-05-07,2025-05-07,1,1,0,TAROT MINOR ARCANA SUITS
CUR,CUR,1,2026-03-25,2026-03-25,1,1,0,UNITS OF VOLUME WITH LAST LETTER CHANGED
CURE,CURE,1,2025-12-20,2025-12-20,1,1,0,"BRITISH BANDS FORMED IN THE 1970S, WITH ""THE"""
CURIOUS,CURIOUS,1,2024-09-02,2024-09-02,1,1,0,PECULIAR
CURSE WORD,CURSE WORD,1,2026-06-12,2026-06-12,1,1,0,STARTING WITH INCANTATIONS
CURSES,CURSES,1,2025-06-15,2025-06-15,1,1,0,"""AW, HECK!"""
CUSHION,CUSHION,1,2025-07-22,2025-07-22,1,1,0,MITIGATE
CUSP,CUSP,1,2025-06-05,2025-06-05,1,1,0,PRECIPICE
CUSTOM,CUSTOM,1,2026-05-22,2026-05-22,1,1,0,THE WAY THINGS ARE DONE
CUSTOMS,CUSTOMS,1,2025-06-10,2025-06-10,1,1,0,___ DUTY
CUTE,CUTE,1,2024-10-27,2024-10-27,1,1,0,SASSY
CUTIE,CUTIE,1,2025-07-22,2025-07-22,1,1,0,___ PIE
CUTUP,CUTUP,1,2026-01-27,2026-01-27,1,1,0,QUITE THE LAUGH
CYBER,CYBER,1,2026-04-20,2026-04-20,1,1,0,___ MONDAY
CYBERSPACE,CYBERSPACE,1,2025-08-28,2025-08-28,1,1,0,ENDING WITH KEYBOARD KEYS
CYLINDER,CYLINDER,1,2024-11-10,2024-11-10,1,1,0,BARREL-SHAPED CONTAINER
DADA,DADA,1,2025-12-02,2025-12-02,1,1,0,FAMILY MEMBER NICKNAME PLUS A LETTER
DADO,DADO,1,2025-12-07,2025-12-07,1,1,0,WOODWORKING JOINT TERMS
DAGGER,DAGGER,1,2025-06-11,2025-06-11,1,1,0,WAYS TO DENOTE A CITATION
DAIRY,DAIRY,1,2026-02-12,2026-02-12,1,1,0,___ QUEEN
DALMATIAN,DALMATIAN,1,2024-11-18,2024-11-18,1,1,0,THINGS WITH SPOTS
DAM,DAM,1,2025-04-14,2025-04-14,1,1,0,RESTRICT
DAMAGES,DAMAGES,1,2025-06-26,2025-06-26,1,1,0,LEGAL DRAMAS
DAMNED,DAMNED,1,2025-12-20,2025-12-20,1,1,0,"BRITISH BANDS FORMED IN THE 1970S, WITH ""THE"""
DAMPEN,DAMPEN,1,2025-07-22,2025-07-22,1,1,0,MITIGATE
DANCING,DANCING,1,2026-02-12,2026-02-12,1,1,0,___ QUEEN
DANDELION,DANDELION,1,2024-08-06,2024-08-06,1,1,0,FLUFFY WHITE THINGS
DANDRUFF,DANDRUFF,1,2026-01-15,2026-01-15,1,1,0,THINGS THAT COME IN FLAKES
DANDY,DANDY,1,2025-10-23,2025-10-23,1,1,0,PEACHY
DANIEL,DANIEL,1,2025-04-08,2025-04-08,1,1,0,OLD TESTAMENT BOOKS
DAREDEVIL,DAREDEVIL,1,2026-05-23,2026-05-23,1,1,0,MARVEL CHARACTERS
DARK,DARK,1,2026-04-09,2026-04-09,1,1,0,GLOOMY
DARN,DARN,1,2025-10-04,2025-10-04,1,1,0,FIX A HOLE IN CLOTHING
DARTH,DARTH,1,2025-05-04,2025-05-04,1,1,0,PLANETS/DWARF PLANET WITH FIRST LETTER CHANGED
DARTH VADER,DARTH VADER,1,2025-12-23,2025-12-23,1,1,0,CHARACTERS IN CAPES
DARTMOUTH,DARTMOUTH,1,2025-08-19,2025-08-19,1,1,0,STARTING WITH WAYS TO MOVE QUICKLY
DASHBOARD,DASHBOARD,1,2025-08-19,2025-08-19,1,1,0,STARTING WITH WAYS TO MOVE QUICKLY
DATELINE,DATELINE,1,2025-10-09,2025-10-09,1,1,0,NEWS ARTICLE FEATURES
DATING APP,DATING APP,1,2026-03-07,2026-03-07,1,1,0,WHERE YOU MIGHT MAKE A CONNECTION
DAVID-AND-GOLIATH,DAVID-AND-GOLIATH,1,2024-06-21,2024-06-21,1,1,0,TYPES OF COME-FROM-BEHIND STORIES
DAWN,DAWN,1,2025-09-03,2025-09-03,1,1,0,BEGINNING
DAYDREAM,DAYDREAM,1,2025-12-18,2025-12-18,1,1,0,BIT OF WISHFUL THINKING
DAZZLE,DAZZLE,1,2024-07-18,2024-07-18,1,1,0,GLITZINESS
DC,DC,1,2026-04-18,2026-04-18,1,1,0,BASIC ELECTRICITY TERMS
DEADLY SIN,DEADLY SIN,1,2025-10-10,2025-10-10,1,1,0,ONE IN A SEPTET
DEADPOOL,DEADPOOL,1,2026-06-24,2026-06-24,1,1,0,RED CHARACTERS
DEALINGS,DEALINGS,1,2025-07-03,2025-07-03,1,1,0,CORRESPONDENCE
DEB,DEB,1,2025-11-26,2025-11-26,1,1,0,WOMEN’S NICKNAMES
DECADE,DECADE,1,2025-08-12,2025-08-12,1,1,0,GROUPS OF TEN
DECAF,DECAF,1,2025-07-06,2025-07-06,1,1,0,ENDING WITH HOMOPHONES OF PARTS OF THE LEG
DECEIT,DECEIT,1,2025-08-23,2025-08-23,1,1,0,SKULDUGGERY
DECENT,DECENT,1,2026-03-23,2026-03-23,1,1,0,PRINCIPLED
DECIDER,DECIDER,1,2025-12-27,2025-12-27,1,1,0,ENDING WITH ALCOHOLIC BEVERAGES
DECK OF CARDS,DECK OF CARDS,1,2024-09-10,2024-09-10,1,1,0,THINGS WITH KINGS
DECLAN,DECLAN,1,2026-02-25,2026-02-25,1,1,0,ENDING IN FAMILY WORDS
DECLARE,DECLARE,1,2024-12-02,2024-12-02,1,1,0,ANNOUNCE
DECLINE,DECLINE,1,2024-09-15,2024-09-15,1,1,0,DECREASE
DEEJAY,DEEJAY,1,2026-02-10,2026-02-10,1,1,0,WORDS SPELLING OUT INITIALISMS
DEENIE,DEENIE,1,2026-05-19,2026-05-19,1,1,0,JUDY BLUME BOOKS
DEEP END,DEEP END,1,2026-01-09,2026-01-09,1,1,0,USED IN METAPHORS FOR PRECARIOUS SITUATIONS
DEER,DEER,1,2025-03-18,2025-03-18,1,1,0,PLURAL ANIMALS IDENTICAL TO THEIR SINGULAR FORMS
DEERSTALKER,DEERSTALKER,1,2026-04-05,2026-04-05,1,1,0,PARTS OF A SHERLOCK HOLMES COSTUME
DEFENDER,DEFENDER,1,2025-01-12,2025-01-12,1,1,0,CLASSIC ATARI GAMES
DEFENSE,DEFENSE,1,2024-10-15,2024-10-15,1,1,0,WHAT “D” MIGHT STAND FOR
DEFICIT,DEFICIT,1,2026-03-31,2026-03-31,1,1,0,SHORTAGE
DELIBERATE,DELIBERATE,1,2025-11-09,2025-11-09,1,1,0,PONDER
DELICIOUS,DELICIOUS,1,2024-06-24,2024-06-24,1,1,0,RED ___
DELIGHT,DELIGHT,1,2025-05-11,2025-05-11,1,1,0,MAKE HAPPY
DELT,DELT,1,2025-07-16,2025-07-16,1,1,0,STARTS OF GREEK LETTERS
DELTA AIRLINES,DELTA AIRLINES,1,2026-06-12,2026-06-12,1,1,0,STARTING WITH PARTS OF A RIVER
DEMAND,DEMAND,1,2024-06-26,2024-06-26,1,1,0,"CONSUMER DESIRE, COLLECTIVELY"
DEMI,DEMI,1,2024-11-11,2024-11-11,1,1,0,KINDS OF BRAS
DEMO,DEMO,1,2024-09-18,2024-09-18,1,1,0,KINDS OF REELS
DEMOCRAT,DEMOCRAT,1,2024-10-15,2024-10-15,1,1,0,WHAT “D” MIGHT STAND FOR
DEMOLITION,DEMOLITION,1,2024-09-25,2024-09-25,1,1,0,___ DERBY
DEN,DEN,1,2025-11-23,2025-11-23,1,1,0,ANIMAL HOMES
DEPARTURE,DEPARTURE,1,2025-03-11,2025-03-11,1,1,0,VARIATION FROM THE NORM
DEPEND,DEPEND,1,2025-01-10,2025-01-10,1,1,0,BE CONTINGENT (ON)
DEPOT,DEPOT,1,2025-12-13,2025-12-13,1,1,0,"SILENT ""T"""
DESCRIPTION,DESCRIPTION,1,2024-11-23,2024-11-23,1,1,0,TELLING OF EVENTS
DESICCANT PACKET,DESICCANT PACKET,1,2026-05-04,2026-05-04,1,1,0,PELLET-FILLED THINGS
DESIGN,DESIGN,1,2026-04-08,2026-04-08,1,1,0,AESTHETIC
DESIGNATION,DESIGNATION,1,2024-08-13,2024-08-13,1,1,0,NICKNAME
DESIREE,DESIREE,1,2026-01-20,2026-01-20,1,1,0,"STARTING WITH SYNONYMS FOR ""HANKER FOR"""
DESSERT,DESSERT,1,2024-06-24,2024-06-24,1,1,0,RESTAURANT COURSES
DETAILS,DETAILS,1,2025-12-19,2025-12-19,1,1,0,FINDINGS
DETECTIVE,DETECTIVE,1,2025-02-01,2025-02-01,1,1,0,COMPONENTS OF A MYSTERY
DETOUR,DETOUR,1,2024-07-27,2024-07-27,1,1,0,OFF-TOPIC REMARKS
DEUCE,DEUCE,1,2026-05-21,2026-05-21,1,1,0,TENNIS SCORING TERMS
DEVELOP,DEVELOP,1,2024-10-09,2024-10-09,1,1,0,BURGEON
DEVELOPMENT,DEVELOPMENT,1,2024-07-30,2024-07-30,1,1,0,GROUP OF BUILDINGS
DEVIL DOG,DEVIL DOG,1,2024-12-16,2024-12-16,1,1,0,SNACK CAKES
DEVOTE,DEVOTE,1,2026-04-23,2026-04-23,1,1,0,STARTING WITH FOUR-LETTER '80S BANDS
DEW,DEW,1,2025-02-20,2025-02-20,1,1,0,ASSOCIATED WITH EARLY MORNING
DEWPOINT,DEWPOINT,1,2025-10-17,2025-10-17,1,1,0,WEATHER TERMS
DEWY,DEWY,1,2025-03-04,2025-03-04,1,1,0,ADJECTIVES FOR NICE SKIN
DIABLO,DIABLO,1,2024-10-31,2024-10-31,1,1,0,SPORTS CARS
DIAPER,DIAPER,1,2025-11-06,2025-11-06,1,1,0,FEATURES OF A CARTOON CUPID
DIATRIBE,DIATRIBE,1,2026-02-25,2026-02-25,1,1,0,ENDING IN FAMILY WORDS
DICTIONARY,DICTIONARY,1,2026-02-15,2026-02-15,1,1,0,REFERENCE BOOKS
DIFFERENT,DIFFERENT,1,2024-11-06,2024-11-06,1,1,0,GROUNDBREAKING
DIGEST,DIGEST,1,2025-10-14,2025-10-14,1,1,0,SUMMARY
DIGGITY,DIGGITY,1,2026-06-21,2026-06-21,1,1,0,STARTING WITH KINDS OF INSULTS
DIGITAL,DIGITAL,1,2025-08-18,2025-08-18,1,1,0,"WORDS BEFORE ""WATCH"""
DIGRESSION,DIGRESSION,1,2024-07-27,2024-07-27,1,1,0,OFF-TOPIC REMARKS
DIGS,DIGS,1,2026-01-06,2026-01-06,1,1,0,APARTMENT
DIM SUM,DIM SUM,1,2026-06-19,2026-06-19,1,1,0,"ENDING IN SYNONYMS FOR ""AGGREGATE"""
DIMENSIONAL,DIMENSIONAL,1,2024-10-15,2024-10-15,1,1,0,WHAT “D” MIGHT STAND FOR
DIMPLE,DIMPLE,1,2024-10-04,2024-10-04,1,1,0,CONCAVITY
DIN,DIN,1,2025-05-26,2025-05-26,1,1,0,CARD GAMES WITH FIRST LETTER CHANGED
DING DONG,DING DONG,1,2024-12-16,2024-12-16,1,1,0,SNACK CAKES
DING-DONG,DING-DONG,1,2024-10-07,2024-10-07,1,1,0,KNUCKLEHEAD
DIPLOMA,DIPLOMA,1,2026-04-15,2026-04-15,1,1,0,GRADUATION GEAR
DIPPER,DIPPER,1,2026-03-03,2026-03-03,1,1,0,"""BIG"" THINGS"
DIPSY,DIPSY,1,2025-08-21,2025-08-21,1,1,0,___ DOODLE
DIRTY,DIRTY,1,2025-01-15,2025-01-15,1,1,0,MARTINI SPECIFICATIONS
DISAPPROVE,DISAPPROVE,1,2024-08-06,2024-08-06,1,1,0,TAKE ISSUE
DISASTER,DISASTER,1,2025-11-14,2025-11-14,1,1,0,ACTION FILM SUBGENRES
DISCARD,DISCARD,1,2024-09-29,2024-09-29,1,1,0,ACTIONS IN CARD GAMES
DISCLOSURE,DISCLOSURE,1,2026-06-05,2026-06-05,1,1,0,DEMI MOORE MOVIES
DISCO,DISCO,1,2026-02-19,2026-02-19,1,1,0,"ELEMENTS OF ""SATURDAY NIGHT FEVER"""
DISCOG,DISCOG,1,2025-01-26,2025-01-26,1,1,0,DANCE EVENTS PLUS A LETTER
DISCORD,DISCORD,1,2026-02-04,2026-02-04,1,1,0,CONTENTION
DISCOUNT,DISCOUNT,1,2024-11-26,2024-11-26,1,1,0,DISREGARD
DISCOVERY,DISCOVERY,1,2024-10-15,2024-10-15,1,1,0,CABLE CHANNELS
DISCUSSION,DISCUSSION,1,2025-01-22,2025-01-22,1,1,0,TYPES OF ACADEMIC COURSES
DISHING,DISHING,1,2025-06-12,2025-06-12,1,1,0,GOSSIPING
DISHWASHER,DISHWASHER,1,2024-08-07,2024-08-07,1,1,0,RESTAURANT JOBS
DISK,DISK,1,2025-03-26,2025-03-26,1,1,0,KINDS OF DIGITAL STORAGE
DISNEY,DISNEY,1,2025-07-06,2025-07-06,1,1,0,ENDING WITH HOMOPHONES OF PARTS OF THE LEG
DISPUTE,DISPUTE,1,2025-02-01,2025-02-01,1,1,0,TAKE ISSUE WITH
DISSECT,DISSECT,1,2026-06-21,2026-06-21,1,1,0,STARTING WITH KINDS OF INSULTS
DISSOLVE,DISSOLVE,1,2025-05-16,2025-05-16,1,1,0,DISCONTINUE
DISTANCE,DISTANCE,1,2026-05-12,2026-05-12,1,1,0,"""LONG"" THINGS"
DISTANT,DISTANT,1,2025-04-06,2025-04-06,1,1,0,ALOOF
DISTINCT,DISTINCT,1,2026-01-22,2026-01-22,1,1,0,"WELL-DEFINED, AS AN IMAGE"
DISTINGUISHED,DISTINGUISHED,1,2026-02-22,2026-02-22,1,1,0,DESCRIPTORS FOR GRAYING HAIR
DISTURB,DISTURB,1,2026-04-30,2026-04-30,1,1,0,UNNERVE
DITCH,DITCH,1,2025-01-22,2025-01-22,1,1,0,RESULTS OF SOME DIGGING
DIVIDED BY,DIVIDED BY,1,2026-02-07,2026-02-07,1,1,1,SYMBOLS USED IN ARITHMETIC
DIVIDER,DIVIDER,1,2025-03-19,2025-03-19,1,1,0,PARTS OF A ROAD
DIVINE,DIVINE,1,2025-09-06,2025-09-06,1,1,0,PREDICT
DIVOT,DIVOT,1,2024-10-04,2024-10-04,1,1,0,CONCAVITY
DIZZY,DIZZY,1,2025-02-06,2025-02-06,1,1,0,FIRST NAMES IN JAZZ
DNA,DNA,1,2025-04-21,2025-04-21,1,1,0,HELICAL THINGS
DOCK,DOCK,1,2025-02-19,2025-02-19,1,1,0,STRUCTURES BY THE SHORE
DOCTOR,DOCTOR,1,2026-05-19,2026-05-19,1,1,0,MODIFY DECEPTIVELY
DOCTORING,DOCTORING,1,2025-06-12,2025-06-12,1,1,0,STARTING WITH TITLES
DOCUMENTS,DOCUMENTS,1,2025-11-27,2025-11-27,1,1,0,MAIN FOLDERS IN A COMPUTER
DODGERS,DODGERS,1,2026-02-21,2026-02-21,1,1,0,CAR BRANDS PLUS TWO LETTERS
DOGMA,DOGMA,1,2025-12-23,2025-12-23,1,1,0,STARTING WITH SLANG FOR SAUSAGE
DOGS,DOGS,1,2026-04-04,2026-04-04,1,1,0,"""LET SLEEPING DOGS LIE"""
DOH,DOH,1,2026-02-16,2026-02-16,1,1,0,HOMOPHONES
DOLE,DOLE,1,2025-04-26,2025-04-26,1,1,0,BOBS
DOLITTLE,DOLITTLE,1,2025-09-10,2025-09-10,1,1,0,EDDIE MURPHY ROLES
DOLLOP,DOLLOP,1,2024-10-04,2024-10-04,1,1,0,SMALL AMOUNT
DOM,DOM,1,2026-01-25,2026-01-25,1,1,0,SUFFIXES
DOMAIN,DOMAIN,1,2024-07-22,2024-07-22,1,1,0,REALM OF EXPERTISE
DOMINANT,DOMINANT,1,2026-04-17,2026-04-17,1,1,0,PREVAILING
DONE,DONE,1,2025-09-09,2025-09-09,1,1,0,FINISHED
DOO-WOP,DOO-WOP,1,2025-01-07,2025-01-07,1,1,0,VOCAL MUSIC
DOODLEBUG,DOODLEBUG,1,2026-05-04,2026-05-04,1,1,0,STARTING WITH FAMILIAR NAMES FOR KINDS OF DOGS
DOORKNOB,DOORKNOB,1,2024-06-25,2024-06-25,1,1,0,SILENT “K”
DORADO,DORADO,1,2025-12-07,2025-12-07,1,1,0,EL ___
DORM,DORM,1,2025-07-16,2025-07-16,1,1,0,PARTS OF A COLLEGE CAMPUS
DOROTHY,DOROTHY,1,2024-09-30,2024-09-30,1,1,0,CHARACTERS WITH PET DOGS
DOROTHY GALE,DOROTHY GALE,1,2025-12-09,2025-12-09,1,1,0,ASSOCIATED WITH RAINBOWS
DORY,DORY,1,2024-10-04,2024-10-04,1,1,0,DISNEY CHARACTERS
DOS EQUIS,DOS EQUIS,1,2026-04-01,2026-04-01,1,1,1,BEER BRANDS
DOT,DOT,1,2024-10-25,2024-10-25,1,1,0,•
DOTE,DOTE,1,2025-03-07,2025-03-07,1,1,0,FRUITS WITH THEIR SECOND LETTERS CHANGED
DOUBLE-DRIBBLE,DOUBLE-DRIBBLE,1,2026-05-07,2026-05-07,1,1,0,COMMIT A BASKETBALL INFRACTION
DOVER,DOVER,1,2025-10-19,2025-10-19,1,1,0,CHOCOLATE BARS PLUS A LETTER
DOWNFALL,DOWNFALL,1,2025-12-23,2025-12-23,1,1,0,VULNERABILITY
DOWNING,DOWNING,1,2025-09-14,2025-09-14,1,1,0,STREETS WITH SYMBOLIC IMPORTANCE
DOWNLOADS,DOWNLOADS,1,2025-11-27,2025-11-27,1,1,0,MAIN FOLDERS IN A COMPUTER
DRAB,DRAB,1,2025-07-10,2025-07-10,1,1,0,MILITARY CLOTHING DESCRIPTORS
DRACONIAN,DRACONIAN,1,2025-03-16,2025-03-16,1,1,0,STARTING WITH CONSTELLATIONS
DRACULA,DRACULA,1,2025-12-23,2025-12-23,1,1,0,CHARACTERS IN CAPES
DRAFTING,DRAFTING,1,2026-06-06,2026-06-06,1,1,0,___ TABLE
DRAFTS,DRAFTS,1,2024-12-13,2024-12-13,1,1,0,EMAIL FOLDERS
DRAKE,DRAKE,1,2026-04-02,2026-04-02,1,1,0,MALE ANIMALS
DRAM,DRAM,1,2025-05-23,2025-05-23,1,1,0,BRITISH IMPERIAL UNITS OF WEIGHT
DRAMATIC,DRAMATIC,1,2025-07-16,2025-07-16,1,1,0,"EXAGGERATED, AS A PERFORMANCE"
DRAPE,DRAPE,1,2025-05-09,2025-05-09,1,1,0,WINDOW TREATMENTS IN THE SINGULAR
DRAW CLOSE,DRAW CLOSE,1,2025-12-04,2025-12-04,1,1,0,CUDDLE
DRAWBACK,DRAWBACK,1,2025-06-06,2025-06-06,1,1,0,WHAT “CON” MIGHT MEAN
DRAWER,DRAWER,1,2024-06-28,2024-06-28,1,1,0,UNDERWEAR IN THE SINGULAR
DREAMS,DREAMS,1,2025-07-02,2025-07-02,1,1,0,ASSOCIATED WITH FREUD
DREAR,DREAR,1,2026-01-04,2026-01-04,1,1,0,SYNONYMS FOR BUTT PLUS STARTING LETTER
DRESS COAT,DRESS COAT,1,2025-01-12,2025-01-12,1,1,0,THINGS FEATURING TAILS
DREW,DREW,1,2025-05-20,2025-05-20,1,1,0,DETECTIVES OF KID-LIT
DRIFT,DRIFT,1,2025-05-05,2025-05-05,1,1,0,GLIDE
DRILLS,DRILLS,1,2025-11-27,2025-11-27,1,1,0,WOODWORKING TOOLS
DRINK,DRINK,1,2024-08-04,2024-08-04,1,1,0,"NICKNAMES FOR THE SEA, WITH “THE”"
DRIVER LICENSE,DRIVER LICENSE,1,2025-07-04,2025-07-04,1,1,0,WHAT “ID” MIGHT REFER TO
DRIZZLE,DRIZZLE,1,2026-06-21,2026-06-21,1,1,0,PRECIPITATION
DRONE,DRONE,1,2026-04-02,2026-04-02,1,1,0,MALE ANIMALS
DRONES,DRONES,1,2025-10-21,2025-10-21,1,1,0,THINGS YOU CAN CONTROL WITH REMOTES
DROOL,DROOL,1,2025-01-29,2025-01-29,1,1,0,THINGS YOU MIGHT DO IN YOUR SLEEP
DROOP,DROOP,1,2024-09-18,2024-09-18,1,1,0,CARTOON DOGS MINUS “Y”
DROP CLOTH,DROP CLOTH,1,2024-09-25,2024-09-25,1,1,0,NEEDS FOR PAINTING A ROOM
DROPLET,DROPLET,1,2025-10-26,2025-10-26,1,1,0,WORDS WITH DIMINUTIVE SUFFIXES
DRUGSTORE,DRUGSTORE,1,2025-03-01,2025-03-01,1,1,0,WORDS BEFORE “COWBOY” IN FILM AND MUSIC
DRUM AND BASS,DRUM AND BASS,1,2025-07-17,2025-07-17,1,1,0,ENDING WITH FISH
DRUMSTICK,DRUMSTICK,1,2025-01-08,2025-01-08,1,1,0,ACCESSORIES FOR PLAYING AN INSTRUMENT
DUB,DUB,1,2024-12-10,2024-12-10,1,1,0,GIVE A TITLE TO
DUBBING,DUBBING,1,2024-11-17,2024-11-17,1,1,0,OCCASIONS WHEN ONE MIGHT KNEEL
DUCKLING,DUCKLING,1,2025-12-14,2025-12-14,1,1,0,HANS CHRISTIAN ANDERSEN FIGURES
DUCKY,DUCKY,1,2025-10-23,2025-10-23,1,1,0,PEACHY
DUCTILE,DUCTILE,1,2026-06-25,2026-06-25,1,1,0,STARTING WITH BIRD HOMOPHONES
DUDE,DUDE,1,2025-03-08,2025-03-08,1,1,0,WORDS SAID FREQUENTLY IN THE “BILL AND TED” MOVIES
DUDS,DUDS,1,2025-11-13,2025-11-13,1,1,0,ATTIRE
DUFFEL,DUFFEL,1,2025-09-23,2025-09-23,1,1,0,KINDS OF LUGGAGE
DUFFLE,DUFFLE,1,2025-10-06,2025-10-06,1,1,0,KINDS OF COATS
DUG,DUG,1,2024-09-17,2024-09-17,1,1,0,NAME HOMOPHONES
DUGOUT,DUGOUT,1,2025-12-17,2025-12-17,1,1,0,HUMAN-POWERED WATERCRAFT
DUMBBELL,DUMBBELL,1,2025-01-28,2025-01-28,1,1,0,RESISTANCE TRAINING EQUIPMENT
DUMBO,DUMBO,1,2025-05-14,2025-05-14,1,1,0,TITULAR ANIMALS OF FILM
DUNK,DUNK,1,2024-06-15,2024-06-15,1,1,0,BASKETBALL SHOTS
DUOLINGO,DUOLINGO,1,2026-03-14,2026-03-14,1,1,0,"STARTING WITH PREFIXES MEANING ""TWO"""
DUPE,DUPE,1,2025-12-10,2025-12-10,1,1,0,IMITATION
DURATION,DURATION,1,2024-12-29,2024-12-29,1,1,0,APPOINTMENT SPECIFICATIONS
DUSKY,DUSKY,1,2025-12-28,2025-12-28,1,1,0,DOGS WITH FIRST LETTER CHANGED
DUST,DUST,1,2025-02-10,2025-02-10,1,1,0,SPRINKLE
DUTY-FREE,DUTY-FREE,1,2026-03-27,2026-03-27,1,1,0,FEATURES OF AN AIRPORT TERMINAL
DWARF,DWARF,1,2024-09-15,2024-09-15,1,1,0,MEMBER OF A SEPTET
DWEEB,DWEEB,1,2024-09-15,2024-09-15,1,1,0,DOOFUS
DYLAN,DYLAN,1,2025-03-07,2025-03-07,1,1,0,SUBJECTS OF ACCLAIMED MUSICAL BIOPICS
DYNASTY,DYNASTY,1,2025-04-30,2025-04-30,1,1,0,ENDING WITH SYNONYMS FOR “YUCK”
DYSENTERY,DYSENTERY,1,2025-04-14,2025-04-14,1,1,0,ASSOCIATED WITH THE GAME THE OREGON TRAIL
E STREET BAND,E STREET BAND,1,2026-03-09,2026-03-09,1,1,0,THEY FEATURE A BOSS
EAGER,EAGER,1,2025-09-18,2025-09-18,1,1,0,INTO IT
EARBUD,EARBUD,1,2024-10-03,2024-10-03,1,1,0,ITEM SOLD IN PAIRS
EARLY,EARLY,1,2024-11-11,2024-11-11,1,1,0,___ BIRD
EARN,EARN,1,2024-11-25,2024-11-25,1,1,0,ATTAIN
EARNEST,EARNEST,1,2026-02-28,2026-02-28,1,1,0,NAME HOMOPHONES
EARP,EARP,1,2026-05-18,2026-05-18,1,1,0,FRUIT ANAGRAMS
EARRINGS,EARRINGS,1,2026-06-16,2026-06-16,1,1,0,"WHAT ""HOOPS"" MIGHT REFER TO"
EARS,EARS,1,2025-12-11,2025-12-11,1,1,0,ANAGRAMS
EASEL,EASEL,1,2025-10-14,2025-10-14,1,1,0,ANIMALS MINUS STARTING LETTER
EASY ANSWER,EASY ANSWER,1,2026-02-20,2026-02-20,1,1,0,QUICK FIX
EAT,EAT,1,2025-08-30,2025-08-30,1,1,0,DO EXCEPTIONALLY WELL
EATER,EATER,1,2026-04-02,2026-04-02,1,1,0,ENDS OF LIQUOR BRANDS
EAVE,EAVE,1,2025-09-18,2025-09-18,1,1,0,HOMOPHONES OF GENESIS FIGURES
EAVES,EAVES,1,2025-12-21,2025-12-21,1,1,0,___DROP
EBAY,EBAY,1,2025-09-12,2025-09-12,1,1,0,BODIES OF WATER PLUS STARTING LETTER
EBB,EBB,1,2024-09-15,2024-09-15,1,1,0,DECREASE
EBONY,EBONY,1,2024-06-30,2024-06-30,1,1,0,TREES
ECHO PARK,ECHO PARK,1,2026-06-12,2026-06-12,1,1,0,"STARTING WITH SYNONYMS FOR ""REPEAT"""
ECOLOGICAL,ECOLOGICAL,1,2024-08-02,2024-08-02,1,1,0,WHAT “GREEN” MIGHT MEAN
ECONOMY,ECONOMY,1,2025-12-27,2025-12-27,1,1,0,AIRLINE CLASSES
EDDY,EDDY,1,2025-10-03,2025-10-03,1,1,0,THEY MOVE IN A SPIRAL
EDELWEISS,EDELWEISS,1,2025-10-03,2025-10-03,1,1,0,SONGS FROM MUSICALS
EDIE,EDIE,1,2024-12-03,2024-12-03,1,1,0,NAMES THAT SOUND LIKE TWO LETTERS
EDITION,EDITION,1,2026-01-04,2026-01-04,1,1,0,PAPER PUBLICATION
EDUCATED,EDUCATED,1,2026-04-23,2026-04-23,1,1,0,WORDS IN A PLANETARY MNEMONIC
EDWARD,EDWARD,1,2025-10-03,2025-10-03,1,1,0,"WHAT ""ED"" MIGHT INDICATE"
EERIE,EERIE,1,2024-08-04,2024-08-04,1,1,0,BEGINNING WITH DOUBLE LETTERS
EFFECT,EFFECT,1,2025-04-18,2025-04-18,1,1,0,PERSONAL PROPERTY MINUS “S”
EGADS,EGADS,1,2024-11-07,2024-11-07,1,1,0,ANAGRAMS OF FAMOUS PAINTERS
EGGSHELL,EGGSHELL,1,2025-10-08,2025-10-08,1,1,0,PAINT FINISHES
EJECT,EJECT,1,2025-07-15,2025-07-15,1,1,0,FORCE TO LEAVE
EJECTOR SEAT,EJECTOR SEAT,1,2026-04-10,2026-04-10,1,1,0,THINGS THAT POP UP
EL NIÑO,EL NIÑO,1,2026-05-22,2026-05-22,1,1,0,STARTING WITH NAME HOMOPHONES
ELBA,ELBA,1,2026-05-15,2026-05-15,1,1,0,NON-PALINDROMIC WORDS IN A FAMOUS PALINDROME
ELECTRA,ELECTRA,1,2026-02-15,2026-02-15,1,1,0,KINDS OF COMPLEXES
ELECTRICAL,ELECTRICAL,1,2024-10-30,2024-10-30,1,1,0,KINDS OF TAPE
ELECTRON,ELECTRON,1,2026-04-05,2026-04-05,1,1,0,ATOMIC STRUCTURE TERMS
ELEGY,ELEGY,1,2026-05-11,2026-05-11,1,1,0,BODY PARTS SURROUNDED BY TWO LETTERS
ELITE,ELITE,1,2025-10-08,2025-10-08,1,1,0,FINEST
ELLA,ELLA,1,2025-04-10,2025-04-10,1,1,0,SPANISH WORDS
ELLEN,ELLEN,1,2026-01-22,2026-01-22,1,1,0,MAGAZINES PLUS A LETTER
ELLIPSIS,ELLIPSIS,1,2026-02-07,2026-02-07,1,1,1,PUNCTUATION MARKS
ELMO,ELMO,1,2025-03-12,2025-03-12,1,1,0,THINGS THAT ARE RED
ELOISE,ELOISE,1,2024-11-26,2024-11-26,1,1,0,FEATURED IN “ELOISE”
ELPHABA,ELPHABA,1,2025-05-22,2025-05-22,1,1,0,CHARACTERS WITH GREEN SKIN
ELSEWHERE,ELSEWHERE,1,2024-08-09,2024-08-09,1,1,0,NOT PRESENT
ELVES,ELVES,1,2025-06-11,2025-06-11,1,1,0,CEREAL MASCOTS
EMAIL,EMAIL,1,2025-09-12,2025-09-12,1,1,0,CONTACT INFO
EMBARK,EMBARK,1,2026-03-28,2026-03-28,1,1,0,"STEP ONTO, AS A VEHICLE"
EMCEE,EMCEE,1,2026-02-10,2026-02-10,1,1,0,WORDS SPELLING OUT INITIALISMS
EMERGE,EMERGE,1,2025-12-21,2025-12-21,1,1,0,ARISE
EMO,EMO,1,2025-08-30,2025-08-30,1,1,0,MUSIC GENRES
EMOJI,EMOJI,1,2025-01-25,2025-01-25,1,1,0,WORDS DERIVED FROM JAPANESE
EMOTIONAL,EMOTIONAL,1,2025-02-15,2025-02-15,1,1,0,WORDS SHORTENED IN ROCK GENRES
EMPANADA,EMPANADA,1,2026-06-03,2026-06-03,1,1,0,SAVORY STUFFED PASTRIES
EMPIRE,EMPIRE,1,2026-05-23,2026-05-23,1,1,0,"WORDS AFTER ""THE"" IN ""STAR WARS"" MOVIE TITLES"
EMPTY,EMPTY,1,2024-11-14,2024-11-14,1,1,0,DEPLETE
ENCORE,ENCORE,1,2025-09-22,2025-09-22,1,1,0,LAS VEGAS CASINO HOTELS
ENCYCLOPEDIA,ENCYCLOPEDIA,1,2026-02-15,2026-02-15,1,1,0,REFERENCE BOOKS
ENDEAVOR,ENDEAVOR,1,2024-11-29,2024-11-29,1,1,0,UNDERTAKING
ENDING,ENDING,1,2025-10-12,2025-10-12,1,1,0,HAPPY ___
ENGINE,ENGINE,1,2025-04-16,2025-04-16,1,1,0,THEY ROAR
ENGINEER,ENGINEER,1,2024-10-22,2024-10-22,1,1,0,DEVISE
ENGROSS,ENGROSS,1,2025-04-30,2025-04-30,1,1,0,ENDING WITH SYNONYMS FOR “YUCK”
ENIGMA,ENIGMA,1,2025-06-26,2025-06-26,1,1,0,KINDS OF MACHINES
ENLIST,ENLIST,1,2026-05-26,2026-05-26,1,1,0,ANAGRAMS
ENO,ENO,1,2025-08-30,2025-08-30,1,1,0,CONTEMPORARY COMPOSERS
ENTHUSIAST,ENTHUSIAST,1,2025-05-29,2025-05-29,1,1,0,WHAT “BUFF” MIGHT MEAN
ENVIRON,ENVIRON,1,2024-08-24,2024-08-24,1,1,0,ENDING WITH CHEMICAL ELEMENTS
ENVY,ENVY,1,2026-03-16,2026-03-16,1,1,0,WORDS THAT SOUND LIKE STATE ABBREVIATIONS
EPIC,EPIC,1,2025-03-14,2025-03-14,1,1,0,MOVIES OF VARIOUS LENGTHS
EQUATE,EQUATE,1,2024-12-07,2024-12-07,1,1,0,THINK OF TOGETHER
EQUESTRIAN,EQUESTRIAN,1,2025-12-29,2025-12-29,1,1,0,SUMMER OLYMPIC EVENTS
EQUINOX,EQUINOX,1,2025-06-07,2025-06-07,1,1,0,SPRING ___
EQUIP,EQUIP,1,2025-09-18,2025-09-18,1,1,0,FURNISH
EQUITY,EQUITY,1,2024-11-26,2024-11-26,1,1,0,GOOD THINGS TO GET AT WORK
ERGO,ERGO,1,2024-07-02,2024-07-02,1,1,0,LATIN WORDS
ERR,ERR,1,2025-04-12,2025-04-12,1,1,0,DO WRONG
ERRATIC,ERRATIC,1,2024-11-27,2024-11-27,1,1,0,NOT WORKING RELIABLY
ERSATZ,ERSATZ,1,2026-03-30,2026-03-30,1,1,0,IMITATION
ESCAPE,ESCAPE,1,2025-03-02,2025-03-02,1,1,0,EVADE
ESCROW,ESCROW,1,2025-07-23,2025-07-23,1,1,0,RELATED TO BUYING A HOME
ESSAY,ESSAY,1,2025-11-20,2025-11-20,1,1,0,WORDS THAT SOUND LIKE TWO LETTERS
ESSAYS,ESSAYS,1,2025-01-07,2025-01-07,1,1,0,BOOK SUBTITLES
ESSENTIAL,ESSENTIAL,1,2024-07-11,2024-07-11,1,1,0,FUNDAMENTAL
ESTABLISHMENT,ESTABLISHMENT,1,2025-06-01,2025-06-01,1,1,0,LOCAL WATERING HOLE
ESTATE,ESTATE,1,2025-05-15,2025-05-15,1,1,0,REAL ___
ESTEEM,ESTEEM,1,2025-06-02,2025-06-02,1,1,0,HOLD DEAR
ETAIL,ETAIL,1,2026-01-04,2026-01-04,1,1,0,SYNONYMS FOR BUTT PLUS STARTING LETTER
ETCH A SKETCH,ETCH A SKETCH,1,2026-05-04,2026-05-04,1,1,0,THINGS WITH KNOBS
ETERNAL,ETERNAL,1,2025-10-12,2025-10-12,1,1,0,FOR ALL TIME
EUPHORIA,EUPHORIA,1,2025-06-22,2025-06-22,1,1,0,HBO SHOWS
EURO,EURO,1,2024-07-05,2024-07-05,1,1,0,WORDS THAT PRECEDE “POP” IN MUSIC GENRES
EVE,EVE,1,2025-06-05,2025-06-05,1,1,0,PRECIPICE
EVENTUALLY,EVENTUALLY,1,2024-10-16,2024-10-16,1,1,0,AT SOME FUTURE POINT
EVERGREEN,EVERGREEN,1,2025-05-13,2025-05-13,1,1,0,ENDING WITH COLORS
EVERLASTING,EVERLASTING,1,2025-10-12,2025-10-12,1,1,0,FOR ALL TIME
EVERYDAY,EVERYDAY,1,2025-11-16,2025-11-16,1,1,0,RUN-OF-THE-MILL
EVERYONE,EVERYONE,1,2025-03-24,2025-03-24,1,1,0,"WHO VIDEO GAMES ARE FOR, PER ESRB RATINGS"
EVIDENCE,EVIDENCE,1,2025-07-28,2025-07-28,1,1,0,INDICATION
EVIL EYE,EVIL EYE,1,2026-03-19,2026-03-19,1,1,0,GOOD LUCK SYMBOLS
EVITE,EVITE,1,2026-04-06,2026-04-06,1,1,0,MUSICALS WITH LAST LETTER CHANGED
EWE,EWE,1,2024-12-23,2024-12-23,1,1,0,HOMOPHONES
EXACTLY,EXACTLY,1,2025-06-18,2025-06-18,1,1,0,SQUARELY
EXAM,EXAM,1,2025-03-21,2025-03-21,1,1,0,BAR ___
EXAMPLE,EXAMPLE,1,2026-01-02,2026-01-02,1,1,0,BENCHMARK
EXCALIBUR,EXCALIBUR,1,2025-09-22,2025-09-22,1,1,0,LAS VEGAS CASINO HOTELS
EXCEPT,EXCEPT,1,2025-05-07,2025-05-07,1,1,0,NOT INCLUDING
EXCESSIVE,EXCESSIVE,1,2025-12-25,2025-12-25,1,1,0,"ORNATE, AS PROSE"
EXCHANGE,EXCHANGE,1,2025-07-03,2025-07-03,1,1,0,CORRESPONDENCE
EXCLAMATION,EXCLAMATION,1,2024-12-20,2024-12-20,1,1,0,TYPES OF SENTENCES
EXCLAMATION POINTS,EXCLAMATION POINTS,1,2024-10-25,2024-10-25,1,1,0,IPHONE MESSAGE TAPBACK RESPONSES
EXCLUSIVE,EXCLUSIVE,1,2024-09-21,2024-09-21,1,1,0,SPECIAL EDITION ADJECTIVES
EXCUSE,EXCUSE,1,2024-09-03,2024-09-03,1,1,0,ABSOLVE
EXERCISE,EXERCISE,1,2025-05-18,2025-05-18,1,1,0,TASKS FOR A STUDENT
EXORCIST,EXORCIST,1,2025-04-18,2025-04-18,1,1,0,"HORROR MOVIES, WITH “THE”"
EXPAND,EXPAND,1,2024-07-30,2024-07-30,1,1,0,PROVIDE MORE DETAILS
EXPANSIVE,EXPANSIVE,1,2024-11-25,2024-11-25,1,1,0,ASSOCIATED PRINCIPLES IN CHINESE PHILOSOPHY
EXPIRATION,EXPIRATION,1,2025-07-13,2025-07-13,1,1,0,CREDIT CARD INFO
EXPLAIN,EXPLAIN,1,2024-07-30,2024-07-30,1,1,0,PROVIDE MORE DETAILS
EXPLETIVES,EXPLETIVES,1,2025-09-02,2025-09-02,1,1,0,CURSES
EXPLOIT,EXPLOIT,1,2024-11-08,2024-11-08,1,1,0,ESCAPADE
EXPLORATORY,EXPLORATORY,1,2024-07-16,2024-07-16,1,1,0,EXPERIMENTAL
EXPOSITION,EXPOSITION,1,2026-02-10,2026-02-10,1,1,0,EXHIBITION
EXPOSURE,EXPOSURE,1,2024-11-22,2024-11-22,1,1,0,PUBLICITY
EXPRESSION,EXPRESSION,1,2025-02-13,2025-02-13,1,1,0,"DEMONSTRATION, AS OF APPRECIATION"
EXTENSIONS,EXTENSIONS,1,2025-03-19,2025-03-19,1,1,0,WEB BROWSER BUTTONS
EXTRACT,EXTRACT,1,2025-08-13,2025-08-13,1,1,0,EXCERPT
EXTRASENSORY,EXTRASENSORY,1,2026-05-02,2026-05-02,1,1,0,CLAIRVOYANT
EXTREME,EXTREME,1,2026-01-05,2026-01-05,1,1,0,FURTHEST POINT
EXTREMITY,EXTREMITY,1,2025-10-03,2025-10-03,1,1,0,BOUNDARY
EYE CONTACT,EYE CONTACT,1,2025-12-01,2025-12-01,1,1,0,STARTING WITH LETTER HOMOPHONES
EYE PILLOW,EYE PILLOW,1,2026-05-04,2026-05-04,1,1,0,PELLET-FILLED THINGS
EYEBROW,EYEBROW,1,2025-06-11,2025-06-11,1,1,0,ARC-SHAPED THINGS
EYEDROPPER,EYEDROPPER,1,2025-02-21,2025-02-21,1,1,0,PHOTOSHOP TOOLS
EYELINER,EYELINER,1,2025-05-23,2025-05-23,1,1,0,WHAT “CAT’S EYE” CAN BE USED TO DESCRIBE
FAB,FAB,1,2025-10-27,2025-10-27,1,1,0,___ FOUR
FABRIC,FABRIC,1,2024-07-21,2024-07-21,1,1,0,CONSTITUTION
FACED,FACED,1,2026-02-08,2026-02-08,1,1,0,"WORDS AFTER ""TWO"""
FACILE,FACILE,1,2026-04-15,2026-04-15,1,1,0,OVERSIMPLISTIC
FACILITY,FACILITY,1,2024-07-30,2024-07-30,1,1,0,ABILITY TO DO SOMETHING WELL
FAD,FAD,1,2025-08-03,2025-08-03,1,1,0,MANIA
FADE,FADE,1,2025-03-06,2025-03-06,1,1,0,WANE
FADEAWAY,FADEAWAY,1,2025-11-17,2025-11-17,1,1,0,BASKETBALL SHOTS
FAIRY TALE,FAIRY TALE,1,2025-01-12,2025-01-12,1,1,0,FABRICATION
FALLIN’,FALLIN’,1,2024-12-01,2024-12-01,1,1,0,“FREE ___”
FALLOPIAN,FALLOPIAN,1,2025-04-25,2025-04-25,1,1,0,___ TUBE
FALSE,FALSE,1,2025-08-27,2025-08-27,1,1,0,BINARY QUESTION OPTIONS
FANG,FANG,1,2025-05-05,2025-05-05,1,1,0,ASSOCIATED WITH COUNT DRACULA
FANNIE,FANNIE,1,2025-10-07,2025-10-07,1,1,0,MUSICALS PLUS STARTING LETTER
FANTAGRAPHICS,FANTAGRAPHICS,1,2026-04-18,2026-04-18,1,1,0,STARTING WITH SODA BRANDS
FANTASTIC,FANTASTIC,1,2025-10-27,2025-10-27,1,1,0,___ FOUR
FAR,FAR,1,2024-10-10,2024-10-10,1,1,0,WORDS IN “DO-RE-MI”
FAREWELL,FAREWELL,1,2025-06-23,2025-06-23,1,1,0,WORDS IN HEMINGWAY TITLES
FARM,FARM,1,2025-01-26,2025-01-26,1,1,0,WAYS TO GET FOOD
FASTIDIOUS,FASTIDIOUS,1,2026-03-03,2026-03-03,1,1,0,"STARTING WITH SYNONYMS FOR ""SPEEDY"""
FATAYER,FATAYER,1,2026-06-03,2026-06-03,1,1,0,SAVORY STUFFED PASTRIES
FATE,FATE,1,2026-03-20,2026-03-20,1,1,0,FIGURE IN GREEK MYTH
FATED,FATED,1,2026-05-10,2026-05-10,1,1,0,DESTINED
FATIGUE,FATIGUE,1,2025-07-10,2025-07-10,1,1,0,MILITARY CLOTHING DESCRIPTORS
FAUCET,FAUCET,1,2026-01-11,2026-01-11,1,1,0,PARTS OF A SINK
FAUX,FAUX,1,2026-03-30,2026-03-30,1,1,0,IMITATION
FAVOR,FAVOR,1,2025-03-09,2025-03-09,1,1,0,HELPFUL DEED
FAZE,FAZE,1,2024-10-26,2024-10-26,1,1,0,FLUSTER
FEATURED,FEATURED,1,2026-06-23,2026-06-23,1,1,0,CONTENT SORTING OPTIONS ONLINE
FEE,FEE,1,2026-02-09,2026-02-09,1,1,0,KINDS OF PAYMENT FOR AN AUTHOR
FELT,FELT,1,2025-12-18,2025-12-18,1,1,0,COMPONENT OF AN ARTS AND CRAFTS PROJECT
FERRIS,FERRIS,1,2025-09-23,2025-09-23,1,1,0,TITLE CHARACTERS IN '80S MOVIES
FERRIS WHEEL,FERRIS WHEEL,1,2024-06-21,2024-06-21,1,1,0,AMUSEMENT PARK RIDES
FERTILIZE,FERTILIZE,1,2024-10-03,2024-10-03,1,1,0,CARE FOR A PLANT
FESTIVAL,FESTIVAL,1,2025-07-27,2025-07-27,1,1,0,OUTDOOR EVENTS
FESTIVUS,FESTIVUS,1,2025-07-21,2025-07-21,1,1,0,CONCEPTS FROM “SEINFELD”
FETA,FETA,1,2024-09-12,2024-09-12,1,1,0,ENDING WITH GREEK LETTERS
FETT,FETT,1,2024-11-21,2024-11-21,1,1,0,STARTS OF PASTA NAMES
FEY,FEY,1,2024-12-25,2024-12-25,1,1,0,“S.N.L.” CAST MEMBERS
FIBERGLASS,FIBERGLASS,1,2026-01-29,2026-01-29,1,1,0,ENDING WITH DRINKING VESSELS
FICTIONAL BOXER,FICTIONAL BOXER,1,2025-09-25,2025-09-25,1,1,0,"NAMED ""APOLLO"""
FIDGET,FIDGET,1,2025-09-19,2025-09-19,1,1,0,EXHIBIT NERVOUSNESS
FIESTA,FIESTA,1,2025-10-15,2025-10-15,1,1,0,FORD MODELS
FIEVEL,FIEVEL,1,2025-12-09,2025-12-09,1,1,0,BEGINNING WITH NUMBER HOMOPHONES
FIFTH,FIFTH,1,2024-07-15,2024-07-15,1,1,0,LIQUOR BOTTLE SIZES
FIGMENT,FIGMENT,1,2025-10-09,2025-10-09,1,1,0,FANTASY
FIGURINE,FIGURINE,1,2025-10-17,2025-10-17,1,1,0,ITEMS IN A SOUVENIR SHOP
FILET,FILET,1,2024-10-05,2024-10-05,1,1,0,STEAK CUTS
FILL IN,FILL IN,1,2026-01-25,2026-01-25,1,1,0,ACT AS A BACKUP
FILM NERD,FILM NERD,1,2026-05-08,2026-05-08,1,1,0,"ENDING IN CANDY BRANDS MINUS ""S"""
FILM SERIES,FILM SERIES,1,2025-03-14,2025-03-14,1,1,0,MOVIES OF VARIOUS LENGTHS
FILTERS,FILTERS,1,2026-05-13,2026-05-13,1,1,0,SMARTPHONE PHOTO EDITING OPTIONS
FIN,FIN,1,2025-09-27,2025-09-27,1,1,0,APPENDAGES
FINALLY,FINALLY,1,2025-10-13,2025-10-13,1,1,0,WORDS AFTER A WELCOME DEPARTURE
FINE PRINT,FINE PRINT,1,2026-04-26,2026-04-26,1,1,0,STIPULATION
FINGER,FINGER,1,2025-02-08,2025-02-08,1,1,0,___ FOOD
FINGER FOOD,FINGER FOOD,1,2026-03-01,2026-03-01,1,1,0,LITTLE BITE
FINGER ROLL,FINGER ROLL,1,2025-11-17,2025-11-17,1,1,0,BASKETBALL SHOTS
FINGERS CROSSED,FINGERS CROSSED,1,2026-05-03,2026-05-03,1,1,0,GESTURES MADE WITH THE INDEX AND MIDDLE FINGERS
FINISH,FINISH,1,2024-08-23,2024-08-23,1,1,0,LANGUAGE HOMOPHONES
FINLET,FINLET,1,2025-09-12,2025-09-12,1,1,0,BODIES OF WATER PLUS STARTING LETTER
FIRE ENGINE,FIRE ENGINE,1,2025-11-03,2025-11-03,1,1,0,THINGS THAT ARE RED
FIRE EXTINGUISHER,FIRE EXTINGUISHER,1,2025-11-13,2025-11-13,1,1,0,FOAMY THINGS
FIREFLY,FIREFLY,1,2025-01-01,2025-01-01,1,1,0,THINGS THAT LUMINESCE
FIREPLACE,FIREPLACE,1,2026-06-23,2026-06-23,1,1,0,THINGS WITH MANTLES/MANTELS
FIREWALK,FIREWALK,1,2026-06-27,2026-06-27,1,1,0,ENDING IN HORSE GAITS
FIRST BASE,FIRST BASE,1,2026-05-08,2026-05-08,1,1,0,CANOODLING
FISH TANK,FISH TANK,1,2025-02-25,2025-02-25,1,1,0,RECTANGULAR PRISMS
FISHBOWL,FISHBOWL,1,2026-03-09,2026-03-09,1,1,0,METAPHORS FOR PUBLIC SCRUTINY
FISHEYE,FISHEYE,1,2025-09-12,2025-09-12,1,1,0,KINDS OF CAMERA LENSES
FISHING,FISHING,1,2026-03-26,2026-03-26,1,1,0,FOOD PROCUREMENT METHODS
FIST,FIST,1,2025-07-29,2025-07-29,1,1,0,THINGS YOU CAN PUMP
FITTED,FITTED,1,2025-01-20,2025-01-20,1,1,0,___ SHEET
FIXATION,FIXATION,1,2025-12-23,2025-12-23,1,1,0,FREUDIAN CONCEPTS
FIXED,FIXED,1,2024-07-02,2024-07-02,1,1,0,ADJECTIVES FOR ASSETS
FLACK,FLACK,1,2025-11-05,2025-11-05,1,1,0,ICONIC SOUL SINGERS
FLAIL,FLAIL,1,2024-12-15,2024-12-15,1,1,0,PERFORM POORLY
FLAMING,FLAMING,1,2025-06-25,2025-06-25,1,1,0,BIRDS MINUS LAST LETTER
FLANNEL,FLANNEL,1,2024-11-21,2024-11-21,1,1,0,KINDS OF SHIRTS
FLAP,FLAP,1,2025-12-12,2025-12-12,1,1,0,MOVE IN THE WIND
FLAPPER,FLAPPER,1,2025-09-29,2025-09-29,1,1,0,PARTS OF A TOILET TANK
FLATFOOT,FLATFOOT,1,2026-04-25,2026-04-25,1,1,0,OLD TIMEY SLANG FOR LAW ENFORCEMENT
FLATIRON,FLATIRON,1,2025-07-23,2025-07-23,1,1,0,KINDS OF STEAKS
FLATTEN,FLATTEN,1,2025-05-05,2025-05-05,1,1,0,STOP CHANGING
FLATTER,FLATTER,1,2025-12-14,2025-12-14,1,1,0,LAY IT ON THICK
FLAVOR,FLAVOR,1,2025-11-15,2025-11-15,1,1,0,ENHANCE THE TASTE OF
FLECKED,FLECKED,1,2026-02-22,2026-02-22,1,1,0,DESCRIPTORS FOR GRAYING HAIR
FLEE,FLEE,1,2024-10-06,2024-10-06,1,1,0,TURN TAIL
FLEET,FLEET,1,2025-09-14,2025-09-14,1,1,0,STREETS WITH SYMBOLIC IMPORTANCE
FLEETWOOD,FLEETWOOD,1,2026-03-03,2026-03-03,1,1,0,"STARTING WITH SYNONYMS FOR ""SPEEDY"""
FLEUR-DE-LIS,FLEUR-DE-LIS,1,2025-09-28,2025-09-28,1,1,0,N.F.L. TEAM LOGOS
FLEW,FLEW,1,2025-03-26,2025-03-26,1,1,0,"INCREASED, WITH “UP”"
FLEXIBLE,FLEXIBLE,1,2025-05-18,2025-05-18,1,1,0,UP FOR ANYTHING
FLICK,FLICK,1,2025-09-24,2025-09-24,1,1,0,MOVIE
FLICKER,FLICKER,1,2026-05-05,2026-05-05,1,1,0,GLIMMER
FLIGHT PATH,FLIGHT PATH,1,2025-06-11,2025-06-11,1,1,0,ARC-SHAPED THINGS
FLIP-FLOP,FLIP-FLOP,1,2025-09-17,2025-09-17,1,1,0,CHANGE ONE’S TUNE
FLOATER,FLOATER,1,2024-06-15,2024-06-15,1,1,0,BASKETBALL SHOTS
FLOATIE,FLOATIE,1,2024-08-21,2024-08-21,1,1,0,THINGS THAT ARE INFLATED
FLOCK,FLOCK,1,2024-11-25,2024-11-25,1,1,0,LARGE GROUP
FLOOD,FLOOD,1,2026-01-23,2026-01-23,1,1,0,"WORDS BEFORE ""LIGHT"""
FLOORS,FLOORS,1,2026-06-21,2026-06-21,1,1,0,BOWLS OVER
FLOPPY,FLOPPY,1,2026-02-17,2026-02-17,1,1,0,"STARTING WITH SYNONYMS FOR ""DUD"""
FLORET,FLORET,1,2024-11-12,2024-11-12,1,1,0,VEGETABLE UNITS
FLOSS,FLOSS,1,2025-06-29,2025-06-29,1,1,0,DANCE MOVES
FLOUNDER,FLOUNDER,1,2024-12-15,2024-12-15,1,1,0,PERFORM POORLY
FLOUNDERS,FLOUNDERS,1,2025-07-14,2025-07-14,1,1,0,DISNEY ANIMATED CHARACTERS PLUS A LETTER
FLOUR,FLOUR,1,2025-03-12,2025-03-12,1,1,0,INGREDIENTS IN CLASSIC POUND CAKE
FLOWERY,FLOWERY,1,2025-12-25,2025-12-25,1,1,0,"ORNATE, AS PROSE"
FLUCTUATION,FLUCTUATION,1,2026-01-31,2026-01-31,1,1,0,"WHAT ""SHIFT"" MIGHT REFER TO"
FLUFF,FLUFF,1,2026-01-22,2026-01-22,1,1,0,BUNGLE
FLUID,FLUID,1,2024-07-20,2024-07-20,1,1,0,EFFORTLESS
FLUTTER,FLUTTER,1,2024-10-31,2024-10-31,1,1,0,THINGS YOU CAN DO WITH YOUR EYELIDS
FLYWHEEL,FLYWHEEL,1,2025-08-19,2025-08-19,1,1,0,STARTING WITH WAYS TO MOVE QUICKLY
FOGHORN,FOGHORN,1,2025-09-30,2025-09-30,1,1,0,CARTOON BIRDS
FOIL,FOIL,1,2025-05-30,2025-05-30,1,1,0,THEY'RE ON A ROLL!
FOILS,FOILS,1,2025-06-19,2025-06-19,1,1,0,FENCING GEAR
FOLDER,FOLDER,1,2025-04-03,2025-04-03,1,1,0,THINGS WITH TABS
FOLEY,FOLEY,1,2025-09-10,2025-09-10,1,1,0,EDDIE MURPHY ROLES
FOLLOW,FOLLOW,1,2025-09-16,2025-09-16,1,1,0,KEEP TABS ON
FOLLOW UP,FOLLOW UP,1,2026-05-22,2026-05-22,1,1,0,REACH BACK OUT
FOLLOWING,FOLLOWING,1,2025-12-22,2025-12-22,1,1,0,SUBSEQUENT
FOMO,FOMO,1,2025-11-12,2025-11-12,1,1,0,ACRONYMS
FOOL,FOOL,1,2025-09-29,2025-09-29,1,1,0,PLAY A JOKE ON
FOOTPRINT,FOOTPRINT,1,2025-07-07,2025-07-07,1,1,0,BIG IMPRESSION
FOOTSTOOL,FOOTSTOOL,1,2026-01-12,2026-01-12,1,1,0,LIVING ROOM FURNITURE
FOOTY,FOOTY,1,2025-02-18,2025-02-18,1,1,0,BRITISHISMS
FORBID,FORBID,1,2024-10-08,2024-10-08,1,1,0,PROHIBIT
FOREARM,FOREARM,1,2025-01-20,2025-01-20,1,1,0,ASSOCIATED WITH POPEYE
FOREHEAD,FOREHEAD,1,2025-12-09,2025-12-09,1,1,0,BEGINNING WITH NUMBER HOMOPHONES
FOREIGNER,FOREIGNER,1,2025-12-26,2025-12-26,1,1,0,'70S ROCK BANDS
FORERUNNER,FORERUNNER,1,2026-06-11,2026-06-11,1,1,0,HOMOPHONES OF SUVS
FORGET,FORGET,1,2024-11-26,2024-11-26,1,1,0,DISREGARD
FORMAL,FORMAL,1,2024-10-25,2024-10-25,1,1,0,EVENT WITH DANCING
FORMER,FORMER,1,2025-02-26,2025-02-26,1,1,0,ONETIME
FORMULA,FORMULA,1,2024-06-25,2024-06-25,1,1,0,"KEY TO SUCCESS, SO TO SPEAK"
FORTE,FORTE,1,2026-05-16,2026-05-16,1,1,0,MUSIC PERFORMANCE DIRECTIONS
FORTH,FORTH,1,2026-01-09,2026-01-09,1,1,0,CARDINAL DIRECTIONS WITH FIRST LETTER CHANGED
FORTITUDE,FORTITUDE,1,2025-08-16,2025-08-16,1,1,0,INTREPIDITY
FORTUNE COOKIE,FORTUNE COOKIE,1,2026-06-19,2026-06-19,1,1,0,STARTING WITH MAGAZINES
FORTUNE TELLER,FORTUNE TELLER,1,2024-10-24,2024-10-24,1,1,0,THINGS MADE BY FOLDING PAPER
FORWARD,FORWARD,1,2025-03-19,2025-03-19,1,1,0,WEB BROWSER BUTTONS
FOUND,FOUND,1,2025-06-07,2025-06-07,1,1,0,ESTABLISH
FOUNDER,FOUNDER,1,2026-05-19,2026-05-19,1,1,0,FISH MINUS A LETTER
FOUR,FOUR,1,2026-02-07,2026-02-07,1,1,1,PIPS ON A DIE
FOUR-LEAF CLOVER,FOUR-LEAF CLOVER,1,2026-03-19,2026-03-19,1,1,0,GOOD LUCK SYMBOLS
FOUR-LETTER WORDS,FOUR-LETTER WORDS,1,2025-09-02,2025-09-02,1,1,0,CURSES
FOURTH,FOURTH,1,2026-03-13,2026-03-13,1,1,0,KINDS OF WALLS
FOWL,FOWL,1,2025-07-11,2025-07-11,1,1,0,HOMOPHONES OF SYNONYMS FOR “DESPICABLE”
FOX,FOX,1,2024-07-27,2024-07-27,1,1,0,HOTTIE
FOZZIE,FOZZIE,1,2026-03-09,2026-03-09,1,1,0,MUPPETS
FRAME,FRAME,1,2026-03-22,2026-03-22,1,1,0,PICTURE TAKEN FROM A FILM
FRANCHISE,FRANCHISE,1,2026-05-09,2026-05-09,1,1,0,UNITS OF TV PROGRAMS
FRANCI,FRANCI,1,2026-05-12,2026-05-12,1,1,0,CURRENCIES PLUS A LETTER
FRANCIUM,FRANCIUM,1,2026-06-25,2026-06-25,1,1,0,HAZARDOUS ELEMENTAL METALS
FRANKENSTEIN,FRANKENSTEIN,1,2025-12-23,2025-12-23,1,1,0,STARTING WITH SLANG FOR SAUSAGE
FRANKENSTEIN'S MONSTER,FRANKENSTEIN'S MONSTER,1,2026-03-26,2026-03-26,1,1,0,THEY HAVE BOLTS
FRANKINCENSE,FRANKINCENSE,1,2025-06-02,2025-06-02,1,1,0,NAMES ENDING IN “K” PLUS WORD
FRANKLIN,FRANKLIN,1,2025-11-05,2025-11-05,1,1,0,ICONIC SOUL SINGERS
FRAUD,FRAUD,1,2024-07-23,2024-07-23,1,1,0,IMPOSTOR
FREAK,FREAK,1,2025-10-19,2025-10-19,1,1,0,"LOSE IT, WITH ""OUT"""
FREE LOVE,FREE LOVE,1,2026-05-03,2026-05-03,1,1,0,ASSOCIATED WITH 1960S COUNTERCULTURE
FREE WILL,FREE WILL,1,2026-06-02,2026-06-02,1,1,0,ENDING IN MODAL AUXILIARY VERBS
FREE-RANGE,FREE-RANGE,1,2026-02-18,2026-02-18,1,1,0,CHICKEN DESCRIPTORS
FREEZING,FREEZING,1,2025-07-21,2025-07-21,1,1,0,PHASE TRANSITIONS FOR LIQUIDS
FREQUENCY,FREQUENCY,1,2025-11-14,2025-11-14,1,1,0,RADIO TUNING OPTIONS
FREQUENT,FREQUENT,1,2024-07-08,2024-07-08,1,1,0,SPEND TIME AT
FRESCADE,FRESCADE,1,2026-04-18,2026-04-18,1,1,0,STARTING WITH SODA BRANDS
FRESHWATER,FRESHWATER,1,2025-07-02,2025-07-02,1,1,0,STARTING WITH HIGH SCHOOL/COLLEGE ABBREVIATIONS
FRET,FRET,1,2025-11-28,2025-11-28,1,1,0,PARTS OF AN ELECTRIC GUITAR
FREUDIAN CONCEPT,FREUDIAN CONCEPT,1,2025-07-04,2025-07-04,1,1,0,WHAT “ID” MIGHT REFER TO
FRIAR,FRIAR,1,2026-01-27,2026-01-27,1,1,0,FIRST WORDS OF ROBIN HOOD CHARACTER NAMES
FRICK,FRICK,1,2025-12-02,2025-12-02,1,1,0,MILD OATHS
FRICTION,FRICTION,1,2026-02-04,2026-02-04,1,1,0,CONTENTION
FRIDAY,FRIDAY,1,2025-12-26,2025-12-26,1,1,0,BLACK ___
FRIENDS,FRIENDS,1,2026-06-21,2026-06-21,1,1,0,NBC SITCOMS
FRIENDSHIP,FRIENDSHIP,1,2025-06-03,2025-06-03,1,1,0,KINDS OF BRACELETS
FRIENDSHIP BRACELET,FRIENDSHIP BRACELET,1,2026-05-09,2026-05-09,1,1,0,STRINGS TIED IN KNOTS
FRILL,FRILL,1,2024-09-26,2024-09-26,1,1,0,DECORATIVE EDGE
FRITTER,FRITTER,1,2025-09-27,2025-09-27,1,1,0,"SQUANDER, WITH “AWAY”"
FRITZ,FRITZ,1,2026-03-30,2026-03-30,1,1,0,SNACK BRANDS PLUS STARTING LETTER
FROG PRINCE,FROG PRINCE,1,2026-03-19,2026-03-19,1,1,0,FOLK TALE CHARACTERS
FROM,FROM,1,2025-01-09,2025-01-09,1,1,0,LAST WORDS IN “AMERICA THE BEAUTIFUL”
FRONTLINE,FRONTLINE,1,2024-09-19,2024-09-19,1,1,0,PBS SHOWS
FROOT LOOPS,FROOT LOOPS,1,2026-03-12,2026-03-12,1,1,0,FEATURING BIRDS
FROSTING,FROSTING,1,2024-10-11,2024-10-11,1,1,0,ADDITIONAL BENEFIT
FROSTY,FROSTY,1,2026-01-14,2026-01-14,1,1,0,STARTING WITH WEATHER CONDITIONS
FROTH,FROTH,1,2024-10-09,2024-10-09,1,1,0,EFFERVESCENCE
FRUIT,FRUIT,1,2025-08-09,2025-08-09,1,1,0,RESULT
FRY COOK,FRY COOK,1,2026-03-31,2026-03-31,1,1,0,STARTING WITH BABY ANIMALS
FUEL,FUEL,1,2025-08-23,2025-08-23,1,1,0,LIQUIDS YOU PUT INTO CARS
FULFILL,FULFILL,1,2024-09-29,2024-09-29,1,1,0,"MAKE GOOD ON, AS A PROMISE"
FULL HOUSE,FULL HOUSE,1,2024-09-09,2024-09-09,1,1,0,SITCOMS
FULL MOON,FULL MOON,1,2025-12-01,2025-12-01,1,1,0,CIRCULAR THINGS
FUMING,FUMING,1,2024-08-25,2024-08-25,1,1,0,HOPPING MAD
FUN,FUN,1,2025-05-01,2025-05-01,1,1,0,"WORDS THAT PRECEDE ""-SIZE"" TO MEAN SMALL"
FUNCTIONAL,FUNCTIONAL,1,2025-01-14,2025-01-14,1,1,0,OPERATING
FUND,FUND,1,2024-07-09,2024-07-09,1,1,0,WORDS AFTER “HEDGE”
FUNGUS,FUNGUS,1,2025-05-17,2025-05-17,1,1,0,MEMBER OF A KINGDOM IN TAXONOMY
FUNK,FUNK,1,2025-08-30,2025-08-30,1,1,0,MUSIC GENRES
FUNKY,FUNKY,1,2026-03-02,2026-03-02,1,1,0,___ CHICKEN
FUNKY CHICKEN,FUNKY CHICKEN,1,2025-11-03,2025-11-03,1,1,0,ENDING WITH ANIMALS
FUNNY,FUNNY,1,2024-09-02,2024-09-02,1,1,0,PECULIAR
FURNISH,FURNISH,1,2024-11-04,2024-11-04,1,1,0,EQUIP
FURNITURE,FURNITURE,1,2024-11-06,2024-11-06,1,1,0,THINGS WITH FEET
FURY,FURY,1,2026-03-20,2026-03-20,1,1,0,FIGURE IN GREEK MYTH
FUSILLI,FUSILLI,1,2025-04-21,2025-04-21,1,1,0,HELICAL THINGS
FUTURE,FUTURE,1,2025-12-22,2025-12-22,1,1,0,SUBSEQUENT
FUTZ,FUTZ,1,2026-03-30,2026-03-30,1,1,0,PLAY AROUND (WITH)
FÜR ELISE,FÜR ELISE,1,2026-06-19,2026-06-19,1,1,0,THINGS A BEGINNER MIGHT LEARN ON THE PIANO
G-STRING,G-STRING,1,2024-10-05,2024-10-05,1,1,0,KINDS OF UNDERWEAR
GABLE,GABLE,1,2025-08-01,2025-08-01,1,1,0,LEGENDS OF CLASSIC HOLLYWOOD
GADGET,GADGET,1,2026-03-14,2026-03-14,1,1,0,FICTIONAL INSPECTORS
GAFFER,GAFFER,1,2024-10-30,2024-10-30,1,1,0,KINDS OF TAPE
GAIN,GAIN,1,2026-02-11,2026-02-11,1,1,0,EARNINGS
GALA,GALA,1,2025-05-19,2025-05-19,1,1,0,FUNDRAISING EVENT
GALAXY,GALAXY,1,2025-04-11,2025-04-11,1,1,0,PLACES TO FIND STARS
GALE,GALE,1,2025-10-04,2025-10-04,1,1,0,RUSH OF WIND
GALILEO,GALILEO,1,2024-10-22,2024-10-22,1,1,0,NASA SPACECRAFT
GALLEON,GALLEON,1,2025-03-26,2025-03-26,1,1,0,UNITS OF VOLUME PLUS LETTER
GALLOP,GALLOP,1,2026-03-25,2026-03-25,1,1,0,UNITS OF VOLUME WITH LAST LETTER CHANGED
GALOSH,GALOSH,1,2025-02-07,2025-02-07,1,1,0,THINGS MADE OF RUBBER
GAMELAN,GAMELAN,1,2026-05-05,2026-05-05,1,1,0,STARTING WITH UNITS IN COMPETITIONS
GANDER,GANDER,1,2025-04-20,2025-04-20,1,1,0,GLIMPSE
GANDHI,GANDHI,1,2026-06-18,2026-06-18,1,1,0,PEACE ACTIVISTS
GARAGE DOORS,GARAGE DOORS,1,2025-10-21,2025-10-21,1,1,0,THINGS YOU CAN CONTROL WITH REMOTES
GARBAGE,GARBAGE,1,2025-03-17,2025-03-17,1,1,0,KINDS OF TRUCKS
GARDEN,GARDEN,1,2024-08-31,2024-08-31,1,1,0,KINDS OF SALAD
GARDENS,GARDENS,1,2024-08-30,2024-08-30,1,1,0,WONDERS OF THE WORLD
GARLIC,GARLIC,1,2026-01-07,2026-01-07,1,1,0,PRESSED USING A PRESS
GARY,GARY,1,2025-04-26,2025-04-26,1,1,0,COLOR ANAGRAMS
GASP,GASP,1,2025-01-06,2025-01-06,1,1,0,BREATHE HARD
GATECRASH,GATECRASH,1,2025-01-01,2025-01-01,1,1,0,ENDING WITH SYNONYMS FOR “PLUNGE”
GATHERING,GATHERING,1,2026-03-26,2026-03-26,1,1,0,FOOD PROCUREMENT METHODS
GATOR,GATOR,1,2024-11-16,2024-11-16,1,1,0,COLLEGE FOOTBALL TEAM MEMBERS
GAUCHO,GAUCHO,1,2025-12-13,2025-12-13,1,1,0,WIDE-LEGGED PANT STYLES
GAUZY,GAUZY,1,2026-06-07,2026-06-07,1,1,0,"TRANSLUCENT, AS FABRIC"
GAY,GAY,1,2025-05-24,2025-05-24,1,1,0,BLACK WOMEN AUTHORS
GEEZ,GEEZ,1,2024-12-12,2024-12-12,1,1,1,MILD OATHS
GEM,GEM,1,2025-11-02,2025-11-02,1,1,0,STARTS OF ZODIAC SIGNS
GEMSTONE,GEMSTONE,1,2025-04-29,2025-04-29,1,1,0,"WHAT ""DIAMOND"" CAN REFER TO"
GENE,GENE,1,2025-12-29,2025-12-29,1,1,0,BIOLOGICAL STRUCTURES
GENRE,GENRE,1,2025-04-26,2025-04-26,1,1,0,COLOR ANAGRAMS
GENTLE,GENTLE,1,2025-03-30,2025-03-30,1,1,0,___MAN
GEO,GEO,1,2025-08-04,2025-08-04,1,1,0,WORDS THAT SOUNDS LIKE TWO LETTERS
GEODUCK,GEODUCK,1,2025-07-23,2025-07-23,1,1,0,ANIMALS ENDING WITH ANIMALS
GEOFFREY RUSH,GEOFFREY RUSH,1,2025-08-22,2025-08-22,1,1,0,ACTORS WHOSE LAST NAMES ARE ALSO VERBS
GEOMETRY,GEOMETRY,1,2025-01-19,2025-01-19,1,1,0,THEY HAVE RAYS
GEORGE,GEORGE,1,2024-10-07,2024-10-07,1,1,0,FAMOUS PRIMATES
GEORGIA,GEORGIA,1,2025-09-07,2025-09-07,1,1,0,FONTS
GERM,GERM,1,2025-06-21,2025-06-21,1,1,0,STARTS OF EUROPEAN COUNTRIES
GESTURE,GESTURE,1,2025-02-13,2025-02-13,1,1,0,"DEMONSTRATION, AS OF APPRECIATION"
GET BY,GET BY,1,2024-08-05,2024-08-05,1,1,0,SURVIVE
GET IT,GET IT,1,2024-08-05,2024-08-05,1,1,0,ARE WE CLEAR?
GET WELL,GET WELL,1,2024-08-05,2024-08-05,1,1,0,KINDS OF GREETING CARDS
GETAWAY,GETAWAY,1,2025-10-05,2025-10-05,1,1,0,___ CAR
GETUP,GETUP,1,2025-11-13,2025-11-13,1,1,0,ATTIRE
GEYSER,GEYSER,1,2024-09-06,2024-09-06,1,1,0,WHAT “SPRING” MIGHT REFER TO
GIFT WRAP,GIFT WRAP,1,2026-01-13,2026-01-13,1,1,0,PRESENT GO-WITHS
GIGI,GIGI,1,2026-05-30,2026-05-30,1,1,0,SONG OF THE YEAR NOMINEES AT THE FIRST GRAMMY AWARDS
GIMMICK,GIMMICK,1,2025-04-30,2025-04-30,1,1,0,ENDING WITH SYNONYMS FOR “YUCK”
GIN,GIN,1,2025-07-20,2025-07-20,1,1,0,MARTINI SPECIFICATIONS
GINGER,GINGER,1,2025-07-14,2025-07-14,1,1,0,WORDS BEFORE “ROGER/S”
GINGERBREAD,GINGERBREAD,1,2025-01-29,2025-01-29,1,1,0,___ HOUSE
GINGERBREAD MAN,GINGERBREAD MAN,1,2026-03-19,2026-03-19,1,1,0,FOLK TALE CHARACTERS
GINKGO,GINKGO,1,2025-01-25,2025-01-25,1,1,0,WORDS DERIVED FROM JAPANESE
GIRAFFE,GIRAFFE,1,2025-02-06,2025-02-06,1,1,0,THINGS WITH NECKS
GIVEAWAY,GIVEAWAY,1,2025-02-05,2025-02-05,1,1,0,INDICATION
GIVING,GIVING,1,2024-11-28,2024-11-28,1,1,0,___ TUESDAY
GIZZARD,GIZZARD,1,2025-12-07,2025-12-07,1,1,0,ORGAN MEATS
GLACIER,GLACIER,1,2026-03-16,2026-03-16,1,1,0,THINGS ASSOCIATED WITH BEING SLOW
GLAD-HAND,GLAD-HAND,1,2025-11-25,2025-11-25,1,1,0,STARTING WITH OPTIMISTIC WORDS
GLAM,GLAM,1,2024-08-09,2024-08-09,1,1,0,ROCK GENRES
GLANCE,GLANCE,1,2025-04-20,2025-04-20,1,1,0,GLIMPSE
GLASSES,GLASSES,1,2025-05-23,2025-05-23,1,1,0,WHAT “CAT’S EYE” CAN BE USED TO DESCRIBE
GLEN,GLEN,1,2025-04-26,2025-04-26,1,1,0,VALLEY
GLITCH,GLITCH,1,2025-06-17,2025-06-17,1,1,0,BAD THINGS FOR A WEBSITE TO DO
GLITCHY,GLITCHY,1,2024-11-27,2024-11-27,1,1,0,NOT WORKING RELIABLY
GLOBETROTTER,GLOBETROTTER,1,2026-05-02,2026-05-02,1,1,0,STARTING WITH NEWSPAPER NAMES
GLOSSY,GLOSSY,1,2025-07-13,2025-07-13,1,1,0,SLANG FOR PRINTED MATTER
GLOWING,GLOWING,1,2025-03-04,2025-03-04,1,1,0,ADJECTIVES FOR NICE SKIN
GLOWSTICK,GLOWSTICK,1,2025-01-01,2025-01-01,1,1,0,THINGS THAT LUMINESCE
GLUTE,GLUTE,1,2026-02-01,2026-02-01,1,1,0,MUSICAL INSTRUMENTS PLUS STARTING LETTER
GNARLY,GNARLY,1,2024-11-09,2024-11-09,1,1,0,CONTORTED
GNASH,GNASH,1,2025-02-23,2025-02-23,1,1,0,RUB TOGETHER
GO,GO,1,2025-10-23,2025-10-23,1,1,0,___ BAG
GO OUT,GO OUT,1,2025-12-19,2025-12-19,1,1,0,DINNER OPTIONS
GO-AHEAD,GO-AHEAD,1,2024-06-21,2024-06-21,1,1,0,APPROVAL
GO-GETTER,GO-GETTER,1,2025-11-17,2025-11-17,1,1,0,"STARTING WITH SYNONYMS FOR ""SCRAM!"""
GOA,GOA,1,2026-01-26,2026-01-26,1,1,0,MAMMALS MINUS LAST LETTER
GOALTEND,GOALTEND,1,2026-05-07,2026-05-07,1,1,0,COMMIT A BASKETBALL INFRACTION
GOBLIN,GOBLIN,1,2024-10-23,2024-10-23,1,1,0,GREEN ___
GOD,GOD,1,2025-11-26,2025-11-26,1,1,0,BACKWARDS ANIMALS
GODIVA,GODIVA,1,2024-09-07,2024-09-07,1,1,0,LOGOS WITH HORSES
GOING,GOING,1,2024-12-14,2024-12-14,1,1,0,WORDS IN AN AUCTION-ENDING PHRASE
GOLDEN GATE,GOLDEN GATE,1,2026-01-20,2026-01-20,1,1,0,FAMOUS BRIDGES
GOLDFISH CRACKER,GOLDFISH CRACKER,1,2026-03-27,2026-03-27,1,1,0,THINGS THAT ARE ORANGE
GOLF BAG,GOLF BAG,1,2024-09-01,2024-09-01,1,1,0,WHERE YOU MIGHT FIND “A DRIVER”
GOLF CLUB,GOLF CLUB,1,2025-02-21,2025-02-21,1,1,0,OBJECTS THAT MAY BE RIGHT- OR LEFT-HANDED
GOLF COURSE,GOLF COURSE,1,2025-08-12,2025-08-12,1,1,0,THINGS WITH HOLES
GOLFER,GOLFER,1,2024-11-10,2024-11-10,1,1,0,THINGS THAT SWING
GOLIATH,GOLIATH,1,2025-06-26,2025-06-26,1,1,0,LEGAL DRAMAS
GOOD RIDDANCE,GOOD RIDDANCE,1,2025-10-13,2025-10-13,1,1,0,WORDS AFTER A WELCOME DEPARTURE
GOOD SHEPHERD,GOOD SHEPHERD,1,2025-09-25,2025-09-25,1,1,0,"MATT DAMON MOVIES, WITH ""THE"""
GOODEN,GOODEN,1,2025-12-13,2025-12-13,1,1,0,NEW YORK METS LEGENDS
GOODFELLA,GOODFELLA,1,2024-10-17,2024-10-17,1,1,0,MOVIES WITH “S” REMOVED
GOODNESS,GOODNESS,1,2025-04-18,2025-04-18,1,1,0,INTERJECTIONS
GOOGOL,GOOGOL,1,2026-04-05,2026-04-05,1,1,0,"STARTING WITH SYNONYMS FOR ""SLUSH"""
GOOSEBUMP,GOOSEBUMP,1,2026-01-08,2026-01-08,1,1,0,BIT OF A RESPONSE TO STRONG EMOTIONS
GOREY,GOREY,1,2026-01-29,2026-01-29,1,1,0,"HOMOPHONES OF WORDS MEANING ""BRUTAL"""
GOSSAMER,GOSSAMER,1,2026-06-07,2026-06-07,1,1,0,"TRANSLUCENT, AS FABRIC"
GOSSIP,GOSSIP,1,2026-03-04,2026-03-04,1,1,0,"""___ GIRL"" TITLES"
GOTCHA,GOTCHA,1,2025-02-14,2025-02-14,1,1,0,WORDS SAID TO AN UNSUSPECTING PERSON
GOTH,GOTH,1,2024-08-09,2024-08-09,1,1,0,ROCK GENRES
GOTHIC,GOTHIC,1,2025-04-13,2025-04-13,1,1,0,FONT-MODIFYING WORDS
GOUACHE,GOUACHE,1,2026-06-04,2026-06-04,1,1,0,PAINTING MEDIA
GOWN,GOWN,1,2026-04-15,2026-04-15,1,1,0,GRADUATION GEAR
GRACEFUL,GRACEFUL,1,2024-07-20,2024-07-20,1,1,0,EFFORTLESS
GRACIOUS,GRACIOUS,1,2025-12-10,2025-12-10,1,1,0,"""MY GOODNESS!"""
GRADUATE,GRADUATE,1,2024-09-16,2024-09-16,1,1,0,THINGS THAT ARE CAPPED
GRAF,GRAF,1,2025-08-07,2025-08-07,1,1,0,WIMBLEDON WINNERS
GRAFFITI,GRAFFITI,1,2026-03-29,2026-03-29,1,1,0,IMAGES SEEN ON THE STREET
GRAMMY,GRAMMY,1,2024-12-03,2024-12-03,1,1,0,FAMILIAL NICKNAMES
GRANDS,GRANDS,1,2025-11-27,2025-11-27,1,1,0,RHYMES FOR NEW YORK TIMES GAMES
GRANDSTAND,GRANDSTAND,1,2025-06-03,2025-06-03,1,1,0,BE OSTENTATIOUS
GRAPE MUST,GRAPE MUST,1,2026-06-02,2026-06-02,1,1,0,ENDING IN MODAL AUXILIARY VERBS
GRAPH,GRAPH,1,2024-12-17,2024-12-17,1,1,0,KINDS OF PAPER
GRASSHOPPER,GRASSHOPPER,1,2026-02-26,2026-02-26,1,1,0,GREEN THINGS
GRAVITY,GRAVITY,1,2024-09-27,2024-09-27,1,1,0,SIGNIFICANCE
GRAY,GRAY,1,2025-06-18,2025-06-18,1,1,0,QUALITIES OF A RAINY DAY
GRAYSCALE,GRAYSCALE,1,2024-09-22,2024-09-22,1,1,0,COLOR TYPES
GREASE,GREASE,1,2025-04-22,2025-04-22,1,1,0,THINGS THAT ARE SLIPPERY
GRECO,GRECO,1,2025-12-07,2025-12-07,1,1,0,EL ___
GREEK,GREEK,1,2024-08-31,2024-08-31,1,1,0,KINDS OF SALAD
GREEK/ROMAN GOD,GREEK/ROMAN GOD,1,2025-09-25,2025-09-25,1,1,0,"NAMED ""APOLLO"""
GREEN CHEESE,GREEN CHEESE,1,2026-02-20,2026-02-20,1,1,0,ASSOCIATED WITH THE MOON
GREEN DAY,GREEN DAY,1,2026-04-01,2026-04-01,1,1,1,ROCK BANDS
GREEN GODDESS,GREEN GODDESS,1,2026-06-16,2026-06-16,1,1,0,CREAMY SALAD DRESSINGS
GREEN LIGHT,GREEN LIGHT,1,2024-06-21,2024-06-21,1,1,0,APPROVAL
GREENLIGHT,GREENLIGHT,1,2025-07-04,2025-07-04,1,1,0,WHAT “OK” MIGHT REFER TO
GREETING,GREETING,1,2025-12-22,2025-12-22,1,1,0,KINDS OF CARDS
GREMLIN,GREMLIN,1,2026-03-08,2026-03-08,1,1,0,"HORROR MOVIES MINUS ""S"""
GREY,GREY,1,2024-07-12,2024-07-12,1,1,0,___ GOOSE
GRID,GRID,1,2025-01-11,2025-01-11,1,1,0,DISPLAY OF ROWS AND COLUMNS
GRIFFIN,GRIFFIN,1,2025-02-02,2025-02-02,1,1,0,TV COMEDY FAMILIES
GRIMM,GRIMM,1,2026-01-29,2026-01-29,1,1,0,"HOMOPHONES OF WORDS MEANING ""BRUTAL"""
GRINDSTONE,GRINDSTONE,1,2026-06-14,2026-06-14,1,1,0,THINGS THAT SPIN
GRITS,GRITS,1,2024-12-27,2024-12-27,1,1,0,BREAKFAST SIDES
GRIZZLY,GRIZZLY,1,2026-01-29,2026-01-29,1,1,0,"HOMOPHONES OF WORDS MEANING ""BRUTAL"""
GROAN,GROAN,1,2025-07-30,2025-07-30,1,1,0,ANAGRAMS OF MUSICAL INSTRUMENTS
GROSS,GROSS,1,2025-01-05,2025-01-05,1,1,0,EARN
GROUND,GROUND,1,2026-04-03,2026-04-03,1,1,0,___ CONTROL
GROUNDHOG,GROUNDHOG,1,2026-05-20,2026-05-20,1,1,0,"""___ DAY"" MOVIES"
GROUSE,GROUSE,1,2025-02-02,2025-02-02,1,1,0,BIRDS THAT ARE VERBS
GROW,GROW,1,2024-09-26,2024-09-26,1,1,0,"INCREASE, IN A WAY"
GROWLER,GROWLER,1,2025-04-17,2025-04-17,1,1,0,UNITS OF BEER
GROWN,GROWN,1,2024-12-20,2024-12-20,1,1,0,COMPLAINT HOMOPHONES
GRUFF,GRUFF,1,2024-07-31,2024-07-31,1,1,0,RASPY
GRUMBLE,GRUMBLE,1,2024-11-12,2024-11-12,1,1,0,COMPLAIN
GRUMPY OLD MAN,GRUMPY OLD MAN,1,2025-11-21,2025-11-21,1,1,0,PIXAR PROTAGONISTS
GUARANTEE,GUARANTEE,1,2025-06-01,2025-06-01,1,1,0,"ENSURE, AS A VICTORY"
GUESS,GUESS,1,2025-07-31,2025-07-31,1,1,0,SECOND ___
GUESS WHO,GUESS WHO,1,2025-02-14,2025-02-14,1,1,0,WORDS SAID TO AN UNSUSPECTING PERSON
GUILD,GUILD,1,2024-11-17,2024-11-17,1,1,0,ALLIANCE
GUILT,GUILT,1,2025-02-13,2025-02-13,1,1,0,___ TRIP
GUINEA PIG,GUINEA PIG,1,2024-08-06,2024-08-06,1,1,0,ONE IN A RESEARCH STUDY
GULF,GULF,1,2025-08-29,2025-08-29,1,1,0,PLACES THAT SELL GAS
GULLY,GULLY,1,2025-01-14,2025-01-14,1,1,0,BIRD PLUS LETTER
GUMP,GUMP,1,2026-02-14,2026-02-14,1,1,0,TOM HANKS ROLES
GUMSHOE,GUMSHOE,1,2026-04-25,2026-04-25,1,1,0,OLD TIMEY SLANG FOR LAW ENFORCEMENT
GUSH,GUSH,1,2025-12-14,2025-12-14,1,1,0,LAY IT ON THICK
GUSHER,GUSHER,1,2025-10-28,2025-10-28,1,1,0,ONE-NAMED SINGER PLUS STARTING LETTER
GUT,GUT,1,2026-06-07,2026-06-07,1,1,0,DEMOLISH
GUT FEELING,GUT FEELING,1,2026-05-14,2026-05-14,1,1,0,PREMONITION
GUTS,GUTS,1,2025-02-23,2025-02-23,1,1,0,PROVERBIAL THINGS THAT ARE SPILLED
GUTTER,GUTTER,1,2024-07-29,2024-07-29,1,1,0,THINGS WITH SPOUTS
GYROSCOPE,GYROSCOPE,1,2026-06-14,2026-06-14,1,1,0,THINGS THAT SPIN
HACK,HACK,1,2024-07-07,2024-07-07,1,1,0,SLANGY NAMES FOR PROFESSIONS
HACK IT,HACK IT,1,2024-08-05,2024-08-05,1,1,0,SURVIVE
HACKY SACK,HACKY SACK,1,2026-05-04,2026-05-04,1,1,0,PELLET-FILLED THINGS
HAIKU,HAIKU,1,2025-10-06,2025-10-06,1,1,0,STARTING WITH HOMOPHONES OF GREETINGS
HALLOWEEN,HALLOWEEN,1,2025-07-27,2025-07-27,1,1,0,ASSOCIATED WITH TRICKS
HALLWAY,HALLWAY,1,2025-10-01,2025-10-01,1,1,0,ECHOEY PLACES
HAMLET,HAMLET,1,2026-05-27,2026-05-27,1,1,0,SMALL COMMUNITY
HAMMOCK,HAMMOCK,1,2024-10-26,2024-10-26,1,1,0,PLACES TO LIE/SIT THAT MOVE
HAMMY,HAMMY,1,2025-07-16,2025-07-16,1,1,0,"EXAGGERATED, AS A PERFORMANCE"
HAMPER,HAMPER,1,2024-07-17,2024-07-17,1,1,0,HINDER
HAN,HAN,1,2025-09-05,2025-09-05,1,1,0,CHINESE DYNASTIES
HANDKERCHIEF,HANDKERCHIEF,1,2026-04-13,2026-04-13,1,1,0,ACCESSORIES FOR A MAGICIAN
HANDLES,HANDLES,1,2025-10-21,2025-10-21,1,1,0,TAKES ON
HANDSHAKE,HANDSHAKE,1,2026-01-12,2026-01-12,1,1,0,PROMISE
HANDSOME,HANDSOME,1,2024-12-26,2024-12-26,1,1,0,"SIZABLE, AS AN AMOUNT"
HANG-UP,HANG-UP,1,2025-10-20,2025-10-20,1,1,0,AFFLICTION
HANGDOG,HANGDOG,1,2025-02-02,2025-02-02,1,1,0,DEJECTED
HANK,HANK,1,2025-04-02,2025-04-02,1,1,0,WILLIAMSES
HAPPENING,HAPPENING,1,2025-06-27,2025-06-27,1,1,0,IN FASHION
HAPPINESS,HAPPINESS,1,2025-06-22,2025-06-22,1,1,0,NOUNS FROM A FAMOUS LINE IN THE DECLARATION OF INDEPENDENCE
HAPPY HOUR,HAPPY HOUR,1,2025-10-13,2025-10-13,1,1,0,BAR EVENTS
HAPPY MEAL,HAPPY MEAL,1,2025-11-25,2025-11-25,1,1,0,STARTING WITH OPTIMISTIC WORDS
HAR-HAR,HAR-HAR,1,2024-10-07,2024-10-07,1,1,0,SOUNDS OF LAUGHTER
HARD,HARD,1,2024-12-17,2024-12-17,1,1,0,KINDS OF TENNIS COURTS
HARD BOILED,HARD BOILED,1,2025-11-14,2025-11-14,1,1,0,CLASSIC '90S ACTION FILMS
HARD FEELINGS,HARD FEELINGS,1,2025-07-17,2025-07-17,1,1,0,WORDS AFTER “NO” TO MEAN “IT’S ALL GOOD”
HARD HAT,HARD HAT,1,2026-03-01,2026-03-01,1,1,0,CONSTRUCTION EQUIPMENT
HARD TACO,HARD TACO,1,2025-09-09,2025-09-09,1,1,0,THINGS WITH SHELLS
HARD-SHELL,HARD-SHELL,1,2025-09-23,2025-09-23,1,1,0,KINDS OF LUGGAGE
HARDEN,HARDEN,1,2026-02-25,2026-02-25,1,1,0,JAMESES
HARDWARE STORE,HARDWARE STORE,1,2026-03-26,2026-03-26,1,1,0,THEY HAVE BOLTS
HARE,HARE,1,2024-08-11,2024-08-11,1,1,0,HOMOPHONES OF BODY FEATURES
HAREM,HAREM,1,2025-12-13,2025-12-13,1,1,0,WIDE-LEGGED PANT STYLES
HARK,HARK,1,2025-10-14,2025-10-14,1,1,0,ANIMALS MINUS STARTING LETTER
HARMONY,HARMONY,1,2025-04-04,2025-04-04,1,1,0,COMPANIES WITH “E” REMOVED
HARRY,HARRY,1,2025-08-26,2025-08-26,1,1,0,PESTER
HARVARD,HARVARD,1,2024-10-17,2024-10-17,1,1,0,___ LAW
HARVEST,HARVEST,1,2025-02-21,2025-02-21,1,1,0,"COLLECT, AS FROM AN ORCHARD"
HASSLE,HASSLE,1,2026-04-15,2026-04-15,1,1,0,TEDIOUS UNDERTAKING
HAT TRICK,HAT TRICK,1,2024-09-25,2024-09-25,1,1,0,TRIO OF SPORTS ACHIEVEMENTS
HAUL,HAUL,1,2025-11-02,2025-11-02,1,1,0,GOODS TO BE TRANSPORTED
HAUNTED,HAUNTED,1,2025-01-29,2025-01-29,1,1,0,___ HOUSE
HAUNTING,HAUNTING,1,2025-04-18,2025-04-18,1,1,0,"HORROR MOVIES, WITH “THE”"
HAUTE,HAUTE,1,2024-10-22,2024-10-22,1,1,0,BRAND-NAME
HAVE,HAVE,1,2024-10-28,2024-10-28,1,1,0,CHURCH OF ENGLAND WEDDING VOW VERBS
HAVEN,HAVEN,1,2024-12-01,2024-12-01,1,1,0,SANCTUARY
HAWAIIAN,HAWAIIAN,1,2025-05-13,2025-05-13,1,1,0,KINDS OF PIZZA
HAWKING,HAWKING,1,2025-06-26,2025-06-26,1,1,0,ENDING WITH PLAYING CARDS
HEADER,HEADER,1,2025-04-05,2025-04-05,1,1,0,PARTS OF A WEBSITE
HEADQUARTER,HEADQUARTER,1,2026-01-12,2026-01-12,1,1,0,ENDING IN U.S. COINS
HEALTHY,HEALTHY,1,2024-12-26,2024-12-26,1,1,0,"SIZABLE, AS AN AMOUNT"
HEARING,HEARING,1,2024-11-03,2024-11-03,1,1,0,LEGAL SESSION
HEART AND SOUL,HEART AND SOUL,1,2026-06-19,2026-06-19,1,1,0,THINGS A BEGINNER MIGHT LEARN ON THE PIANO
HEART EMOJI,HEART EMOJI,1,2026-01-09,2026-01-09,1,1,0,THINGS THAT ARE RED
HEARTBREAKER,HEARTBREAKER,1,2025-09-15,2025-09-15,1,1,0,MEMBER OF A CLASSIC BACKING BAND
HEARTY,HEARTY,1,2025-02-18,2025-02-18,1,1,0,"SUBSTANTIAL, AS A MEAL"
HEAT INDEX,HEAT INDEX,1,2025-10-17,2025-10-17,1,1,0,WEATHER TERMS
HEATED,HEATED,1,2026-02-04,2026-02-04,1,1,0,STARTING WITH NBA TEAMS
HEATHER,HEATHER,1,2025-09-23,2025-09-23,1,1,0,TITLE CHARACTERS IN '80S MOVIES
HEATHERS,HEATHERS,1,2026-01-08,2026-01-08,1,1,0,STARTING WITH CANDY BARS
HEATING,HEATING,1,2024-08-25,2024-08-25,1,1,0,WORDS THAT MAKE UP THE ACRONYM “HVAC”
HEAVENS,HEAVENS,1,2025-12-10,2025-12-10,1,1,0,"""MY GOODNESS!"""
HEDGE MAZE,HEDGE MAZE,1,2025-01-27,2025-01-27,1,1,0,SEEN IN “THE SHINING”
HEE,HEE,1,2026-03-11,2026-03-11,1,1,0,PRONOUN HOMOPHONES
HEELS,HEELS,1,2024-08-03,2024-08-03,1,1,0,THINGS TO CLICK
HELD,HELD,1,2025-01-29,2025-01-29,1,1,0,OWNED
HELEN,HELEN,1,2024-12-04,2024-12-04,1,1,0,FIGURES IN GREEK MYTH
HELENA,HELENA,1,2025-03-07,2025-03-07,1,1,0,U.S. CITIES
HELICOPTER,HELICOPTER,1,2026-04-24,2026-04-24,1,1,0,THEY HAVE BLADES
HELIX,HELIX,1,2025-05-25,2025-05-25,1,1,0,EAR PIERCING SITES
HELL,HELL,1,2025-05-03,2025-05-03,1,1,0,“WILL” CONTRACTIONS WITHOUT THE APOSTROPHE
HELONIUM,HELONIUM,1,2025-10-06,2025-10-06,1,1,0,STARTING WITH HOMOPHONES OF GREETINGS
HELPING,HELPING,1,2026-01-30,2026-01-30,1,1,0,___ HAND
HELTER SKELTER,HELTER SKELTER,1,2026-06-24,2026-06-24,1,1,0,RHYMING COMPOUND WORDS
HENHOUSE,HENHOUSE,1,2025-03-24,2025-03-24,1,1,0,THINGS WITH LAYERS
HERALD,HERALD,1,2024-12-02,2024-12-02,1,1,0,ANNOUNCE
HERALDRY,HERALDRY,1,2026-05-02,2026-05-02,1,1,0,STARTING WITH NEWSPAPER NAMES
HERCULE,HERCULE,1,2025-12-13,2025-12-13,1,1,0,GREEK MYTHOLOGICAL FIGURES MINUS A LETTER
HERMIT,HERMIT,1,2024-11-18,2024-11-18,1,1,0,___ CRAB
HERRINGBONE,HERRINGBONE,1,2025-11-07,2025-11-07,1,1,0,TEXTILE PATTERNS
HERSHEY,HERSHEY,1,2024-12-28,2024-12-28,1,1,0,STARTING WITH POSSESSIVE PRONOUNS
HESITATE,HESITATE,1,2025-02-28,2025-02-28,1,1,0,BE INDECISIVE
HEX KEY,HEX KEY,1,2026-06-12,2026-06-12,1,1,0,STARTING WITH INCANTATIONS
HEYDAY,HEYDAY,1,2025-10-24,2025-10-24,1,1,0,BEST YEARS
HI,HI,1,2024-08-16,2024-08-16,1,1,0,U.S. STATE ABBREVIATIONS
HICCUP,HICCUP,1,2026-05-05,2026-05-05,1,1,0,INVOLUNTARY ACTIONS
HIDE,HIDE,1,2026-01-17,2026-01-17,1,1,0,FIRST WORDS OF KIDS' GAMES
HIGH-END,HIGH-END,1,2024-10-22,2024-10-22,1,1,0,BRAND-NAME
HIGHLIGHTER,HIGHLIGHTER,1,2025-11-11,2025-11-11,1,1,0,MAKEUP
HILL,HILL,1,2024-09-27,2024-09-27,1,1,0,AREA OF HIGH GROUND
HILLS,HILLS,1,2025-04-07,2025-04-07,1,1,0,FOOT___
HINGE,HINGE,1,2025-01-10,2025-01-10,1,1,0,BE CONTINGENT (ON)
HIPPIE,HIPPIE,1,2026-05-03,2026-05-03,1,1,0,ASSOCIATED WITH 1960S COUNTERCULTURE
HIPPODROME,HIPPODROME,1,2025-08-23,2025-08-23,1,1,0,ARENA
HIPS,HIPS,1,2026-04-19,2026-04-19,1,1,0,DRESS MEASUREMENTS
HITMAN,HITMAN,1,2025-06-20,2025-06-20,1,1,0,"PRO WRESTLING ICONS, WITH “THE”"
HITS,HITS,1,2024-12-27,2024-12-27,1,1,0,"PUSHES, AS A BUTTON"
HOARSE,HOARSE,1,2024-07-31,2024-07-31,1,1,0,RASPY
HOBGOBLIN,HOBGOBLIN,1,2025-07-23,2025-07-23,1,1,0,DREAD-INDUCING FIGURES
HOBO,HOBO,1,2026-04-21,2026-04-21,1,1,0,KINDS OF BAGS
HOCK,HOCK,1,2025-10-18,2025-10-18,1,1,0,"HOMOPHONES OF SYNONYMS FOR ""VEND"""
HOCKEY,HOCKEY,1,2026-06-25,2026-06-25,1,1,0,STARTING WITH BIRD HOMOPHONES
HOEDOWN,HOEDOWN,1,2026-04-06,2026-04-06,1,1,0,EVENTS WITH DANCING
HOHO,HOHO,1,2024-12-16,2024-12-16,1,1,0,SNACK CAKES
HOISIN,HOISIN,1,2026-02-17,2026-02-17,1,1,0,SAUCES IN CHINESE CUISINE
HOLD TIGHT,HOLD TIGHT,1,2025-12-04,2025-12-04,1,1,0,CUDDLE
HOLDER,HOLDER,1,2025-11-11,2025-11-11,1,1,0,OBJECT USED FOR SUPPORT
HOLES,HOLES,1,2026-04-06,2026-04-06,1,1,0,COMPONENTS OF WHAC-A-MOLE
HOLEY,HOLEY,1,2026-04-10,2026-04-10,1,1,0,DESCRIPTORS FOR SWISS CHEESE
HOLIDAY,HOLIDAY,1,2025-10-05,2025-10-05,1,1,0,MADONNA SONGS
HOLLYWOOD,HOLLYWOOD,1,2025-05-16,2025-05-16,1,1,0,ENDING WITH BUILDING MATERIALS
HOLMES,HOLMES,1,2025-05-20,2025-05-20,1,1,0,DETECTIVES OF KID-LIT
HOME PLATE,HOME PLATE,1,2026-05-08,2026-05-08,1,1,0,FIVE-SIDED THINGS
HOME RUN,HOME RUN,1,2024-09-25,2024-09-25,1,1,0,___ DERBY
HOMEROOM,HOMEROOM,1,2025-01-25,2025-01-25,1,1,0,SCHOOL PERIODS
HOMEWORK,HOMEWORK,1,2025-06-19,2025-06-19,1,1,0,COMPONENTS OF ONE’S GRADE
HOMEY,HOMEY,1,2024-10-15,2024-10-15,1,1,0,FICTIONAL CLOWNS
HONEYBEE,HONEYBEE,1,2025-12-09,2025-12-09,1,1,0,STRIPED ANIMALS
HONK,HONK,1,2024-10-12,2024-10-12,1,1,0,BIRD ONOMATOPOEIA
HONKER,HONKER,1,2025-01-31,2025-01-31,1,1,0,SCHNOZZ
HOOCH,HOOCH,1,2025-06-14,2025-06-14,1,1,0,DOGS OF THE SCREEN
HOOD,HOOD,1,2026-01-25,2026-01-25,1,1,0,SUFFIXES
HOOF,HOOF,1,2024-10-13,2024-10-13,1,1,0,MADE OF KERATIN
HOOKS,HOOKS,1,2025-05-24,2025-05-24,1,1,0,BLACK WOMEN AUTHORS
HOOTENANNY,HOOTENANNY,1,2026-03-14,2026-03-14,1,1,0,ENDING IN FEMALE ANIMALS
HOPE,HOPE,1,2025-04-26,2025-04-26,1,1,0,BOBS
HORIZONTAL BISECTION,HORIZONTAL BISECTION,1,2026-05-06,2026-05-06,1,1,1,FLAG DESIGNS
HORIZONTAL TRISECTION,HORIZONTAL TRISECTION,1,2026-05-06,2026-05-06,1,1,1,FLAG DESIGNS
HORNETS,HORNETS,1,2025-10-21,2025-10-21,1,1,0,N.B.A. TEAMS
HORNETS’ NEST,HORNETS’ NEST,1,2024-12-28,2024-12-28,1,1,0,PROVERBIAL THINGS TO KICK
HORNET’S NEST,HORNET’S NEST,1,2025-10-13,2025-10-13,1,1,0,METAPHORS FOR POTENTIALLY VOLATILE SITUATIONS
HORS D'OEUVRE,HORS D'OEUVRE,1,2026-03-01,2026-03-01,1,1,0,LITTLE BITE
HOSPITAL,HOSPITAL,1,2025-03-23,2025-03-23,1,1,0,THINGS WITH WINGS
HOT DOG,HOT DOG,1,2024-07-23,2024-07-23,1,1,0,ONE WHO LIKES SHOWING OFF
HOT SAUCE,HOT SAUCE,1,2025-02-23,2025-02-23,1,1,0,BREAKFAST CONDIMENTS
HOT SEAT,HOT SEAT,1,2026-03-09,2026-03-09,1,1,0,METAPHORS FOR PUBLIC SCRUTINY
HOT TUB NOZZLE,HOT TUB NOZZLE,1,2025-06-30,2025-06-30,1,1,0,WHAT “JET” MIGHT REFER TO
HOT WATER,HOT WATER,1,2026-03-17,2026-03-17,1,1,0,METAPHORS FOR TROUBLE
HOUNDSTOOTH,HOUNDSTOOTH,1,2025-11-07,2025-11-07,1,1,0,TEXTILE PATTERNS
HOVER,HOVER,1,2025-08-07,2025-08-07,1,1,0,MOUSE ACTIONS
HOWARD,HOWARD,1,2024-08-29,2024-08-29,1,1,0,U.S. COLLEGES/UNIVERSITIES
HOWL,HOWL,1,2024-11-20,2024-11-20,1,1,0,SOUND LIKE A DOG
HUBRIS,HUBRIS,1,2025-04-15,2025-04-15,1,1,0,ELEMENTS OF GREEK DRAMA
HUGGING,HUGGING,1,2025-06-12,2025-06-12,1,1,0,GETTING COZY
HULA HOOP,HULA HOOP,1,2025-11-07,2025-11-07,1,1,0,THINGS WITH HOLES IN THE MIDDLE
HULK,HULK,1,2025-05-22,2025-05-22,1,1,0,CHARACTERS WITH GREEN SKIN
HULL,HULL,1,2025-06-24,2025-06-24,1,1,0,BOTANICAL COVERINGS
HUMBLE,HUMBLE,1,2025-07-22,2025-07-22,1,1,0,___ PIE
HUMDRUM,HUMDRUM,1,2025-11-16,2025-11-16,1,1,0,RUN-OF-THE-MILL
HUMPTY DUMPTY,HUMPTY DUMPTY,1,2026-06-24,2026-06-24,1,1,0,RHYMING COMPOUND WORDS
HUNKY-DORY,HUNKY-DORY,1,2025-06-03,2025-06-03,1,1,0,COPACETIC
HUNTING,HUNTING,1,2026-03-26,2026-03-26,1,1,0,FOOD PROCUREMENT METHODS
HUR,HUR,1,2026-04-30,2026-04-30,1,1,0,HOMOPHONES OF POSSESSIVE ADJECTIVES
HURDLE,HURDLE,1,2025-11-27,2025-11-27,1,1,0,RHYMES FOR NEW YORK TIMES GAMES
HURLY-BURLY,HURLY-BURLY,1,2026-04-25,2026-04-25,1,1,0,"STARTING WITH SYNONYMS FOR ""THROW"""
HURRICANE,HURRICANE,1,2026-04-03,2026-04-03,1,1,0,COCKTAIL GLASSES
HURTLE,HURTLE,1,2025-12-07,2025-12-07,1,1,0,MOVE AT BREAKNECK SPEED
HUSH,HUSH,1,2025-05-06,2025-05-06,1,1,0,SILENCE
HUSH-HUSH,HUSH-HUSH,1,2026-06-02,2026-06-02,1,1,0,CLANDESTINE
HUSK,HUSK,1,2025-06-24,2025-06-24,1,1,0,BOTANICAL COVERINGS
HYBRID,HYBRID,1,2024-09-28,2024-09-28,1,1,0,COMPOSITE
HYDRANT,HYDRANT,1,2025-03-16,2025-03-16,1,1,0,STARTING WITH CONSTELLATIONS
HYDRATE,HYDRATE,1,2025-06-07,2025-06-07,1,1,0,TIPS FOR WORKING OUT SAFELY
HYPHEN,HYPHEN,1,2025-02-26,2025-02-26,1,1,0,MADE WITH HORIZONTAL LINES
IBM LOGO,IBM LOGO,1,2025-11-16,2025-11-16,1,1,0,STRIPY THINGS
ICE BREAKERS,ICE BREAKERS,1,2025-09-28,2025-09-28,1,1,0,GUM BRANDS
ICE CREAM,ICE CREAM,1,2026-03-11,2026-03-11,1,1,0,KINDS OF CONES
ICE SCRAPER,ICE SCRAPER,1,2026-04-11,2026-04-11,1,1,0,FOUND IN THE TRUNK OF A CAR
ICE SKATES,ICE SKATES,1,2026-04-24,2026-04-24,1,1,0,THEY HAVE BLADES
ICEBERG,ICEBERG,1,2025-04-24,2025-04-24,1,1,0,KINDS OF LETTUCE
ICECAPS,ICECAPS,1,2025-08-28,2025-08-28,1,1,0,ENDING WITH KEYBOARD KEYS
ICING,ICING,1,2025-07-21,2025-07-21,1,1,0,ADDITIONAL PERK
IDAHO,IDAHO,1,2025-07-04,2025-07-04,1,1,0,WHAT “ID” MIGHT REFER TO
IDEATE,IDEATE,1,2024-07-03,2024-07-03,1,1,0,"DEVELOP, AS IDEAS"
IGNORE,IGNORE,1,2024-11-26,2024-11-26,1,1,0,DISREGARD
IKEA FURNITURE,IKEA FURNITURE,1,2025-12-04,2025-12-04,1,1,0,THINGS YOU ASSEMBLE
ILLUSION,ILLUSION,1,2025-12-18,2025-12-18,1,1,0,BIT OF WISHFUL THINKING
ILLUSTRATION,ILLUSTRATION,1,2026-03-28,2026-03-28,1,1,0,TEXTBOOK IMAGES
IMAGINE,IMAGINE,1,2024-09-20,2024-09-20,1,1,0,PRESUME
IMITATION,IMITATION,1,2025-03-08,2025-03-08,1,1,0,FAUX
IMPORT,IMPORT,1,2024-09-27,2024-09-27,1,1,0,SIGNIFICANCE
IMPORTANT,IMPORTANT,1,2025-10-10,2025-10-10,1,1,0,SIGNIFICANT
IMPOSSIBLE,IMPOSSIBLE,1,2026-05-30,2026-05-30,1,1,0,"""IN YOUR DREAMS"""
IMPRESSIVE,IMPRESSIVE,1,2024-09-21,2024-09-21,1,1,0,“GREAT JOB!”
INANIMATE,INANIMATE,1,2025-06-16,2025-06-16,1,1,0,EXPRESSIONLESS
INCENSE,INCENSE,1,2024-10-19,2024-10-19,1,1,0,THINGS THAT ARE OFTEN SCENTED
INCLUDE,INCLUDE,1,2025-12-09,2025-12-09,1,1,0,BEAR IN MIND
INCOME TAX,INCOME TAX,1,2026-06-27,2026-06-27,1,1,0,MONOPOLY SQUARES
INCREDIBLE,INCREDIBLE,1,2025-12-06,2025-12-06,1,1,0,MEMBER OF A TITULAR GROUP IN AN ANIMATION FRANCHISE
INCUBATOR,INCUBATOR,1,2026-03-05,2026-03-05,1,1,0,PLACES WHERE IDEAS ARE DEVELOPED
INCUBUS,INCUBUS,1,2026-06-05,2026-06-05,1,1,0,ENDING IN METHODS OF TRANSPORTATION
INDEPENDENCE,INDEPENDENCE,1,2026-05-20,2026-05-20,1,1,0,"""___ DAY"" MOVIES"
INDICT,INDICT,1,2025-11-01,2025-11-01,1,1,0,TAKE TO COURT
INDULGE,INDULGE,1,2025-02-14,2025-02-14,1,1,0,MOLLYCODDLE
INDUSTRIAL,INDUSTRIAL,1,2026-05-03,2026-05-03,1,1,0,FAMOUS REVOLUTIONS IN HISTORY
INDY,INDY,1,2024-12-08,2024-12-08,1,1,0,HOMOPHONES OF MUSIC GENRES
INFERIORITY,INFERIORITY,1,2026-02-15,2026-02-15,1,1,0,KINDS OF COMPLEXES
INFIELD,INFIELD,1,2025-04-29,2025-04-29,1,1,0,"WHAT ""DIAMOND"" CAN REFER TO"
INFINITIVE,INFINITIVE,1,2026-02-21,2026-02-21,1,1,0,CAR BRANDS PLUS TWO LETTERS
INFLUENCER,INFLUENCER,1,2024-09-24,2024-09-24,1,1,0,ONLINE PERSONALITY
INFO,INFO,1,2024-09-18,2024-09-18,1,1,0,LOWDOWN
INFORMATION,INFORMATION,1,2025-12-19,2025-12-19,1,1,0,FINDINGS
INHABIT,INHABIT,1,2024-09-15,2024-09-15,1,1,0,RESIDE
INHALE,INHALE,1,2026-02-23,2026-02-23,1,1,0,EAT VORACIOUSLY
INITIAL,INITIAL,1,2025-07-28,2025-07-28,1,1,0,FOREMOST
INKS,INKS,1,2026-01-17,2026-01-17,1,1,0,ANAGRAMS
INKY,INKY,1,2025-11-01,2025-11-01,1,1,0,BLACK
INLAND,INLAND,1,2024-12-10,2024-12-10,1,1,0,COUNTRIES MINUS FIRST LETTER
INNER TUBE,INNER TUBE,1,2025-11-07,2025-11-07,1,1,0,THINGS WITH HOLES IN THE MIDDLE
INQUIRY,INQUIRY,1,2024-11-03,2024-11-03,1,1,0,LEGAL SESSION
INSECT,INSECT,1,2025-08-21,2025-08-21,1,1,0,THINGS WITH ANTENNA/E
INSECURE,INSECURE,1,2025-06-22,2025-06-22,1,1,0,HBO SHOWS
INSET,INSET,1,2025-09-14,2025-09-14,1,1,0,MAP FEATURES
INSIST,INSIST,1,2025-01-30,2025-01-30,1,1,0,"KEEP GOING ON ABOUT, WITH “ON”"
INSPIRE,INSPIRE,1,2024-10-19,2024-10-19,1,1,0,BRING ABOUT
INSTITUTE,INSTITUTE,1,2025-06-07,2025-06-07,1,1,0,ESTABLISH
INSTITUTES,INSTITUTES,1,2025-10-12,2025-10-12,1,1,0,ESTABLISHES
INSTRUMENT,INSTRUMENT,1,2025-07-30,2025-07-30,1,1,0,MEANS
INSULT,INSULT,1,2024-10-19,2024-10-19,1,1,0,THINGS THAT MIGHT STING
INTENSITY,INTENSITY,1,2026-05-20,2026-05-20,1,1,0,POTENCY
INTERACTION,INTERACTION,1,2025-07-03,2025-07-03,1,1,0,CORRESPONDENCE
INTERCOM,INTERCOM,1,2025-03-11,2025-03-11,1,1,0,THINGS THAT RING
INTERIOR,INTERIOR,1,2026-05-02,2026-05-02,1,1,0,U.S. CABINET DEPARTMENTS
INTERMEDIATE,INTERMEDIATE,1,2026-01-12,2026-01-12,1,1,0,EXPERIENCE LEVELS
INTERN,INTERN,1,2024-10-29,2024-10-29,1,1,0,MEDICAL ROLES
INTERNET,INTERNET,1,2024-11-18,2024-11-18,1,1,0,MONTHLY EXPENSES
INTERNET CAFE,INTERNET CAFE,1,2026-03-07,2026-03-07,1,1,0,WHERE YOU MIGHT MAKE A CONNECTION
INTERRUPT,INTERRUPT,1,2025-01-24,2025-01-24,1,1,0,RUDE THINGS TO DO
INTERVIEW,INTERVIEW,1,2026-02-10,2026-02-10,1,1,0,DVD BONUS FEATURES
INTIMACY,INTIMACY,1,2025-08-02,2025-08-02,1,1,0,POLITE TERMS FOR SEX
INTIMATE,INTIMATE,1,2024-12-24,2024-12-24,1,1,0,"BELOVED, AS A FRIEND"
INTONATION,INTONATION,1,2025-11-28,2025-11-28,1,1,0,PHONETIC ELEMENTS OF SPEECH
INTRO CLASS,INTRO CLASS,1,2025-04-19,2025-04-19,1,1,0,REPRESENTED BY THREE-DIGIT NUMBERS
INTRODUCTION,INTRODUCTION,1,2025-09-01,2025-09-01,1,1,0,FIRST APPEARANCE
INTUIT,INTUIT,1,2024-12-05,2024-12-05,1,1,0,TECH COMPANIES
INTUITION,INTUITION,1,2026-05-14,2026-05-14,1,1,0,PREMONITION
INVISIBLE,INVISIBLE,1,2026-06-08,2026-06-08,1,1,0,"""THE ___ MAN"" MOVIES"
INVOICE,INVOICE,1,2025-02-05,2025-02-05,1,1,0,WHAT “BILL” MIGHT REFER TO
IRA,IRA,1,2025-11-26,2025-11-26,1,1,0,FINANCIAL ABBREVIATIONS
IRONS,IRONS,1,2024-12-27,2024-12-27,1,1,0,OSCAR-WINNING ACTORS
IRRATIONAL,IRRATIONAL,1,2026-03-13,2026-03-13,1,1,0,KINDS OF NUMBERS
IRREGULAR,IRREGULAR,1,2024-08-02,2024-08-02,1,1,0,ADJECTIVES USED IN GRAMMAR
IRVING,IRVING,1,2025-03-07,2025-03-07,1,1,0,U.S. CITIES
ISLAND,ISLAND,1,2026-06-08,2026-06-08,1,1,0,LANDFORMS BY WATER
ISTHMUS,ISTHMUS,1,2026-06-08,2026-06-08,1,1,0,LANDFORMS BY WATER
IT,IT,1,2025-01-09,2025-01-09,1,1,0,CORPORATE DEPARTMENTS
ITCHY,ITCHY,1,2025-11-01,2025-11-01,1,1,0,RODENTS WHO ARE FIRST IN A CARTOON DUO
JACK-IN-THE-BOX,JACK-IN-THE-BOX,1,2026-04-10,2026-04-10,1,1,0,THINGS THAT POP UP
JACKAL,JACKAL,1,2026-01-15,2026-01-15,1,1,0,WORDS FORMED BY TWO MEN’S NAMES
JACKET POTATO,JACKET POTATO,1,2026-06-02,2026-06-02,1,1,0,BRITISH POTATO DISHES
JACKETS,JACKETS,1,2025-06-19,2025-06-19,1,1,0,FENCING GEAR
JACKSON,JACKSON,1,2025-03-17,2025-03-17,1,1,0,BANDS MINUS THE NUMBER FIVE
JACUZZI,JACUZZI,1,2024-10-05,2024-10-05,1,1,0,BRANDS THAT HAVE BECOME GENERIC TERMS
JAMES,JAMES,1,2026-05-15,2026-05-15,1,1,0,MULTI-TIME NBA MVPS
JAMES BOND,JAMES BOND,1,2025-04-19,2025-04-19,1,1,0,REPRESENTED BY THREE-DIGIT NUMBERS
JAN,JAN,1,2025-11-26,2025-11-26,1,1,0,WOMEN’S NICKNAMES
JANE,JANE,1,2026-04-26,2026-04-26,1,1,0,"CHARACTERS IN ""DICK AND JANE"""
JARGON,JARGON,1,2024-08-24,2024-08-24,1,1,0,ENDING WITH CHEMICAL ELEMENTS
JAVA,JAVA,1,2025-06-15,2025-06-15,1,1,0,SLANG FOR COFFEE
JAVERT,JAVERT,1,2026-03-14,2026-03-14,1,1,0,FICTIONAL INSPECTORS
JAYS,JAYS,1,2024-12-24,2024-12-24,1,1,0,WORDS THAT SOUND LIKE PLURAL LETTERS
JAYWALK,JAYWALK,1,2026-01-08,2026-01-08,1,1,0,BREAK THE RULES
JAZZERCISE,JAZZERCISE,1,2024-12-11,2024-12-11,1,1,0,PROPER NOUN PORTMANTEAUX
JEALOUS,JEALOUS,1,2024-08-02,2024-08-02,1,1,0,WHAT “GREEN” MIGHT MEAN
JEANS BACK POCKET,JEANS BACK POCKET,1,2026-05-08,2026-05-08,1,1,0,FIVE-SIDED THINGS
JELLY,JELLY,1,2024-11-21,2024-11-21,1,1,0,"MARINE INVERTEBRATES, FAMILIARLY"
JELLYFISH,JELLYFISH,1,2024-10-19,2024-10-19,1,1,0,THINGS THAT MIGHT STING
JFK,JFK,1,2025-11-23,2025-11-23,1,1,0,OLIVER STONE MOVIES
JIFF,JIFF,1,2025-04-12,2025-04-12,1,1,0,SHORT PERIOD OF TIME
JIGS,JIGS,1,2026-06-18,2026-06-18,1,1,0,TOOLS MINUS LAST TWO LETTERS
JIGSAW PUZZLE,JIGSAW PUZZLE,1,2025-11-03,2025-11-03,1,1,0,THINGS WITH A LOT OF PIECES
JIM,JIM,1,2026-02-24,2026-02-24,1,1,0,___ BEAM
JINX,JINX,1,2024-12-06,2024-12-06,1,1,0,CURSE
JITTER,JITTER,1,2024-07-28,2024-07-28,1,1,0,"NERVOUSNESS, IN THE SINGULAR"
JOBS,JOBS,1,2024-08-10,2024-08-10,1,1,0,BIOPICS
JOCK,JOCK,1,2024-08-09,2024-08-09,1,1,0,SHOCK ___
JOHANNESBURGER,JOHANNESBURGER,1,2026-03-01,2026-03-01,1,1,0,THINGS YOU DON'T EAT THAT END IN FOODS
JOHN MALKOVICH,JOHN MALKOVICH,1,2025-08-22,2025-08-22,1,1,0,PROPER NOUNS AFTER GERUNDS IN '90S MOVIE TITLES
JOHN TRAVOLTA,JOHN TRAVOLTA,1,2026-02-19,2026-02-19,1,1,0,"ELEMENTS OF ""SATURDAY NIGHT FEVER"""
JOHNS,JOHNS,1,2026-05-12,2026-05-12,1,1,0,"""LONG"" THINGS"
JOIN,JOIN,1,2025-05-28,2025-05-28,1,1,0,CONNECT
JOLLY,JOLLY,1,2025-07-14,2025-07-14,1,1,0,WORDS BEFORE “ROGER/S”
JOLLY ROGER,JOLLY ROGER,1,2026-03-31,2026-03-31,1,1,0,PARTS OF A PIRATE SHIP
JORDAN,JORDAN,1,2026-05-15,2026-05-15,1,1,0,MULTI-TIME NBA MVPS
JOSTLE,JOSTLE,1,2024-07-24,2024-07-24,1,1,0,PUSH THROUGH A CROWD
JOURNAL,JOURNAL,1,2024-07-09,2024-07-09,1,1,0,CHRONICLE
JOURNALISM,JOURNALISM,1,2024-10-23,2024-10-23,1,1,0,YELLOW ___
JOY,JOY,1,2025-05-08,2025-05-08,1,1,0,___STICK
JUDAS,JUDAS,1,2026-02-27,2026-02-27,1,1,0,BACKSTABBER
JUDGES,JUDGES,1,2025-04-08,2025-04-08,1,1,0,OLD TESTAMENT BOOKS
JUDGMENT,JUDGMENT,1,2025-12-01,2025-12-01,1,1,0,"KAFKA WORKS, WITH ""THE"""
JUDO,JUDO,1,2025-11-12,2025-11-12,1,1,0,SPORTS
JUKE,JUKE,1,2025-03-08,2025-03-08,1,1,0,___BOX
JULIENNE,JULIENNE,1,2024-10-02,2024-10-02,1,1,0,USE A KITCHEN KNIFE
JUMBO,JUMBO,1,2025-02-09,2025-02-09,1,1,0,MASSIVE
JUMBO SHRIMP,JUMBO SHRIMP,1,2025-11-03,2025-11-03,1,1,0,ENDING WITH ANIMALS
JUMPER CABLES,JUMPER CABLES,1,2026-04-11,2026-04-11,1,1,0,FOUND IN THE TRUNK OF A CAR
JUMPIN',JUMPIN',1,2026-06-20,2026-06-20,1,1,0,WORDS REPEATED IN HIT SONG TITLES
JUNGLE,JUNGLE,1,2024-11-24,2024-11-24,1,1,0,ELECTRONIC DANCE MUSIC GENRES
JUNGLE GYM,JUNGLE GYM,1,2026-03-23,2026-03-23,1,1,0,ENDING IN NICKNAME HOMOPHONES
JUNIPER,JUNIPER,1,2025-07-02,2025-07-02,1,1,0,STARTING WITH HIGH SCHOOL/COLLEGE ABBREVIATIONS
KANSAS,KANSAS,1,2026-01-16,2026-01-16,1,1,0,"MUSICAL ACTS WITH ""A"" AS THE ONLY VOWEL"
KARMA,KARMA,1,2026-05-11,2026-05-11,1,1,0,BODY PARTS SURROUNDED BY TWO LETTERS
KART,KART,1,2025-04-11,2025-04-11,1,1,0,WORDS AFTER “GO”
KAT,KAT,1,2025-11-26,2025-11-26,1,1,0,WOMEN’S NICKNAMES
KATE,KATE,1,2025-03-30,2025-03-30,1,1,0,PROPER NOUNS IN BROADWAY MUSICAL TITLES THAT ARE SPOKEN PHRASES
KATIE,KATIE,1,2024-12-03,2024-12-03,1,1,0,NAMES THAT SOUND LIKE TWO LETTERS
KATY PERRY,KATY PERRY,1,2025-04-16,2025-04-16,1,1,0,THEY ROAR
KAYO,KAYO,1,2026-02-10,2026-02-10,1,1,0,WORDS SPELLING OUT INITIALISMS
KEG,KEG,1,2024-12-19,2024-12-19,1,1,0,BAR FIXTURES
KELLY,KELLY,1,2025-07-26,2025-07-26,1,1,0,SHADES OF GREEN
KEN,KEN,1,2025-04-12,2025-04-12,1,1,0,STARTS OF AFRICAN COUNTRIES
KENT,KENT,1,2026-02-13,2026-02-13,1,1,0,CIGARETTE BRANDS
KENTUCKY,KENTUCKY,1,2024-09-25,2024-09-25,1,1,0,___ DERBY
KENYA,KENYA,1,2025-10-28,2025-10-28,1,1,0,ONE-NAMED SINGER PLUS STARTING LETTER
KERNEL,KERNEL,1,2024-09-11,2024-09-11,1,1,0,BITS OF WISDOM
KETCHUM,KETCHUM,1,2024-12-11,2024-12-11,1,1,0,ENDING IN SYNONYMS FOR “FRIEND”
KETCHUP,KETCHUP,1,2025-03-12,2025-03-12,1,1,0,THINGS THAT ARE RED
KETO,KETO,1,2024-09-30,2024-09-30,1,1,0,CAPITAL CITY HOMOPHONES
KEY RING,KEY RING,1,2025-10-17,2025-10-17,1,1,0,ITEMS IN A SOUVENIR SHOP
KEYBOARD,KEYBOARD,1,2025-04-03,2025-04-03,1,1,0,THINGS WITH TABS
KEYED,KEYED,1,2026-05-11,2026-05-11,1,1,0,BODY PARTS SURROUNDED BY TWO LETTERS
KIDDIE,KIDDIE,1,2025-10-15,2025-10-15,1,1,0,TYPES OF POOLS
KILLER,KILLER,1,2026-01-20,2026-01-20,1,1,0,KINDS OF BEES
KINDNESS,KINDNESS,1,2025-03-09,2025-03-09,1,1,0,HELPFUL DEED
KINDS,KINDS,1,2024-09-10,2024-09-10,1,1,0,VARIETIES
KING CRIMSON,KING CRIMSON,1,2026-06-24,2026-06-24,1,1,0,PROG BANDS
KING KONG,KING KONG,1,2024-10-07,2024-10-07,1,1,0,FAMOUS PRIMATES
KINGDOM,KINGDOM,1,2024-11-05,2024-11-05,1,1,0,MAGIC ___
KINGPIN,KINGPIN,1,2025-10-24,2025-10-24,1,1,0,ENDING IN ACCESSORIES
KINGS,KINGS,1,2025-10-21,2025-10-21,1,1,0,PLAYING CARDS
KINKY,KINKY,1,2024-07-16,2024-07-16,1,1,0,STARTS OF BROADWAY MUSICALS
KINS,KINS,1,2026-01-17,2026-01-17,1,1,0,ANAGRAMS
KISSES,KISSES,1,2024-06-27,2024-06-27,1,1,0,ROMANTIC LETTER SIGN-OFFS
KIT KAT,KIT KAT,1,2026-03-31,2026-03-31,1,1,0,STARTING WITH BABY ANIMALS
KITCHEN,KITCHEN,1,2026-06-04,2026-06-04,1,1,0,GHOST ___
KITCHENETTE,KITCHENETTE,1,2025-10-26,2025-10-26,1,1,0,WORDS WITH DIMINUTIVE SUFFIXES
KNACK,KNACK,1,2024-07-30,2024-07-30,1,1,0,ABILITY TO DO SOMETHING WELL
KNAPSACK,KNAPSACK,1,2026-06-20,2026-06-20,1,1,0,"FEATURING SILENT AND PRONOUNCED ""K""S"
KNEAD,KNEAD,1,2024-10-06,2024-10-06,1,1,0,THINGS CATS DO
KNEEL,KNEEL,1,2026-02-28,2026-02-28,1,1,0,NAME HOMOPHONES
KNICK,KNICK,1,2025-07-24,2025-07-24,1,1,0,HOMOPHONES OF SYNONYMS FOR “NAB”
KNICKS,KNICKS,1,2026-06-20,2026-06-20,1,1,0,"FEATURING SILENT AND PRONOUNCED ""K""S"
KNIGHT,KNIGHT,1,2025-11-05,2025-11-05,1,1,0,ICONIC SOUL SINGERS
KNIT,KNIT,1,2025-05-07,2025-05-07,1,1,0,"GET BETTER, AS A BROKEN BONE"
KNITTING NEEDLES,KNITTING NEEDLES,1,2025-08-20,2025-08-20,1,1,0,PAIRS OF RODS
KNIVES OUT,KNIVES OUT,1,2026-05-11,2026-05-11,1,1,0,DETECTIVE MOVIES
KNOB,KNOB,1,2024-09-14,2024-09-14,1,1,0,CONSOLE INPUTS
KNOCK BACK,KNOCK BACK,1,2025-12-04,2025-12-04,1,1,0,IMBIBE
KNUCKLE SANDWICH,KNUCKLE SANDWICH,1,2026-03-01,2026-03-01,1,1,0,THINGS YOU DON'T EAT THAT END IN FOODS
KOBE,KOBE,1,2024-09-12,2024-09-12,1,1,0,"NBA LEGENDS, FAMILIARLY"
KOJAK,KOJAK,1,2024-12-22,2024-12-22,1,1,0,POLICE PROCEDURALS
KOKO,KOKO,1,2024-10-07,2024-10-07,1,1,0,FAMOUS PRIMATES
KONG,KONG,1,2025-09-10,2025-09-10,1,1,0,KING ___
KOOL-AID MAN,KOOL-AID MAN,1,2026-06-24,2026-06-24,1,1,0,RED CHARACTERS
KOSHER,KOSHER,1,2024-11-08,2024-11-08,1,1,0,KINDS OF PICKLES
KRONER,KRONER,1,2024-10-30,2024-10-30,1,1,0,RETAIL CHAINS WITH A LETTER CHANGED
KRYPTONITE,KRYPTONITE,1,2025-12-23,2025-12-23,1,1,0,VULNERABILITY
KUBRICK,KUBRICK,1,2025-05-16,2025-05-16,1,1,0,ENDING WITH BUILDING MATERIALS
L,L,1,2026-02-07,2026-02-07,1,1,1,LOWERCASE LETTERS
LA-LA,LA-LA,1,2025-08-21,2025-08-21,1,1,0,LANDS OF THE IMAGINATION
LABUBU,LABUBU,1,2026-05-04,2026-05-04,1,1,0,STARTING WITH FAMILIAR NAMES FOR KINDS OF DOGS
LACE,LACE,1,2026-01-20,2026-01-20,1,1,0,INTERTWINE
LACES,LACES,1,2026-05-06,2026-05-06,1,1,1,WAYS TO FASTEN THINGS
LAD,LAD,1,2024-09-18,2024-09-18,1,1,0,CARTOON DOGS MINUS “Y”
LADLE,LADLE,1,2025-02-09,2025-02-09,1,1,0,USED WHEN SERVING SOUP
LAID,LAID,1,2024-06-29,2024-06-29,1,1,0,PLACED DOWN
LAMA,LAMA,1,2025-10-14,2025-10-14,1,1,0,ANIMALS MINUS STARTING LETTER
LAMB CHOP,LAMB CHOP,1,2025-02-16,2025-02-16,1,1,0,FAMOUS PUPPETS
LAMINATE,LAMINATE,1,2025-09-15,2025-09-15,1,1,0,FLOORING OPTIONS
LANCE,LANCE,1,2026-04-14,2026-04-14,1,1,0,FREE___
LANDING,LANDING,1,2025-05-10,2025-05-10,1,1,0,___ STRIP
LANDMARK,LANDMARK,1,2026-02-26,2026-02-26,1,1,0,PIVOTAL POINT
LANTHANUM,LANTHANUM,1,2025-07-04,2025-07-04,1,1,0,WHAT “LA” MIGHT REFER TO
LAPEL PIN,LAPEL PIN,1,2025-11-21,2025-11-21,1,1,0,THINGS WORN ON LAPELS
LAPIS LAZULI,LAPIS LAZULI,1,2026-02-05,2026-02-05,1,1,0,BLUE THINGS
LAPTOP,LAPTOP,1,2025-05-21,2025-05-21,1,1,0,THINGS THAT OPEN LIKE A CLAM
LAREDO,LAREDO,1,2025-12-25,2025-12-25,1,1,0,COMPRISED OF SOLFEGE (DO-RE-MI)
LARGO,LARGO,1,2026-05-16,2026-05-16,1,1,0,MUSIC PERFORMANCE DIRECTIONS
LARKSPUR,LARKSPUR,1,2026-06-15,2026-06-15,1,1,0,FLOWERS
LAS VEGAS,LAS VEGAS,1,2025-08-22,2025-08-22,1,1,0,PROPER NOUNS AFTER GERUNDS IN '90S MOVIE TITLES
LASER,LASER,1,2026-02-24,2026-02-24,1,1,0,___ BEAM
LASER POINTER,LASER POINTER,1,2025-10-17,2025-10-17,1,1,0,USED DURING A PRESENTATION
LASH,LASH,1,2026-05-25,2026-05-25,1,1,0,EYE___
LATEX,LATEX,1,2024-11-23,2024-11-23,1,1,0,SECRETED BY TREES
LATHER,LATHER,1,2024-10-01,2024-10-01,1,1,0,FLUSTERED STATE
LATIN,LATIN,1,2024-08-24,2024-08-24,1,1,0,ENDING WITH CHEMICAL ELEMENTS
LATITUDE,LATITUDE,1,2024-06-28,2024-06-28,1,1,0,WIGGLE ROOM
LAUNCHES,LAUNCHES,1,2025-10-12,2025-10-12,1,1,0,ESTABLISHES
LAUNCHPAD,LAUNCHPAD,1,2025-04-25,2025-04-25,1,1,0,STARTING POINT
LAUNDROMAT,LAUNDROMAT,1,2024-07-17,2024-07-17,1,1,0,BUILDINGS AROUND TOWN
LAVALIER,LAVALIER,1,2025-11-21,2025-11-21,1,1,0,THINGS WORN ON LAPELS
LAVENDER,LAVENDER,1,2024-09-11,2024-09-11,1,1,0,THINGS THAT ARE PURPLE
LAW,LAW,1,2025-06-03,2025-06-03,1,1,0,THINGS YOU CAN PRACTICE
LAWN,LAWN,1,2024-10-17,2024-10-17,1,1,0,GRASSY AREA
LAWN MOWER,LAWN MOWER,1,2026-04-24,2026-04-24,1,1,0,THEY HAVE BLADES
LAWYER,LAWYER,1,2025-01-22,2025-01-22,1,1,0,___ UP
LAX,LAX,1,2025-11-23,2025-11-23,1,1,0,LENIENT
LAYER,LAYER,1,2026-03-06,2026-03-06,1,1,0,CONCEALING COVER
LAYUP,LAYUP,1,2024-06-15,2024-06-15,1,1,0,BASKETBALL SHOTS
LAZY SUSAN,LAZY SUSAN,1,2025-08-20,2025-08-20,1,1,0,THINGS THAT ROTATE ABOUT A VERTICAL AXIS
LEADER,LEADER,1,2024-09-17,2024-09-17,1,1,0,LEGISLATIVE ROLES
LEAFY GREENS,LEAFY GREENS,1,2025-04-11,2025-04-11,1,1,0,SOURCES OF VITAMINS
LEAGUE,LEAGUE,1,2024-11-17,2024-11-17,1,1,0,ALLIANCE
LEAN,LEAN,1,2026-04-14,2026-04-14,1,1,0,TILT
LEAP,LEAP,1,2026-05-10,2026-05-10,1,1,0,"WHAT ""SPRING"" MIGHT REFER TO"
LEAVENING,LEAVENING,1,2025-11-17,2025-11-17,1,1,0,"STARTING WITH SYNONYMS FOR ""SCRAM!"""
LEAVES,LEAVES,1,2025-10-19,2025-10-19,1,1,0,PARTS OF A BOOK
LEDE,LEDE,1,2025-10-09,2025-10-09,1,1,0,NEWS ARTICLE FEATURES
LEDGER,LEDGER,1,2025-05-20,2025-05-20,1,1,0,ACCOUNT BOOK
LEECH,LEECH,1,2026-03-06,2026-03-06,1,1,0,FREELOADER
LEFT FIELD,LEFT FIELD,1,2026-05-08,2026-05-08,1,1,0,"UNEXPECTED PLACES TO BE ""OUT OF"""
LEFTOVERS,LEFTOVERS,1,2025-12-19,2025-12-19,1,1,0,DINNER OPTIONS
LEG,LEG,1,2024-10-10,2024-10-10,1,1,0,BODY PARTS
LEGAL,LEGAL,1,2025-01-09,2025-01-09,1,1,0,CORPORATE DEPARTMENTS
LEGERDEMAIN,LEGERDEMAIN,1,2025-08-23,2025-08-23,1,1,0,SKULDUGGERY
LEGHORN,LEGHORN,1,2026-02-18,2026-02-18,1,1,0,CHICKEN DESCRIPTORS
LEO,LEO,1,2025-07-19,2025-07-19,1,1,0,STARTS OF TEENAGE MUTANT NINJA TURTLES
LEONARDO,LEONARDO,1,2025-03-16,2025-03-16,1,1,0,STARTING WITH CONSTELLATIONS
LEOPARD,LEOPARD,1,2026-01-24,2026-01-24,1,1,0,SNOW ___
LEST,LEST,1,2026-01-09,2026-01-09,1,1,0,CARDINAL DIRECTIONS WITH FIRST LETTER CHANGED
LET,LET,1,2026-04-04,2026-04-04,1,1,0,"""LET SLEEPING DOGS LIE"""
LET ME IN,LET ME IN,1,2025-08-09,2025-08-09,1,1,0,MOVIES FEATURING SUPERNATURAL ROMANCE
LETTUCE,LETTUCE,1,2025-06-26,2025-06-26,1,1,0,COMPONENTS OF A SALAD
LEVER,LEVER,1,2026-03-26,2026-03-26,1,1,0,FEATURES OF A CLASSIC VOTING BOOTH
LEVITATE,LEVITATE,1,2026-01-15,2026-01-15,1,1,0,WORDS FORMED BY TWO MEN’S NAMES
LIAR,LIAR,1,2024-07-26,2024-07-26,1,1,0,INSTRUMENT HOMOPHONES
LIBERAL,LIBERAL,1,2025-09-25,2025-09-25,1,1,0,"LEFT-LEANING, POLITICALLY"
LIBRA,LIBRA,1,2024-07-29,2024-07-29,1,1,0,ASSOCIATED WITH SCALES
LICE,LICE,1,2025-03-18,2025-03-18,1,1,0,PLURAL WORDS THAT ARE VERY DIFFERENT FROM THEIR SINGULAR FORMS
LICENSE,LICENSE,1,2024-06-28,2024-06-28,1,1,0,WIGGLE ROOM
LICHEN,LICHEN,1,2026-03-14,2026-03-14,1,1,0,ENDING IN FEMALE ANIMALS
LICKETY,LICKETY,1,2025-08-29,2025-08-29,1,1,0,___ SPLIT
LICORICE,LICORICE,1,2024-11-23,2024-11-23,1,1,0,BLACK OR RED
LICORICE PIZZA,LICORICE PIZZA,1,2026-03-01,2026-03-01,1,1,0,THINGS YOU DON'T EAT THAT END IN FOODS
LIE,LIE,1,2026-04-04,2026-04-04,1,1,0,"""LET SLEEPING DOGS LIE"""
LIFEBOAT,LIFEBOAT,1,2025-12-16,2025-12-16,1,1,0,HITCHCOCK MOVIES
LIFESAVER,LIFESAVER,1,2024-08-26,2024-08-26,1,1,0,TORUS-SHAPED THINGS
LIGHT SWITCH,LIGHT SWITCH,1,2026-04-05,2026-04-05,1,1,0,THINGS TO FLIP
LIGHTNING BOLT,LIGHTNING BOLT,1,2025-09-28,2025-09-28,1,1,0,N.F.L. TEAM LOGOS
LIMESTONE,LIMESTONE,1,2025-10-09,2025-10-09,1,1,0,KINDS OF ROCKS
LIMIT,LIMIT,1,2025-10-03,2025-10-03,1,1,0,BOUNDARY
LIMITED,LIMITED,1,2024-09-21,2024-09-21,1,1,0,SPECIAL EDITION ADJECTIVES
LIMOUSINE,LIMOUSINE,1,2024-09-01,2024-09-01,1,1,0,WHERE YOU MIGHT FIND “A DRIVER”
LINEAR,LINEAR,1,2025-09-07,2025-09-07,1,1,0,GEOMETRY ADJECTIVES
LINEN,LINEN,1,2025-03-29,2025-03-29,1,1,0,MATERIALS ASSOCIATED WITH FANCY DINING
LINGER,LINGER,1,2025-01-30,2025-01-30,1,1,0,"KEEP GOING ON ABOUT, WITH “ON”"
LINKLATER,LINKLATER,1,2025-12-23,2025-12-23,1,1,0,STARTING WITH SLANG FOR SAUSAGE
LINKS,LINKS,1,2024-12-13,2024-12-13,1,1,0,ANIMAL HOMOPHONES
LINT ROLLER,LINT ROLLER,1,2026-01-30,2026-01-30,1,1,0,THINGS WITH ADHESIVE SURFACES
LIONS,LIONS,1,2024-12-24,2024-12-24,1,1,0,"“LIONS AND TIGERS AND BEARS, OH MY!”"
LIP SERVICE,LIP SERVICE,1,2026-03-27,2026-03-27,1,1,0,ENDING IN WORDS FOR CELLULAR CONNECTIVITY
LIQUID,LIQUID,1,2024-07-02,2024-07-02,1,1,0,ADJECTIVES FOR ASSETS
LIST,LIST,1,2026-04-14,2026-04-14,1,1,0,TILT
LISTENING,LISTENING,1,2024-11-03,2024-11-03,1,1,0,EASY ___
LIT,LIT,1,2025-05-03,2025-05-03,1,1,0,AWESOME
LITE-BRITE,LITE-BRITE,1,2025-11-03,2025-11-03,1,1,0,THINGS WITH A LOT OF PIECES
LITER,LITER,1,2024-07-15,2024-07-15,1,1,0,LIQUOR BOTTLE SIZES
LITTLE RED RIDING HOOD,LITTLE RED RIDING HOOD,1,2025-12-23,2025-12-23,1,1,0,CHARACTERS IN CAPES
LITTLE SPOON,LITTLE SPOON,1,2025-06-13,2025-06-13,1,1,0,SEEN AT AN ICE CREAM SHOP
LIVE,LIVE,1,2024-09-15,2024-09-15,1,1,0,RESIDE
LIVE MUSIC,LIVE MUSIC,1,2025-10-13,2025-10-13,1,1,0,BAR EVENTS
LIVER,LIVER,1,2024-10-21,2024-10-21,1,1,0,___POOL
LIVID,LIVID,1,2024-08-25,2024-08-25,1,1,0,HOPPING MAD
LLAMA,LLAMA,1,2024-08-04,2024-08-04,1,1,0,BEGINNING WITH DOUBLE LETTERS
LOAN,LOAN,1,2025-07-20,2025-07-20,1,1,0,___WORD
LOBBY,LOBBY,1,2025-12-03,2025-12-03,1,1,0,PETITION (FOR)
LOBE,LOBE,1,2025-05-25,2025-05-25,1,1,0,EAR PIERCING SITES
LOBSTER,LOBSTER,1,2025-12-20,2025-12-20,1,1,0,ROCK ___
LOCATION,LOCATION,1,2024-12-29,2024-12-29,1,1,0,APPOINTMENT SPECIFICATIONS
LOCO,LOCO,1,2025-11-12,2025-11-12,1,1,0,SPANISH WORDS
LOFTY,LOFTY,1,2025-02-06,2025-02-06,1,1,0,MAGNANIMOUS
LOGAN,LOGAN,1,2025-04-13,2025-04-13,1,1,0,___BERRY
LOGIN,LOGIN,1,2024-10-06,2024-10-06,1,1,0,PAGES ON A WEBSITE
LOITER,LOITER,1,2026-01-08,2026-01-08,1,1,0,BREAK THE RULES
LOL,LOL,1,2026-05-25,2026-05-25,1,1,0,TEXTING ABBREVIATIONS
LOLLIPOP,LOLLIPOP,1,2024-11-23,2024-11-23,1,1,0,THINGS ON STICKS
LOLLY,LOLLY,1,2025-12-10,2025-12-10,1,1,0,CONFECTION
LONG SHOT,LONG SHOT,1,2026-04-18,2026-04-18,1,1,0,UNEXPECTED WINNER
LOOFAH,LOOFAH,1,2024-12-04,2024-12-04,1,1,0,STARTING WITH SYNONYMS FOR LAVATORY
LOOM,LOOM,1,2026-02-09,2026-02-09,1,1,0,USED IN WEAVING
LOOP,LOOP,1,2026-06-05,2026-06-05,1,1,0,BIT OF CEREAL
LOOSE,LOOSE,1,2025-11-23,2025-11-23,1,1,0,LENIENT
LOOSEY-GOOSEY,LOOSEY-GOOSEY,1,2026-05-22,2026-05-22,1,1,0,STARTING WITH NAME HOMOPHONES
LOOT,LOOT,1,2024-07-26,2024-07-26,1,1,0,INSTRUMENT HOMOPHONES
LORDE,LORDE,1,2025-09-01,2025-09-01,1,1,0,FAMOUS POETS
LORDING,LORDING,1,2025-06-12,2025-06-12,1,1,0,STARTING WITH TITLES
LOS ANGELES,LOS ANGELES,1,2025-07-04,2025-07-04,1,1,0,WHAT “LA” MIGHT REFER TO
LOTION,LOTION,1,2024-10-19,2024-10-19,1,1,0,THINGS THAT ARE OFTEN SCENTED
LOTTERY TICKET,LOTTERY TICKET,1,2025-11-25,2025-11-25,1,1,0,THINGS YOU CAN SCRATCH
LOU,LOU,1,2024-08-14,2024-08-14,1,1,0,FIRST NAMES OF YANKEES LEGENDS
LOUD,LOUD,1,2025-03-20,2025-03-20,1,1,0,OUTSPOKEN
LOUDNESS,LOUDNESS,1,2025-11-28,2025-11-28,1,1,0,PHONETIC ELEMENTS OF SPEECH
LOUIE,LOUIE,1,2026-06-20,2026-06-20,1,1,0,WORDS REPEATED IN HIT SONG TITLES
LOUISIANA,LOUISIANA,1,2025-07-04,2025-07-04,1,1,0,WHAT “LA” MIGHT REFER TO
LOUSE,LOUSE,1,2025-02-03,2025-02-03,1,1,0,"BUNGLE, WITH “UP”"
LOVE BOMB,LOVE BOMB,1,2026-05-14,2026-05-14,1,1,0,BAD THINGS TO DO IN MODERN DATING
LOVELACE,LOVELACE,1,2025-06-26,2025-06-26,1,1,0,ENDING WITH PLAYING CARDS
LOVER,LOVER,1,2024-07-19,2024-07-19,1,1,0,ROMANTIC PARTNER
LOVERS,LOVERS,1,2025-10-10,2025-10-10,1,1,0,"TAROT CARDS, WITH ""THE"""
LP,LP,1,2025-12-01,2025-12-01,1,1,0,CIRCULAR THINGS
LUBE,LUBE,1,2025-04-26,2025-04-26,1,1,0,COLOR ANAGRAMS
LUCID,LUCID,1,2026-05-30,2026-05-30,1,1,0,SENSIBLE
LUCK,LUCK,1,2025-01-03,2025-01-03,1,1,0,POT___
LUCKY STIFF,LUCKY STIFF,1,2025-10-13,2025-10-13,1,1,0,"ENDING WITH SYNONYMS FOR ""SWINDLE"""
LUFFY,LUFFY,1,2025-11-30,2025-11-30,1,1,0,FICTIONAL PIRATES
LUMON,LUMON,1,2025-03-07,2025-03-07,1,1,0,FRUITS WITH THEIR SECOND LETTERS CHANGED
LUNAR,LUNAR,1,2025-11-09,2025-11-09,1,1,0,STARTING WITH BIRD HOMOPHONES
LUNCH,LUNCH,1,2025-01-25,2025-01-25,1,1,0,SCHOOL PERIODS
LUNGE,LUNGE,1,2025-11-19,2025-11-19,1,1,0,ORGAN PLUS A LETTER
LURCH,LURCH,1,2024-11-24,2024-11-24,1,1,0,CAREEN
LURE,LURE,1,2024-12-07,2024-12-07,1,1,0,WAYS TO ATTRACT FISH
LURK,LURK,1,2026-01-05,2026-01-05,1,1,0,THINGS YOU CAN DO ON SOCIAL MEDIA
LUSH,LUSH,1,2024-08-02,2024-08-02,1,1,0,WHAT “GREEN” MIGHT MEAN
LUST,LUST,1,2026-04-03,2026-04-03,1,1,0,HANKER (FOR)
LUX,LUX,1,2024-10-27,2024-10-27,1,1,0,UNITS
LUXOR,LUXOR,1,2025-09-22,2025-09-22,1,1,0,LAS VEGAS CASINO HOTELS
LYRE,LYRE,1,2025-10-20,2025-10-20,1,1,0,REPRESENTED BY CONSTELLATIONS
M&M,M&M,1,2025-09-09,2025-09-09,1,1,0,THINGS WITH SHELLS
M.L.B. PLAYER,M.L.B. PLAYER,1,2025-09-01,2025-09-01,1,1,0,"WHAT ""CARDINAL"" MIGHT REFER TO"
MACBETH,MACBETH,1,2026-05-27,2026-05-27,1,1,0,"ENDING IN THE ""LITTLE WOMEN"" MARCH SISTERS"
MACHINE,MACHINE,1,2024-08-30,2024-08-30,1,1,0,ICE ___
MACHO,MACHO,1,2025-12-03,2025-12-03,1,1,0,"""___ MAN"" SONGS FROM THE '70S"
MACK,MACK,1,2025-03-23,2025-03-23,1,1,0,WORDS REPEATED IN “MISS MARY MACK”
MACRAMÉ,MACRAMÉ,1,2026-05-09,2026-05-09,1,1,0,STRINGS TIED IN KNOTS
MACRO,MACRO,1,2025-09-12,2025-09-12,1,1,0,KINDS OF CAMERA LENSES
MAD HATTER,MAD HATTER,1,2025-05-22,2025-05-22,1,1,0,FAMOUS RIDDLE-GIVERS
MADAM,MADAM,1,2025-12-17,2025-12-17,1,1,0,BIBLICAL FIGURES PLUS STARTING LETTER
MADDEN,MADDEN,1,2024-10-19,2024-10-19,1,1,0,VIDEO GAME FRANCHISES
MADISON,MADISON,1,2025-11-18,2025-11-18,1,1,0,BEST ACTRESS OSCAR WINNERS
MADRID,MADRID,1,2025-05-15,2025-05-15,1,1,0,REAL ___
MADRIGAL,MADRIGAL,1,2025-01-07,2025-01-07,1,1,0,VOCAL MUSIC
MAFIA,MAFIA,1,2026-03-09,2026-03-09,1,1,0,THEY FEATURE A BOSS
MAG,MAG,1,2025-07-13,2025-07-13,1,1,0,SLANG FOR PRINTED MATTER
MAGAZINE,MAGAZINE,1,2025-03-14,2025-03-14,1,1,0,CHECKOUT LINE IMPULSE BUYS
MAGIC 8 BALL,MAGIC 8 BALL,1,2024-12-11,2024-12-11,1,1,0,THINGS YOU SHAKE
MAGIC SHOW,MAGIC SHOW,1,2025-07-27,2025-07-27,1,1,0,ASSOCIATED WITH TRICKS
MAGICAL,MAGICAL,1,2026-02-04,2026-02-04,1,1,0,STARTING WITH NBA TEAMS
MAGICIAN,MAGICIAN,1,2025-10-10,2025-10-10,1,1,0,"TAROT CARDS, WITH ""THE"""
MAGNET,MAGNET,1,2025-10-17,2025-10-17,1,1,0,ITEMS IN A SOUVENIR SHOP
MAID,MAID,1,2026-01-27,2026-01-27,1,1,0,FIRST WORDS OF ROBIN HOOD CHARACTER NAMES
MAILER,MAILER,1,2025-12-28,2025-12-28,1,1,0,CONTAINERS FOR SHIPPING
MAINSTREAM,MAINSTREAM,1,2024-07-20,2024-07-20,1,1,0,WHAT “POP” MIGHT MEAN
MAKE DO,MAKE DO,1,2024-08-05,2024-08-05,1,1,0,SURVIVE
MAKE OUT,MAKE OUT,1,2024-08-17,2024-08-17,1,1,0,CANOODLE
MAKE UP,MAKE UP,1,2025-12-25,2025-12-25,1,1,0,CREATE
MAKER,MAKER,1,2025-11-05,2025-11-05,1,1,0,RAIN___
MAKESHIFT,MAKESHIFT,1,2025-08-28,2025-08-28,1,1,0,ENDING WITH KEYBOARD KEYS
MAKING OUT,MAKING OUT,1,2026-05-08,2026-05-08,1,1,0,CANOODLING
MALT,MALT,1,2025-06-21,2025-06-21,1,1,0,STARTS OF EUROPEAN COUNTRIES
MAMBA,MAMBA,1,2025-04-16,2025-04-16,1,1,0,LATIN DANCES WITH A VOWEL CHANGED
MAMBO,MAMBO,1,2025-12-16,2025-12-16,1,1,0,DANCES
MAMMA MIA,MAMMA MIA,1,2025-10-03,2025-10-03,1,1,0,SONGS FROM MUSICALS
MANDELA,MANDELA,1,2026-06-18,2026-06-18,1,1,0,PEACE ACTIVISTS
MANE,MANE,1,2024-07-09,2024-07-09,1,1,0,MESS OF HAIR
MANIA,MANIA,1,2024-12-06,2024-12-06,1,1,0,COLLOQUIAL SUFFIXES
MANIC,MANIC,1,2026-04-20,2026-04-20,1,1,0,___ MONDAY
MANTLE,MANTLE,1,2025-04-17,2025-04-17,1,1,0,BASEBALL GREATS
MARASCHINO CHERRY,MARASCHINO CHERRY,1,2025-11-03,2025-11-03,1,1,0,THINGS THAT ARE RED
MARBLES,MARBLES,1,2025-02-28,2025-02-28,1,1,0,LUCIDITY
MARCO POLO,MARCO POLO,1,2024-10-22,2024-10-22,1,1,0,GAMES WHERE YOU SAY THE GAME’S NAME
MARIO WORLD,MARIO WORLD,1,2025-07-17,2025-07-17,1,1,0,SUPER ___
MARIONETTE,MARIONETTE,1,2025-06-17,2025-06-17,1,1,0,FIGURES IN CLASSIC DISNEY ANIMATED FILMS
MARKDOWN,MARKDOWN,1,2025-06-02,2025-06-02,1,1,0,NAMES ENDING IN “K” PLUS WORD
MARKED,MARKED,1,2024-08-13,2024-08-13,1,1,0,OBVIOUS
MARKER,MARKER,1,2024-11-05,2024-11-05,1,1,0,MAGIC ___
MARKUP,MARKUP,1,2026-05-13,2026-05-13,1,1,0,SMARTPHONE PHOTO EDITING OPTIONS
MARLEY,MARLEY,1,2025-04-26,2025-04-26,1,1,0,BOBS
MARPLE,MARPLE,1,2026-02-02,2026-02-02,1,1,0,TREES PLUS A LETTER
MARQUEE,MARQUEE,1,2026-04-13,2026-04-13,1,1,0,SEEN OUTSIDE A THEATER
MARSH,MARSH,1,2025-10-19,2025-10-19,1,1,0,CHOCOLATE BARS PLUS A LETTER
MARSHMALLOW,MARSHMALLOW,1,2026-05-04,2026-05-04,1,1,0,TENDER-HEARTED PERSON
MART,MART,1,2025-02-02,2025-02-02,1,1,0,WORDS AFTER “K”
MARTIAL ARTS,MARTIAL ARTS,1,2025-11-14,2025-11-14,1,1,0,ACTION FILM SUBGENRES
MARTIAN,MARTIAN,1,2025-09-25,2025-09-25,1,1,0,"MATT DAMON MOVIES, WITH ""THE"""
MARTINI,MARTINI,1,2024-08-28,2024-08-28,1,1,0,DESCRIBED AS DRY
MARX,MARX,1,2025-06-27,2025-06-27,1,1,0,___ BROTHERS
MARY JANE,MARY JANE,1,2025-03-06,2025-03-06,1,1,0,SHOES
MASCARA,MASCARA,1,2025-09-19,2025-09-19,1,1,0,"THINGS THAT CAN RUN, ANNOYINGLY"
MASCULINE,MASCULINE,1,2024-11-25,2024-11-25,1,1,0,ASSOCIATED PRINCIPLES IN CHINESE PHILOSOPHY
MASH,MASH,1,2026-06-02,2026-06-02,1,1,0,BRITISH POTATO DISHES
MASHED POTATO,MASHED POTATO,1,2026-03-29,2026-03-29,1,1,0,RETRO DANCE CRAZES
MASKS,MASKS,1,2025-06-19,2025-06-19,1,1,0,FENCING GEAR
MASON,MASON,1,2026-04-14,2026-04-14,1,1,0,FREE___
MASQUE,MASQUE,1,2025-11-19,2025-11-19,1,1,0,"SECOND WORDS IN POE STORIES, AFTER ""THE"""
MASQUERADE,MASQUERADE,1,2026-02-23,2026-02-23,1,1,0,POSE
MASSACHUSETTS,MASSACHUSETTS,1,2026-06-14,2026-06-14,1,1,0,"WHAT ""MA"" MIGHT REFER TO"
MASSAGE,MASSAGE,1,2025-04-27,2025-04-27,1,1,0,SWEDISH ___
MAST,MAST,1,2025-11-06,2025-11-06,1,1,0,PARTS OF A SHIP
MASTER OF ARTS,MASTER OF ARTS,1,2026-06-14,2026-06-14,1,1,0,"WHAT ""MA"" MIGHT REFER TO"
MASTERPIECE,MASTERPIECE,1,2024-09-19,2024-09-19,1,1,0,PBS SHOWS
MATCHES,MATCHES,1,2024-12-09,2024-12-09,1,1,0,USED IN STARTING A FIRE
MATCHSTICK,MATCHSTICK,1,2026-05-05,2026-05-05,1,1,0,STARTING WITH UNITS IN COMPETITIONS
MATE,MATE,1,2024-08-15,2024-08-15,1,1,0,OTHER HALF
MATERIAL,MATERIAL,1,2024-07-03,2024-07-03,1,1,0,TANGIBLE
MATLOCK,MATLOCK,1,2025-06-26,2025-06-26,1,1,0,LEGAL DRAMAS
MAVERICK,MAVERICK,1,2025-12-08,2025-12-08,1,1,0,MEMBER OF A DALLAS PRO SPORTS TEAM
MAX,MAX,1,2024-07-21,2024-07-21,1,1,0,MATH ABBREVIATIONS
MAXIM,MAXIM,1,2024-06-30,2024-06-30,1,1,0,OLD SAYING
MAY I,MAY I,1,2025-05-11,2025-05-11,1,1,0,MOTHER ___
MAYO,MAYO,1,2025-04-10,2025-04-10,1,1,0,SPANISH WORDS
MAZING,MAZING,1,2025-06-09,2025-06-09,1,1,0,SPELLING BEE RANKS MINUS A LETTER
MC,MC,1,2025-03-17,2025-03-17,1,1,0,BANDS MINUS THE NUMBER FIVE
MCQUEEN,MCQUEEN,1,2025-06-26,2025-06-26,1,1,0,ENDING WITH PLAYING CARDS
ME,ME,1,2026-01-28,2026-01-28,1,1,0,SPARE ___
MEADOW,MEADOW,1,2024-12-03,2024-12-03,1,1,0,SOPRANOS
MEASURE,MEASURE,1,2025-08-11,2025-08-11,1,1,0,SPECS ON CONSUMER PACKAGING
MEATBALL,MEATBALL,1,2025-04-27,2025-04-27,1,1,0,SWEDISH ___
MEATLESS,MEATLESS,1,2026-04-20,2026-04-20,1,1,0,___ MONDAY
MECHANISM,MECHANISM,1,2025-01-15,2025-01-15,1,1,0,MEANS
MEDIAN,MEDIAN,1,2025-03-19,2025-03-19,1,1,0,PARTS OF A ROAD
MEDIATE,MEDIATE,1,2025-06-10,2025-06-10,1,1,0,ARBITRATE
MEDICINE,MEDICINE,1,2025-06-03,2025-06-03,1,1,0,THINGS YOU CAN PRACTICE
MEDIOCRE,MEDIOCRE,1,2025-07-04,2025-07-04,1,1,0,WHAT “OK” MIGHT REFER TO
MEET,MEET,1,2024-11-22,2024-11-22,1,1,0,WORK COMMUNICATION PLATFORMS
MEETING,MEETING,1,2025-01-14,2025-01-14,1,1,0,TERM
MELODRAMA,MELODRAMA,1,2025-03-05,2025-03-05,1,1,0,WHAT MIGHT BRING TEARS TO YOUR EYES
MELODRAMATIC,MELODRAMATIC,1,2025-12-25,2025-12-25,1,1,0,"ORNATE, AS PROSE"
MELTED,MELTED,1,2026-01-15,2026-01-15,1,1,0,WORDS FORMED BY TWO MEN’S NAMES
MEMBERSHIP,MEMBERSHIP,1,2025-12-22,2025-12-22,1,1,0,KINDS OF CARDS
MEMENTO,MEMENTO,1,2026-05-08,2026-05-08,1,1,0,"ENDING IN CANDY BRANDS MINUS ""S"""
MENAGERIE,MENAGERIE,1,2026-06-01,2026-06-01,1,1,0,SUBJECTS IN TENNESSEE WILLIAMS TITLES
MENTAL,MENTAL,1,2026-05-02,2026-05-02,1,1,0,CLAIRVOYANT
MENTHOL,MENTHOL,1,2025-04-25,2025-04-25,1,1,0,GUM FLAVORS
MERELY,MERELY,1,2025-10-27,2025-10-27,1,1,0,IN THE SLIGHTEST
MERIDA,MERIDA,1,2025-09-07,2025-09-07,1,1,0,DISNEY PRINCESSES
MERINGUE,MERINGUE,1,2025-04-16,2025-04-16,1,1,0,LATIN DANCES WITH A VOWEL CHANGED
MERRY,MERRY,1,2025-09-23,2025-09-23,1,1,0,CHEERFUL
MESH SHIRT,MESH SHIRT,1,2025-09-02,2025-09-02,1,1,0,WORN BY EARRING MAGIC KEN
MESON,MESON,1,2026-04-02,2026-04-02,1,1,0,ENDS OF LIQUOR BRANDS
META,META,1,2025-05-14,2025-05-14,1,1,0,GREEK PREFIXES
METAL DETECTOR,METAL DETECTOR,1,2025-11-24,2025-11-24,1,1,0,SEEN WHILE GOING THROUGH AIRPORT SECURITY
METAMORPHOSIS,METAMORPHOSIS,1,2025-12-01,2025-12-01,1,1,0,"KAFKA WORKS, WITH ""THE"""
METRIC,METRIC,1,2026-01-02,2026-01-02,1,1,0,BENCHMARK
METRO,METRO,1,2025-08-05,2025-08-05,1,1,0,SUBTERRANEAN TRANSIT
METROID,METROID,1,2024-10-19,2024-10-19,1,1,0,VIDEO GAME FRANCHISES
METRONOME,METRONOME,1,2026-03-12,2026-03-12,1,1,0,THINGS THAT MOVE BACK AND FORTH
METTLE,METTLE,1,2024-12-08,2024-12-08,1,1,0,HOMOPHONES OF MUSIC GENRES
MEXICAN FLAG,MEXICAN FLAG,1,2026-03-12,2026-03-12,1,1,0,FEATURING BIRDS
MI,MI,1,2026-03-11,2026-03-11,1,1,0,PRONOUN HOMOPHONES
MICE,MICE,1,2025-03-18,2025-03-18,1,1,0,PLURAL WORDS THAT ARE VERY DIFFERENT FROM THEIR SINGULAR FORMS
MICHAEL JORDAN,MICHAEL JORDAN,1,2025-05-16,2025-05-16,1,1,0,ASSOCIATED WITH BULLS
MICKEY MOUSE,MICKEY MOUSE,1,2025-11-25,2025-11-25,1,1,0,SMALL-TIME
MICROSOFT,MICROSOFT,1,2025-11-13,2025-11-13,1,1,0,___ OFFICE
MID,MID,1,2025-11-04,2025-11-04,1,1,0,FILE EXTENSIONS
MIDDLE,MIDDLE,1,2024-07-31,2024-07-31,1,1,0,FINGERS
MIDNIGHT,MIDNIGHT,1,2025-03-01,2025-03-01,1,1,0,WORDS BEFORE “COWBOY” IN FILM AND MUSIC
MIDRIFF,MIDRIFF,1,2025-04-17,2025-04-17,1,1,0,CENTRAL SECTION OF THE BODY
MIDSECTION,MIDSECTION,1,2025-11-29,2025-11-29,1,1,0,ABDOMINAL AREA
MIEN,MIEN,1,2025-07-11,2025-07-11,1,1,0,HOMOPHONES OF SYNONYMS FOR “DESPICABLE”
MIGOS,MIGOS,1,2026-04-02,2026-04-02,1,1,0,ENDS OF LIQUOR BRANDS
MILD,MILD,1,2025-02-06,2025-02-06,1,1,0,DELICATE
MILDEW,MILDEW,1,2025-04-30,2025-04-30,1,1,0,ENDING WITH SYNONYMS FOR “YUCK”
MILE,MILE,1,2025-07-01,2025-07-01,1,1,0,___STONE
MILE HIGH CITY,MILE HIGH CITY,1,2026-04-01,2026-04-01,1,1,1,U.S. CITY NICKNAMES
MILESTONE,MILESTONE,1,2026-02-26,2026-02-26,1,1,0,PIVOTAL POINT
MILLER,MILLER,1,2026-02-24,2026-02-24,1,1,0,FAMOUS PLAYWRIGHTS
MILLER HIGH LIFE,MILLER HIGH LIFE,1,2026-04-01,2026-04-01,1,1,1,BEER BRANDS
MILLIAMPERE,MILLIAMPERE,1,2026-06-14,2026-06-14,1,1,0,"WHAT ""MA"" MIGHT REFER TO"
MILLION,MILLION,1,2026-04-25,2026-04-25,1,1,0,"MASSES, IN IDIOMS"
MING,MING,1,2025-09-05,2025-09-05,1,1,0,CHINESE DYNASTIES
MINGLE,MINGLE,1,2025-01-11,2025-01-11,1,1,0,THINGS TO DO AT A WORK EVENT
MINK,MINK,1,2025-12-08,2025-12-08,1,1,0,EUROPEAN CAPITALS MINUS SECOND-TO-LAST LETTER
MINNIE,MINNIE,1,2025-12-29,2025-12-29,1,1,0,CAR BRAND HOMOPHONES
MIRE,MIRE,1,2025-12-25,2025-12-25,1,1,0,COMPRISED OF SOLFEGE (DO-RE-MI)
MIRROR SELFIE,MIRROR SELFIE,1,2026-06-12,2026-06-12,1,1,0,"STARTING WITH SYNONYMS FOR ""REPEAT"""
MISFIT,MISFIT,1,2026-02-22,2026-02-22,1,1,0,ONE WHO DOESN'T FIT IN
MISO PASTE,MISO PASTE,1,2026-06-19,2026-06-19,1,1,0,UMAMI-RICH FOODS
MISSING,MISSING,1,2025-06-12,2025-06-12,1,1,0,STARTING WITH TITLES
MISSION,MISSION,1,2026-04-03,2026-04-03,1,1,0,___ CONTROL
MISSUS,MISSUS,1,2026-02-17,2026-02-17,1,1,0,"STARTING WITH SYNONYMS FOR ""DUD"""
MISTER,MISTER,1,2025-07-14,2025-07-14,1,1,0,WORDS BEFORE “ROGER/S”
MITER,MITER,1,2026-04-15,2026-04-15,1,1,0,SHAPES OF CHESS PIECES
MITRE,MITRE,1,2025-12-07,2025-12-07,1,1,0,WOODWORKING JOINT TERMS
MITZVAH,MITZVAH,1,2025-03-21,2025-03-21,1,1,0,BAR ___
MIXED,MIXED,1,2025-10-23,2025-10-23,1,1,0,___ BAG
MIXER,MIXER,1,2026-01-31,2026-01-31,1,1,0,KINDS OF PARTIES
MNEMONIC,MNEMONIC,1,2025-05-14,2025-05-14,1,1,0,STARTING WITH SILENT LETTERS
MOAN,MOAN,1,2026-06-03,2026-06-03,1,1,0,DISNEY PRINCESSES MINUS LAST LETTER
MOCCASINS,MOCCASINS,1,2025-03-11,2025-03-11,1,1,0,THINGS TRADITIONALLY MADE OF LEATHER
MOCHI,MOCHI,1,2024-09-12,2024-09-12,1,1,0,ENDING WITH GREEK LETTERS
MOCKINGBIRD,MOCKINGBIRD,1,2025-05-06,2025-05-06,1,1,0,STARTING WITH SYNONYMS FOR “TEASE”
MOCKTAIL,MOCKTAIL,1,2026-03-23,2026-03-23,1,1,0,"""VIRGIN"" THINGS"
MOD,MOD,1,2024-07-21,2024-07-21,1,1,0,MATH ABBREVIATIONS
MOGUL,MOGUL,1,2025-01-25,2025-01-25,1,1,0,FEATURES OF A SKI RESORT
MOHAWK,MOHAWK,1,2026-06-08,2026-06-08,1,1,0,THINGS THAT CAN BE SPIKED
MOJO,MOJO,1,2024-10-09,2024-10-09,1,1,0,MUSIC PUBLICATIONS
MOLASSES,MOLASSES,1,2026-03-16,2026-03-16,1,1,0,THINGS ASSOCIATED WITH BEING SLOW
MOLECULE,MOLECULE,1,2024-07-06,2024-07-06,1,1,0,BIOLOGICAL BUILDING BLOCKS
MOLTO,MOLTO,1,2025-02-25,2025-02-25,1,1,0,“MANY” IN DIFFERENT LANGUAGES
MOMA,MOMA,1,2025-12-02,2025-12-02,1,1,0,FAMILY MEMBER NICKNAME PLUS A LETTER
MOMENT,MOMENT,1,2026-04-02,2026-04-02,1,1,0,OPPORTUNITY
MONA LISA,MONA LISA,1,2025-03-10,2025-03-10,1,1,0,FAMOUS SMILES
MONARCH BUTTERFLY,MONARCH BUTTERFLY,1,2026-03-27,2026-03-27,1,1,0,THINGS THAT ARE ORANGE
MONARCHY,MONARCHY,1,2024-09-10,2024-09-10,1,1,0,THINGS WITH KINGS
MONEYBAG,MONEYBAG,1,2026-01-13,2026-01-13,1,1,0,ACCESSORIES FOR MR. MONOPOLY
MONICA,MONICA,1,2026-05-12,2026-05-12,1,1,0,"""SAINT"" CITIES"
MONIKER,MONIKER,1,2024-08-13,2024-08-13,1,1,0,NICKNAME
MONITORSHIP,MONITORSHIP,1,2025-12-06,2025-12-06,1,1,0,STARTING WITH HERPETOFAUNA
MONKSHOOD,MONKSHOOD,1,2026-06-15,2026-06-15,1,1,0,FLOWERS
MONOGAMY,MONOGAMY,1,2026-05-27,2026-05-27,1,1,0,"ENDING IN THE ""LITTLE WOMEN"" MARCH SISTERS"
MONOLOGUE,MONOLOGUE,1,2025-02-12,2025-02-12,1,1,0,BITS IN A VARIETY SHOW
MONOPOLIZE,MONOPOLIZE,1,2026-03-15,2026-03-15,1,1,0,GREEDILY CONTROL
MONORAIL,MONORAIL,1,2025-07-30,2025-07-30,1,1,0,STARTING WITH GREEK NUMERICAL PREFIXES
MONTANA,MONTANA,1,2026-04-13,2026-04-13,1,1,0,TV SHOW TITLE SURNAMES
MONTE,MONTE,1,2024-11-07,2024-11-07,1,1,0,ANAGRAMS OF FAMOUS PAINTERS
MONTICELLO,MONTICELLO,1,2024-08-31,2024-08-31,1,1,0,SEEN ON BACKS OF U.S. COINS
MONTY,MONTY,1,2025-03-28,2025-03-28,1,1,0,___ HALL
MOOCH,MOOCH,1,2026-03-06,2026-03-06,1,1,0,FREELOADER
MOOD,MOOD,1,2024-10-27,2024-10-27,1,1,0,AMBIENCE
MOOD RING,MOOD RING,1,2026-03-19,2026-03-19,1,1,0,THINGS THAT CHANGE COLOR
MOONLIGHT,MOONLIGHT,1,2025-05-28,2025-05-28,1,1,0,BEST PICTURE WINNERS SINCE 2000
MOONWALK,MOONWALK,1,2025-06-29,2025-06-29,1,1,0,DANCE MOVES
MOOS,MOOS,1,2026-01-26,2026-01-26,1,1,0,MAMMALS MINUS LAST LETTER
MORAL,MORAL,1,2026-03-23,2026-03-23,1,1,0,PRINCIPLED
MOREL,MOREL,1,2025-01-03,2025-01-03,1,1,0,KINDS OF MUSHROOMS
MORGAN,MORGAN,1,2026-02-01,2026-02-01,1,1,0,MUSICAL INSTRUMENTS PLUS STARTING LETTER
MORSE,MORSE,1,2026-03-14,2026-03-14,1,1,0,FICTIONAL INSPECTORS
MORSEL,MORSEL,1,2025-07-06,2025-07-06,1,1,0,PARTICLE
MORTAR,MORTAR,1,2025-02-25,2025-02-25,1,1,0,RHYME WITH U.S. COINS
MORTISE,MORTISE,1,2025-12-07,2025-12-07,1,1,0,WOODWORKING JOINT TERMS
MOSCOW,MOSCOW,1,2026-03-14,2026-03-14,1,1,0,ENDING IN FEMALE ANIMALS
MOSEY,MOSEY,1,2026-04-21,2026-04-21,1,1,0,AMBLE (IN)
MOSQUITO,MOSQUITO,1,2024-09-11,2024-09-11,1,1,0,FEATURED IN “JURASSIC PARK”
MOTEL,MOTEL,1,2026-03-15,2026-03-15,1,1,0,PORTMANTEAUX
MOTHBALL,MOTHBALL,1,2025-08-25,2025-08-25,1,1,0,SMALL SPHERICAL THINGS
MOUNTAIN CLIMBER,MOUNTAIN CLIMBER,1,2024-11-02,2024-11-02,1,1,0,CORE EXERCISES
MOUSE TRAP,MOUSE TRAP,1,2025-12-05,2025-12-05,1,1,0,CLASSIC BOARD GAMES
MOUTH GUARD,MOUTH GUARD,1,2026-06-12,2026-06-12,1,1,0,STARTING WITH PARTS OF A RIVER
MOUTHFUL,MOUTHFUL,1,2025-01-27,2025-01-27,1,1,0,SMALL AMOUNT OF FOOD TO TRY
MOUTHGUARD,MOUTHGUARD,1,2026-01-24,2026-01-24,1,1,0,GEAR FOR A BOXER
MOVIE EXEC,MOVIE EXEC,1,2025-12-26,2025-12-26,1,1,0,CALIFORNIA-BASED CHARACTER TROPES
MOVIE SET,MOVIE SET,1,2024-09-01,2024-09-01,1,1,0,WHERE YOU MIGHT FIND “A DRIVER”
MOVING,MOVING,1,2024-11-03,2024-11-03,1,1,0,HEARTWARMING
MOWN,MOWN,1,2024-12-20,2024-12-20,1,1,0,COMPLAINT HOMOPHONES
MR. KRABS,MR. KRABS,1,2026-06-24,2026-06-24,1,1,0,RED CHARACTERS
MTV,MTV,1,2025-09-03,2025-09-03,1,1,0,TV-RELATED ABBREVIATIONS IN THE '80S
MUCHO,MUCHO,1,2025-02-25,2025-02-25,1,1,0,“MANY” IN DIFFERENT LANGUAGES
MUCK,MUCK,1,2025-02-03,2025-02-03,1,1,0,"BUNGLE, WITH “UP”"
MUDDY,MUDDY,1,2026-03-25,2026-03-25,1,1,0,OBFUSCATE
MUFFIN,MUFFIN,1,2025-08-09,2025-08-09,1,1,0,CORN-Y THINGS
MULHOLLAND,MULHOLLAND,1,2025-12-08,2025-12-08,1,1,0,FAMOUS STREETS IN LOS ANGELES
MULLET,MULLET,1,2024-12-14,2024-12-14,1,1,0,FISH
MULTI,MULTI,1,2025-02-25,2025-02-25,1,1,0,“MANY” IN DIFFERENT LANGUAGES
MUM,MUM,1,2025-07-25,2025-07-25,1,1,0,HUSH-HUSH
MUMBO JUMBO,MUMBO JUMBO,1,2026-06-24,2026-06-24,1,1,0,RHYMING COMPOUND WORDS
MUNCH,MUNCH,1,2025-12-24,2025-12-24,1,1,0,MASTICATE
MUNG,MUNG,1,2024-10-21,2024-10-21,1,1,0,KINDS OF BEANS
MUNSTER,MUNSTER,1,2025-02-02,2025-02-02,1,1,0,TV COMEDY FAMILIES
MURAL,MURAL,1,2026-03-29,2026-03-29,1,1,0,IMAGES SEEN ON THE STREET
MURDER,MURDER,1,2025-10-30,2025-10-30,1,1,0,COLLECTIVE NOUNS FOR BIRDS
MURDER MYSTERY,MURDER MYSTERY,1,2026-06-12,2026-06-12,1,1,0,STARTING WITH ANIMAL GROUP NAMES
MUSCLE,MUSCLE,1,2024-07-24,2024-07-24,1,1,0,PUSH THROUGH A CROWD
MUSCULAR,MUSCULAR,1,2025-05-29,2025-05-29,1,1,0,WHAT “BUFF” MIGHT MEAN
MUSEUM,MUSEUM,1,2025-06-20,2025-06-20,1,1,0,WAX ___
MUSH,MUSH,1,2024-09-16,2024-09-16,1,1,0,OVERLY SENTIMENTAL WORK
MUSIC NOTES,MUSIC NOTES,1,2025-11-11,2025-11-11,1,1,0,ICONS ON AN IPHONE
MUSICAL,MUSICAL,1,2026-05-02,2026-05-02,1,1,0,STAGED PERFORMANCES
MUSICIANS,MUSICIANS,1,2025-04-24,2025-04-24,1,1,0,THEY HAVE LITERAL/IDIOMATIC EARS
MUSK,MUSK,1,2024-09-30,2024-09-30,1,1,0,COMMON PERFUME INGREDIENTS
MUSSEL,MUSSEL,1,2024-08-11,2024-08-11,1,1,0,HOMOPHONES OF BODY FEATURES
MUST,MUST,1,2025-02-13,2025-02-13,1,1,0,MODAL VERBS
MUTE,MUTE,1,2025-01-05,2025-01-05,1,1,0,REMOTE CONTROL FUNCTIONS
MUTUAL,MUTUAL,1,2025-06-01,2025-06-01,1,1,0,___ FUND
MY,MY,1,2026-04-23,2026-04-23,1,1,0,WORDS IN A PLANETARY MNEMONIC
MYA,MYA,1,2026-05-24,2026-05-24,1,1,0,POSSESSIVE ADJECTIVES PLUS A LETTER
MYRRH,MYRRH,1,2025-06-02,2025-06-02,1,1,0,WORDS WHOSE ONLY VOWEL IS “Y”
MYSTIC,MYSTIC,1,2024-09-21,2024-09-21,1,1,0,CLAIRVOYANT
N,N,1,2025-04-01,2025-04-01,1,1,1,AND/TOGETHER WITH
N.F.L.,N.F.L.,1,2025-09-18,2025-09-18,1,1,0,ORGS WITH STARS IN THEIR LOGOS
N.F.L. PLAYER,N.F.L. PLAYER,1,2025-09-01,2025-09-01,1,1,0,"WHAT ""CARDINAL"" MIGHT REFER TO"
NADAL,NADAL,1,2026-03-08,2026-03-08,1,1,0,STARTING WITH SLANG FOR ZERO
NAH,NAH,1,2026-03-13,2026-03-13,1,1,0,"""NO THANKS"""
NAIL GUN,NAIL GUN,1,2026-03-01,2026-03-01,1,1,0,CONSTRUCTION EQUIPMENT
NAILS,NAILS,1,2025-08-28,2025-08-28,1,1,0,ASSOCIATED WITH HARDNESS
NAIVE,NAIVE,1,2026-01-19,2026-01-19,1,1,0,INEXPERIENCED
NAKED,NAKED,1,2025-10-10,2025-10-10,1,1,0,___ EYE
NAMES,NAMES,1,2024-12-31,2024-12-31,1,1,0,NAME ___
NAMESAKE,NAMESAKE,1,2025-12-27,2025-12-27,1,1,0,ENDING WITH ALCOHOLIC BEVERAGES
NANNY,NANNY,1,2024-12-25,2024-12-25,1,1,0,FEMALE ANIMALS
NAP,NAP,1,2025-09-08,2025-09-08,1,1,0,CAT___
NAPOLEON,NAPOLEON,1,2025-12-14,2025-12-14,1,1,0,FICTIONAL PIGS
NASA,NASA,1,2025-09-18,2025-09-18,1,1,0,ORGS WITH STARS IN THEIR LOGOS
NATIONS,NATIONS,1,2025-07-31,2025-07-31,1,1,0,FIRST ___
NATTY,NATTY,1,2024-08-15,2024-08-15,1,1,0,"BEERS, FAMILIARLY"
NAUGHTY,NAUGHTY,1,2025-04-10,2025-04-10,1,1,0,ANTI-SPIRIT OF CHRISTMAS
NAUSEOUS,NAUSEOUS,1,2024-08-02,2024-08-02,1,1,0,WHAT “GREEN” MIGHT MEAN
NAVAL,NAVAL,1,2024-08-11,2024-08-11,1,1,0,HOMOPHONES OF BODY FEATURES
NEAR,NEAR,1,2026-02-09,2026-02-09,1,1,0,DRAW ___
NEBULA,NEBULA,1,2025-05-23,2025-05-23,1,1,0,WHAT “CAT’S EYE” CAN BE USED TO DESCRIBE
NECKING,NECKING,1,2026-05-08,2026-05-08,1,1,0,CANOODLING
NECKLACE,NECKLACE,1,2025-09-02,2025-09-02,1,1,0,WORN BY EARRING MAGIC KEN
NEEDLEPOINT,NEEDLEPOINT,1,2025-11-18,2025-11-18,1,1,0,"ENDING IN SYNONYMS FOR ""LOCATION"""
NEGATIVE,NEGATIVE,1,2025-04-08,2025-04-08,1,1,0,RADIO LINGO
NEIGHBORHOOD,NEIGHBORHOOD,1,2025-09-17,2025-09-17,1,1,0,LAST WORDS IN LONG-RUNNING CHILDREN’S SHOW TITLES
NEITHER,NEITHER,1,2026-04-07,2026-04-07,1,1,0,WORDS FOR UNSPECIFIED CHOICES
NEMESIS,NEMESIS,1,2026-06-17,2026-06-17,1,1,0,FIGURES IN GREEK MYTH
NEO,NEO,1,2025-05-14,2025-05-14,1,1,0,GREEK PREFIXES
NEON,NEON,1,2024-09-22,2024-09-22,1,1,0,COLOR TYPES
NERD,NERD,1,2024-08-18,2024-08-18,1,1,0,CANDY PIECES
NES,NES,1,2025-09-03,2025-09-03,1,1,0,TV-RELATED ABBREVIATIONS IN THE '80S
NESQUICK,NESQUICK,1,2026-05-16,2026-05-16,1,1,0,"ENDING IN SYNONYMS FOR ""ASAP"""
NETI,NETI,1,2025-05-03,2025-05-03,1,1,0,URL ENDINGS PLUS A LETTER
NETSCAPE,NETSCAPE,1,2026-02-04,2026-02-04,1,1,0,STARTING WITH NBA TEAMS
NETWORK,NETWORK,1,2025-01-11,2025-01-11,1,1,0,THINGS TO DO AT A WORK EVENT
NEUROPLASTIC,NEUROPLASTIC,1,2025-05-16,2025-05-16,1,1,0,ENDING WITH BUILDING MATERIALS
NEVER,NEVER,1,2026-05-30,2026-05-30,1,1,0,"""IN YOUR DREAMS"""
NEVER NEVER,NEVER NEVER,1,2025-08-21,2025-08-21,1,1,0,LANDS OF THE IMAGINATION
NEVERENDING,NEVERENDING,1,2026-06-13,2026-06-13,1,1,0,"WORDS BEFORE ""STORY"" IN MOVIE TITLES"
NEW YEAR'S EVE,NEW YEAR'S EVE,1,2026-02-23,2026-02-23,1,1,0,SETTINGS FOR A KISS
NEW YORK,NEW YORK,1,2026-06-20,2026-06-20,1,1,0,WORDS REPEATED IN HIT SONG TITLES
NEWSHOUND,NEWSHOUND,1,2025-06-06,2025-06-06,1,1,0,ENDING WITH KINDS OF DOGS
NEWT,NEWT,1,2025-04-09,2025-04-09,1,1,0,ANIMALS IN THE WITCHES' BREW IN “MACBETH”
NEWTON,NEWTON,1,2025-12-06,2025-12-06,1,1,0,STARTING WITH HERPETOFAUNA
NEXT,NEXT,1,2024-10-16,2024-10-16,1,1,0,AT SOME FUTURE POINT
NEXT TIME,NEXT TIME,1,2026-03-13,2026-03-13,1,1,0,"""NO THANKS"""
NFL PLAYER,NFL PLAYER,1,2025-06-30,2025-06-30,1,1,0,WHAT “JET” MIGHT REFER TO
NHL,NHL,1,2024-09-10,2024-09-10,1,1,0,THINGS WITH KINGS
NICHE,NICHE,1,2026-06-17,2026-06-17,1,1,0,ALCOVE
NICKEL,NICKEL,1,2025-09-13,2025-09-13,1,1,0,BUFFALO ___
NICKELODEON,NICKELODEON,1,2024-10-15,2024-10-15,1,1,0,CABLE CHANNELS
NICKNAME,NICKNAME,1,2025-06-02,2025-06-02,1,1,0,NAMES ENDING IN “K” PLUS WORD
NICOTINE,NICOTINE,1,2025-01-24,2025-01-24,1,1,0,___ PATCH
NIFTY,NIFTY,1,2024-07-30,2024-07-30,1,1,0,PEACHY KEEN
NIGHTCRAWLER,NIGHTCRAWLER,1,2026-05-23,2026-05-23,1,1,0,MARVEL CHARACTERS
NIGHTMARE,NIGHTMARE,1,2026-03-14,2026-03-14,1,1,0,ENDING IN FEMALE ANIMALS
NITTY-GRITTY,NITTY-GRITTY,1,2026-03-27,2026-03-27,1,1,0,WHAT IT ALL BOILS DOWN TO
NITWIT,NITWIT,1,2025-08-14,2025-08-14,1,1,0,RHYMING COMPOUND WORDS
NIX,NIX,1,2024-07-17,2024-07-17,1,1,0,STARTS OF U.S. PRESIDENTS
NIXON,NIXON,1,2025-11-23,2025-11-23,1,1,0,OLIVER STONE MOVIES
NO WAY,NO WAY,1,2026-05-30,2026-05-30,1,1,0,"""IN YOUR DREAMS"""
NO-NO,NO-NO,1,2025-08-21,2025-08-21,1,1,0,BLUNDER
NOAA,NOAA,1,2025-09-18,2025-09-18,1,1,0,HOMOPHONES OF GENESIS FIGURES
NOD,NOD,1,2025-08-18,2025-08-18,1,1,0,INDICATION
NOISE,NOISE,1,2024-07-23,2024-07-23,1,1,0,UTTERANCE
NOISEMAKER,NOISEMAKER,1,2025-12-31,2025-12-31,1,1,0,HAPPY NEW YEAR!
NON BLONDES,NON BLONDES,1,2026-01-09,2026-01-09,1,1,0,MUSICAL ARTISTS MINUS STARTING NUMBERS
NONSTOP,NONSTOP,1,2024-09-09,2024-09-09,1,1,0,CONTINUOUS
NOPE,NOPE,1,2025-07-15,2025-07-15,1,1,0,HORROR MOVIES FROM 2022
NORM,NORM,1,2025-03-30,2025-03-30,1,1,0,AVERAGE
NORTHWEST,NORTHWEST,1,2024-07-01,2024-07-01,1,1,0,FIRST WORDS OF CANADIAN PROVINCES/TERRITORIES
NOSE AROUND,NOSE AROUND,1,2025-07-17,2025-07-17,1,1,0,MEDDLE
NOT QUITE,NOT QUITE,1,2025-05-18,2025-05-18,1,1,0,ENCOURAGING RESPONSES IN A GUESSING GAME
NOVAK,NOVAK,1,2026-02-28,2026-02-28,1,1,0,ASTRONOMICAL TERMS PLUS A LETTER
NOVICE,NOVICE,1,2026-01-12,2026-01-12,1,1,0,EXPERIENCE LEVELS
NOW,NOW,1,2025-02-08,2025-02-08,1,1,0,TIME ADVERBS
NOWHERE,NOWHERE,1,2026-05-08,2026-05-08,1,1,0,"UNEXPECTED PLACES TO BE ""OUT OF"""
NUCLEUS,NUCLEUS,1,2026-04-05,2026-04-05,1,1,0,ATOMIC STRUCTURE TERMS
NUDE,NUDE,1,2025-05-29,2025-05-29,1,1,0,WHAT “BUFF” MIGHT MEAN
NUDITY,NUDITY,1,2025-06-15,2025-06-15,1,1,0,CONSIDERATIONS FOR MOVIE RATINGS
NUTS,NUTS,1,2024-12-12,2024-12-12,1,1,1,MILD OATHS
NUTTY,NUTTY,1,2026-04-10,2026-04-10,1,1,0,DESCRIPTORS FOR SWISS CHEESE
NUZZLE,NUZZLE,1,2025-12-04,2025-12-04,1,1,0,CUDDLE
NYMPH,NYMPH,1,2025-06-02,2025-06-02,1,1,0,WORDS WHOSE ONLY VOWEL IS “Y”
OAR,OAR,1,2024-10-20,2024-10-20,1,1,0,HOMOPHONES OF COORDINATING CONJUNCTIONS
OAST,OAST,1,2026-01-09,2026-01-09,1,1,0,CARDINAL DIRECTIONS WITH FIRST LETTER CHANGED
OATMEAL,OATMEAL,1,2025-10-04,2025-10-04,1,1,0,KINDS OF COOKIES
OBELISK,OBELISK,1,2025-05-22,2025-05-22,1,1,0,FEATURES OF THE NATIONAL MALL IN D.C.
OBSCURE,OBSCURE,1,2026-03-25,2026-03-25,1,1,0,OBFUSCATE
OCCUPATION,OCCUPATION,1,2025-06-08,2025-06-08,1,1,0,SIDEBAR INFO ON A PERSON’S WIKIPEDIA PAGE
OCCUPY,OCCUPY,1,2025-10-14,2025-10-14,1,1,0,CAPTIVATE
OCHER,OCHER,1,2025-10-28,2025-10-28,1,1,0,ONE-NAMED SINGER PLUS STARTING LETTER
OEDIPUS COMPLEX,OEDIPUS COMPLEX,1,2025-12-23,2025-12-23,1,1,0,FREUDIAN CONCEPTS
OF COURSE,OF COURSE,1,2025-11-17,2025-11-17,1,1,0,"""YOU BET"""
OFF-LIMITS,OFF-LIMITS,1,2025-11-17,2025-11-17,1,1,0,FORBIDDEN
OFFAL,OFFAL,1,2025-07-11,2025-07-11,1,1,0,HOMOPHONES OF SYNONYMS FOR “DESPICABLE”
OFFICE,OFFICE,1,2024-08-10,2024-08-10,1,1,0,MICROSOFT PRODUCTS
OFFSPRING,OFFSPRING,1,2025-12-16,2025-12-16,1,1,0,DESCENDANTS
OFTEN,OFTEN,1,2024-07-08,2024-07-08,1,1,0,WORDS ENDING IN NUMBERS
OGRE,OGRE,1,2024-11-05,2024-11-05,1,1,0,FIGURES IN “SHREK”
OH,OH,1,2025-07-25,2025-07-25,1,1,0,STATE ABBREVIATIONS
OH MY,OH MY,1,2024-12-24,2024-12-24,1,1,0,"“LIONS AND TIGERS AND BEARS, OH MY!”"
OKEY-DOKE,OKEY-DOKE,1,2025-11-17,2025-11-17,1,1,0,"""YOU BET"""
OKLAHOMA,OKLAHOMA,1,2025-07-04,2025-07-04,1,1,0,WHAT “OK” MIGHT REFER TO
OLD FASHIONED,OLD FASHIONED,1,2025-06-23,2025-06-23,1,1,0,___ GLASS GLASSWARE
OLD MAN,OLD MAN,1,2025-06-23,2025-06-23,1,1,0,WORDS IN HEMINGWAY TITLES
OLDIE,OLDIE,1,2026-06-13,2026-06-13,1,1,0,ENDURING SONG
OLIVE BRANCH,OLIVE BRANCH,1,2025-03-30,2025-03-30,1,1,0,PICTURED ON THE U.S. GREAT SEAL
OLIVE OIL,OLIVE OIL,1,2026-03-23,2026-03-23,1,1,0,"""VIRGIN"" THINGS"
OLIVES,OLIVES,1,2026-04-06,2026-04-06,1,1,0,MUSICALS WITH LAST LETTER CHANGED
OLIVIA,OLIVIA,1,2024-12-10,2024-12-10,1,1,0,COUNTRIES MINUS FIRST LETTER
OLYMPIC,OLYMPIC,1,2025-10-15,2025-10-15,1,1,0,TYPES OF POOLS
OMAHA,OMAHA,1,2025-08-22,2025-08-22,1,1,0,KINDS OF POKER
OMEGA,OMEGA,1,2026-06-08,2026-06-08,1,1,0,"""THE ___ MAN"" MOVIES"
OMEN,OMEN,1,2024-06-22,2024-06-22,1,1,0,"HORROR MOVIES, WITH “THE”"
ON,ON,1,2024-08-11,2024-08-11,1,1,0,REGARDING
ONCE,ONCE,1,2024-12-14,2024-12-14,1,1,0,WORDS IN AN AUCTION-ENDING PHRASE
ONE HUNDRED,ONE HUNDRED,1,2025-12-15,2025-12-15,1,1,0,"WHAT ""C"" MIGHT MEAN"
ONE WEEK,ONE WEEK,1,2025-06-13,2025-06-13,1,1,0,HIT SONGS OF 1998
OOZE,OOZE,1,2024-08-04,2024-08-04,1,1,0,BEGINNING WITH DOUBLE LETTERS
OPAL,OPAL,1,2025-12-29,2025-12-29,1,1,0,CAR BRAND HOMOPHONES
OPEL,OPEL,1,2025-05-07,2025-05-07,1,1,0,HOMOPHONES OF GEMSTONES
OPEN MIC,OPEN MIC,1,2026-03-23,2026-03-23,1,1,0,ENDING IN NICKNAME HOMOPHONES
OPERATE,OPERATE,1,2024-08-10,2024-08-10,1,1,0,BE IN COMMISSION
OPTION,OPTION,1,2025-02-15,2025-02-15,1,1,0,WORDS ON A MAC KEYBOARD
OPUS,OPUS,1,2026-05-12,2026-05-12,1,1,0,SUBSTANTIAL BOOK
OR,OR,1,2024-08-16,2024-08-16,1,1,0,U.S. STATE ABBREVIATIONS
ORB,ORB,1,2025-04-09,2025-04-09,1,1,0,ROUND THREE-DIMENSIONAL OBJECTS
ORCA,ORCA,1,2025-09-22,2025-09-22,1,1,0,BLACK-AND-WHITE THINGS
ORDER,ORDER,1,2025-06-09,2025-06-09,1,1,0,SECURE IN ADVANCE
ORDERS,ORDERS,1,2026-04-29,2026-04-29,1,1,0,STANDING ___
ORE,ORE,1,2024-12-26,2024-12-26,1,1,0,"U.S. STATE ABBREVIATIONS, PER AP STYLE GUIDE"
ORGANISM,ORGANISM,1,2025-09-04,2025-09-04,1,1,0,THINGS WITH CELLS
ORGANIZE,ORGANIZE,1,2024-07-21,2024-07-21,1,1,0,WAYS TO SUPPORT A CANDIDATE
ORGO,ORGO,1,2025-05-03,2025-05-03,1,1,0,URL ENDINGS PLUS A LETTER
ORIGAMI,ORIGAMI,1,2024-08-25,2024-08-25,1,1,0,ACTIVITIES THAT INVOLVE FOLDING
OSAKA,OSAKA,1,2026-03-08,2026-03-08,1,1,0,CITIES
OTHELLO,OTHELLO,1,2026-05-27,2026-05-27,1,1,0,CLASSIC BOARD GAMES
OTOE,OTOE,1,2026-01-13,2026-01-13,1,1,0,PARTS OF THE FOOT PLUS STARTING LETTER
OUCH,OUCH,1,2025-02-03,2025-02-03,1,1,0,COMMENT AFTER AN INSULT
OUI,OUI,1,2026-03-11,2026-03-11,1,1,0,PRONOUN HOMOPHONES
OUIJA BOARD,OUIJA BOARD,1,2025-10-29,2025-10-29,1,1,0,THINGS FEATURING LETTERS A THROUGH Z
OUROBOROS,OUROBOROS,1,2025-09-02,2025-09-02,1,1,0,STARTING WITH POSSESSIVE DETERMINERS
OUT,OUT,1,2025-07-25,2025-07-25,1,1,0,BASEBALL CALLS
OUTCAST,OUTCAST,1,2026-02-22,2026-02-22,1,1,0,ONE WHO DOESN'T FIT IN
OUTIE,OUTIE,1,2025-12-29,2025-12-29,1,1,0,CAR BRAND HOMOPHONES
OUTLINE,OUTLINE,1,2025-10-14,2025-10-14,1,1,0,SUMMARY
OUTLOOK,OUTLOOK,1,2024-07-10,2024-07-10,1,1,0,FUTURE LIKELIHOOD
OUTPOURING,OUTPOURING,1,2025-11-27,2025-11-27,1,1,0,INUNDATION
OUTSIDE,OUTSIDE,1,2024-12-05,2024-12-05,1,1,0,EXTERIOR
OUTTAKES,OUTTAKES,1,2026-02-10,2026-02-10,1,1,0,DVD BONUS FEATURES
OVAL,OVAL,1,2025-11-13,2025-11-13,1,1,0,___ OFFICE
OVATION,OVATION,1,2026-04-29,2026-04-29,1,1,0,STANDING ___
OVEN,OVEN,1,2026-06-05,2026-06-05,1,1,0,ASSOCIATED WITH HANSEL AND GRETEL
OVERALL,OVERALL,1,2026-01-03,2026-01-03,1,1,0,LEGWEAR IN THE SINGULAR
OVERDONE,OVERDONE,1,2025-07-16,2025-07-16,1,1,0,"EXAGGERATED, AS A PERFORMANCE"
OVERLOOK,OVERLOOK,1,2024-11-26,2024-11-26,1,1,0,DISREGARD
OVERSIGHT,OVERSIGHT,1,2025-08-02,2025-08-02,1,1,0,CONTRONYMS (WORDS THAT CAN MEAN OPPOSITE THINGS)
OWES,OWES,1,2025-09-22,2025-09-22,1,1,0,WORDS THAT SOUND LIKE PLURAL LETTERS
OXFORD,OXFORD,1,2024-11-21,2024-11-21,1,1,0,KINDS OF SHIRTS
OXYGEN,OXYGEN,1,2024-10-15,2024-10-15,1,1,0,CABLE CHANNELS
OZONE,OZONE,1,2024-07-08,2024-07-08,1,1,0,WORDS ENDING IN NUMBERS
P,P,1,2025-04-01,2025-04-01,1,1,1,EMOTICON MOUTHS
PA,PA,1,2024-08-16,2024-08-16,1,1,0,U.S. STATE ABBREVIATIONS
PAC,PAC,1,2025-07-17,2025-07-17,1,1,0,SUPER ___
PAC-MAN,PAC-MAN,1,2025-08-08,2025-08-08,1,1,0,WORDS AFTER THE LETTERS “MS”
PACE,PACE,1,2025-09-19,2025-09-19,1,1,0,EXHIBIT NERVOUSNESS
PACIFIC,PACIFIC,1,2026-05-29,2026-05-29,1,1,0,OCEANS
PACIFIER,PACIFIER,1,2025-02-12,2025-02-12,1,1,0,PROPS FOR CHARACTERS ON “THE SIMPSONS”
PACK RAT,PACK RAT,1,2026-06-12,2026-06-12,1,1,0,STARTING WITH ANIMAL GROUP NAMES
PACKER,PACKER,1,2025-02-22,2025-02-22,1,1,0,MEMBER OF A TEAM WITH THE MOST CHAMPIONSHIPS IN THEIR RESPECTIVE SPORTS
PACKING,PACKING,1,2024-10-30,2024-10-30,1,1,0,KINDS OF TAPE
PAD,PAD,1,2026-01-06,2026-01-06,1,1,0,APARTMENT
PADRE,PADRE,1,2026-05-18,2026-05-18,1,1,0,MLB PLAYER
PADS,PADS,1,2024-12-01,2024-12-01,1,1,0,FOOTBALL GEAR
PAGAN,PAGAN,1,2025-01-23,2025-01-23,1,1,0,RHYMES OF U.S. PRESIDENT NAMES
PAGE VIEW,PAGE VIEW,1,2025-05-12,2025-05-12,1,1,0,THINGS TRACKED BY WEB ANALYTICS
PAGES,PAGES,1,2024-10-23,2024-10-23,1,1,0,YELLOW ___
PAJAMAS,PAJAMAS,1,2026-01-16,2026-01-16,1,1,0,COMPONENTS OF A KID’S BEDTIME ROUTINE
PAL,PAL,1,2024-08-15,2024-08-15,1,1,0,WORDS AFTER “PAY”
PALAZZO,PALAZZO,1,2025-12-13,2025-12-13,1,1,0,WIDE-LEGGED PANT STYLES
PALE,PALE,1,2025-09-26,2025-09-26,1,1,0,HARD TO MAKE OUT
PALEONTOLOGIST,PALEONTOLOGIST,1,2024-09-11,2024-09-11,1,1,0,FEATURED IN “JURASSIC PARK”
PALETTE KNIFE,PALETTE KNIFE,1,2026-01-31,2026-01-31,1,1,0,WAYS TO APPLY PAINT
PALM TREE,PALM TREE,1,2026-03-01,2026-03-01,1,1,0,VACATION EMOJI
PAMPER,PAMPER,1,2025-02-14,2025-02-14,1,1,0,MOLLYCODDLE
PAMPLEMOUSSE,PAMPLEMOUSSE,1,2025-09-04,2025-09-04,1,1,0,FRENCH FOOD WORDS
PANACEA,PANACEA,1,2026-02-20,2026-02-20,1,1,0,QUICK FIX
PANACHE,PANACHE,1,2026-06-04,2026-06-04,1,1,0,ESPRIT
PANDA,PANDA,1,2025-03-25,2025-03-25,1,1,0,BLACK-AND-WHITE THINGS
PANDORA,PANDORA,1,2024-10-28,2024-10-28,1,1,0,AUDIO APPS
PANEL,PANEL,1,2024-11-02,2024-11-02,1,1,0,GROUP OF ADVISORS
PANTHER,PANTHER,1,2025-12-26,2025-12-26,1,1,0,BLACK ___
PAP,PAP,1,2024-09-16,2024-09-16,1,1,0,OVERLY SENTIMENTAL WORK
PAPAL,PAPAL,1,2026-06-11,2026-06-11,1,1,0,PAYMENT APPS MINUS A LETTER
PAPYRUS,PAPYRUS,1,2024-07-25,2024-07-25,1,1,0,ANCIENT WRITING SURFACES
PARACHUTE,PARACHUTE,1,2025-02-22,2025-02-22,1,1,0,WORDS AFTER “GOLDEN”
PARADISE,PARADISE,1,2024-12-11,2024-12-11,1,1,0,UTOPIA
PARALYMPICS,PARALYMPICS,1,2024-12-11,2024-12-11,1,1,0,PROPER NOUN PORTMANTEAUX
PARAMOUNT,PARAMOUNT,1,2025-09-18,2025-09-18,1,1,0,ORGS WITH STARS IN THEIR LOGOS
PARCEL,PARCEL,1,2024-09-23,2024-09-23,1,1,0,BIT OF LAND FOR GROWING
PARCH,PARCH,1,2026-01-13,2026-01-13,1,1,0,PARTS OF THE FOOT PLUS STARTING LETTER
PARCHMENT,PARCHMENT,1,2024-07-25,2024-07-25,1,1,0,ANCIENT WRITING SURFACES
PARDON,PARDON,1,2024-09-03,2024-09-03,1,1,0,ABSOLVE
PARE,PARE,1,2026-05-18,2026-05-18,1,1,0,HOMOPHONES
PARENS,PARENS,1,2025-06-11,2025-06-11,1,1,0,WAYS TO DENOTE A CITATION
PARISH,PARISH,1,2025-01-30,2025-01-30,1,1,0,STARTING WITH EUROPEAN CAPITALS
PARKER,PARKER,1,2024-07-16,2024-07-16,1,1,0,PETER ___
PARLAY,PARLAY,1,2025-02-04,2025-02-04,1,1,0,SPORTS GAMBLING TERMS
PARMESAN,PARMESAN,1,2026-06-19,2026-06-19,1,1,0,UMAMI-RICH FOODS
PARS,PARS,1,2025-12-08,2025-12-08,1,1,0,EUROPEAN CAPITALS MINUS SECOND-TO-LAST LETTER
PARSNIP,PARSNIP,1,2025-07-09,2025-07-09,1,1,0,"ENDING IN SYNONYMS FOR ""CLIP"""
PART,PART,1,2024-06-25,2024-06-25,1,1,0,DIVIDE
PART ONE,PART ONE,1,2025-01-07,2025-01-07,1,1,0,BOOK SUBTITLES
PARTICIPANT,PARTICIPANT,1,2024-08-06,2024-08-06,1,1,0,ONE IN A RESEARCH STUDY
PARTICULAR,PARTICULAR,1,2025-07-12,2025-07-12,1,1,0,DETAILED
PARTRIDGE,PARTRIDGE,1,2025-02-02,2025-02-02,1,1,0,TV COMEDY FAMILIES
PARTY HAT,PARTY HAT,1,2026-02-23,2026-02-23,1,1,0,CONICAL THINGS
PASO,PASO,1,2025-12-07,2025-12-07,1,1,0,EL ___
PASS NOTES,PASS NOTES,1,2025-08-08,2025-08-08,1,1,0,THINGS YOU MIGHT DO DURING A BORING CLASS/MEETING
PASSION,PASSION,1,2025-02-25,2025-02-25,1,1,0,ENTHUSIASM
PAST TENSE,PAST TENSE,1,2025-10-03,2025-10-03,1,1,0,"WHAT ""ED"" MIGHT INDICATE"
PASTA,PASTA,1,2025-10-22,2025-10-22,1,1,0,COPY___
PASTEL,PASTEL,1,2024-09-22,2024-09-22,1,1,0,COLOR TYPES
PASTEURIZE,PASTEURIZE,1,2026-04-05,2026-04-05,1,1,0,"STARTING WITH SYNONYMS FOR ""SLUSH"""
PASTOR,PASTOR,1,2024-09-08,2024-09-08,1,1,0,ECCLESIASTICAL TITLES
PASTY,PASTY,1,2026-06-03,2026-06-03,1,1,0,SAVORY STUFFED PASTRIES
PAT,PAT,1,2025-10-11,2025-10-11,1,1,0,NICKNAMES THAT HAVE OTHER MEANINGS
PATE,PATE,1,2026-06-08,2026-06-08,1,1,0,SLANG FOR HEAD
PATRONIZE,PATRONIZE,1,2024-07-08,2024-07-08,1,1,0,SPEND TIME AT
PAULO,PAULO,1,2026-05-12,2026-05-12,1,1,0,"""SAINT"" CITIES"
PAUSE,PAUSE,1,2024-11-06,2024-11-06,1,1,0,DVR BUTTONS
PAW,PAW,1,2025-04-23,2025-04-23,1,1,0,CANINE/FELINE FEATURES
PAWL,PAWL,1,2025-12-28,2025-12-28,1,1,0,MECHANICAL WATCH PARTS
PAYDAY,PAYDAY,1,2024-11-11,2024-11-11,1,1,0,CANDY BARS
PAYPAL,PAYPAL,1,2024-12-11,2024-12-11,1,1,0,ENDING IN SYNONYMS FOR “FRIEND”
PEA SOUP,PEA SOUP,1,2025-12-01,2025-12-01,1,1,0,STARTING WITH LETTER HOMOPHONES
PEAKS,PEAKS,1,2025-06-30,2025-06-30,1,1,0,SECOND WORDS IN DAVID LYNCH TITLES
PEAL,PEAL,1,2024-10-14,2024-10-14,1,1,0,SOUNDS OF THUNDER
PEANUT,PEANUT,1,2025-01-15,2025-01-15,1,1,0,FICTIONAL MISTERS
PEANUTS,PEANUTS,1,2026-02-22,2026-02-22,1,1,0,CLASSIC COMIC STRIPS
PEAR,PEAR,1,2026-05-18,2026-05-18,1,1,0,HOMOPHONES
PEAT,PEAT,1,2024-09-17,2024-09-17,1,1,0,NAME HOMOPHONES
PEBBLE,PEBBLE,1,2024-10-16,2024-10-16,1,1,0,BIT OF BREAKFAST CEREAL
PEC,PEC,1,2025-08-15,2025-08-15,1,1,0,STARTS OF CULINARY NUTS
PECAN,PECAN,1,2026-05-21,2026-05-21,1,1,0,KINDS OF PIES
PECK,PECK,1,2026-01-18,2026-01-18,1,1,0,CLASSIC HOLLYWOOD ACTORS
PEDESTRIAN,PEDESTRIAN,1,2025-11-16,2025-11-16,1,1,0,RUN-OF-THE-MILL
PEE-WEE,PEE-WEE,1,2025-09-23,2025-09-23,1,1,0,TITLE CHARACTERS IN '80S MOVIES
PEEK,PEEK,1,2026-05-15,2026-05-15,1,1,0,"HOMOPHONES OF KINDS OF DOGS, FAMILIARLY"
PEEPS,PEEPS,1,2026-02-19,2026-02-19,1,1,0,EASTER SUPPLIES
PELLETS,PELLETS,1,2025-10-31,2025-10-31,1,1,1,MS. PAC-MAN
PELVIS,PELVIS,1,2025-10-28,2025-10-28,1,1,0,ONE-NAMED SINGER PLUS STARTING LETTER
PENCIL,PENCIL,1,2025-05-08,2025-05-08,1,1,0,NEEDS FOR PLAYING YAHTZEE
PENINSULA,PENINSULA,1,2026-06-08,2026-06-08,1,1,0,LANDFORMS BY WATER
PENNANT,PENNANT,1,2026-05-26,2026-05-26,1,1,0,CHAMPIONSHIP AWARDS
PENNSYLVANIA,PENNSYLVANIA,1,2026-05-29,2026-05-29,1,1,0,"WHAT ""PA"" MIGHT REFER TO"
PENNY,PENNY,1,2025-03-01,2025-03-01,1,1,0,ASSOCIATED WITH GOOD LUCK
PENNYWISE,PENNYWISE,1,2024-10-15,2024-10-15,1,1,0,FICTIONAL CLOWNS
PENTACLES,PENTACLES,1,2025-05-07,2025-05-07,1,1,0,TAROT MINOR ARCANA SUITS
PEOPLE EATER,PEOPLE EATER,1,2025-11-07,2025-11-07,1,1,0,THINGS THAT ARE PURPLE
PEOPLE PERSON,PEOPLE PERSON,1,2026-06-19,2026-06-19,1,1,0,STARTING WITH MAGAZINES
PEPPERONCINO,PEPPERONCINO,1,2026-04-10,2026-04-10,1,1,0,PEPPERS
PEPSI,PEPSI,1,2024-09-12,2024-09-12,1,1,0,ENDING WITH GREEK LETTERS
PEPSINOGEN,PEPSINOGEN,1,2026-04-18,2026-04-18,1,1,0,STARTING WITH SODA BRANDS
PERCENT,PERCENT,1,2025-04-27,2025-04-27,1,1,0,CALCULATOR BUTTONS
PERCENTAGE,PERCENTAGE,1,2024-09-10,2024-09-10,1,1,0,RATINGS SYSTEMS
PERCUSSION,PERCUSSION,1,2025-10-26,2025-10-26,1,1,0,KINDS OF INSTRUMENTS
PERFECT STORM,PERFECT STORM,1,2026-06-16,2026-06-16,1,1,0,"RARE THINGS, IDIOMATICALLY"
PERHAPS,PERHAPS,1,2024-08-18,2024-08-18,1,1,0,“HERE’S A THOUGHT ...”
PERIMETER,PERIMETER,1,2025-09-22,2025-09-22,1,1,0,BASIC GEOMETRIC CALCULATIONS
PERIODIC,PERIODIC,1,2024-07-19,2024-07-19,1,1,0,___ TABLE
PERIODICALS,PERIODICALS,1,2025-12-21,2025-12-21,1,1,0,LIBRARY SECTIONS
PERMANENT,PERMANENT,1,2025-10-12,2025-10-12,1,1,0,FOR ALL TIME
PERPLEX,PERPLEX,1,2024-12-06,2024-12-06,1,1,0,BAFFLE
PERRIER,PERRIER,1,2025-12-28,2025-12-28,1,1,0,DOGS WITH FIRST LETTER CHANGED
PERSONA,PERSONA,1,2024-07-13,2024-07-13,1,1,0,EMBODIMENT
PERSONALITY,PERSONALITY,1,2025-08-29,2025-08-29,1,1,0,FAMOUS PERSON
PERSPECTIVE,PERSPECTIVE,1,2024-11-22,2024-11-22,1,1,0,POINT OF VIEW
PESTO,PESTO,1,2025-11-07,2025-11-07,1,1,0,GREEN CONDIMENTS
PET,PET,1,2024-11-27,2024-11-27,1,1,0,WHAT A SITTER MIGHT SIT
PET ROCK,PET ROCK,1,2026-03-19,2026-03-19,1,1,0,ENDING IN MUSIC GENRES
PET SHOP,PET SHOP,1,2024-09-08,2024-09-08,1,1,0,___ BOYS
PETER,PETER,1,2025-03-06,2025-03-06,1,1,0,WANE
PETERSBURG,PETERSBURG,1,2026-05-12,2026-05-12,1,1,0,"""SAINT"" CITIES"
PETIT,PETIT,1,2025-10-27,2025-10-27,1,1,0,___ FOUR
PETTY,PETTY,1,2026-04-03,2026-04-03,1,1,0,CATTY
PETUNIA,PETUNIA,1,2024-08-14,2024-08-14,1,1,0,FLOWERS
PHARMA,PHARMA,1,2024-12-20,2024-12-20,1,1,0,KINDS OF BROS
PHASE,PHASE,1,2026-04-29,2026-04-29,1,1,0,STEP IN A PROCESS
PHILLIPS,PHILLIPS,1,2026-02-14,2026-02-14,1,1,0,TOM HANKS ROLES
PHILOSOPHY,PHILOSOPHY,1,2025-11-16,2025-11-16,1,1,0,TECHNIQUE
PHISH,PHISH,1,2024-12-13,2024-12-13,1,1,0,ANIMAL HOMOPHONES
PHLOX,PHLOX,1,2026-06-15,2026-06-15,1,1,0,FLOWERS
PHOTO,PHOTO,1,2025-10-09,2025-10-09,1,1,0,NEWS ARTICLE FEATURES
PHOTOGRAPHER,PHOTOGRAPHER,1,2025-06-06,2025-06-06,1,1,0,NEWSPAPER JOBS
PHRASE,PHRASE,1,2024-11-15,2024-11-15,1,1,0,ELEMENTS OF WRITING
PHYSICAL,PHYSICAL,1,2025-03-09,2025-03-09,1,1,0,#1 SONGS FROM 1982
PIANO KEYS,PIANO KEYS,1,2025-08-20,2025-08-20,1,1,0,BLACK-AND-WHITE THINGS
PIAZZA,PIAZZA,1,2025-12-13,2025-12-13,1,1,0,NEW YORK METS LEGENDS
PICK-UP STICKS,PICK-UP STICKS,1,2025-11-03,2025-11-03,1,1,0,THINGS WITH A LOT OF PIECES
PICKET,PICKET,1,2026-05-24,2026-05-24,1,1,0,LABOR PROTEST ACTIONS
PICKLES,PICKLES,1,2025-02-02,2025-02-02,1,1,0,TV COMEDY FAMILIES
PICTURES,PICTURES,1,2025-05-21,2025-05-21,1,1,0,FOLDERS ON A MAC
PIECES,PIECES,1,2025-08-31,2025-08-31,1,1,0,COMMON COMPONENTS OF BOARD GAMES
PIER,PIER,1,2026-05-27,2026-05-27,1,1,0,HOMOPHONES OF WAYS OF LOOKING
PIERCING,PIERCING,1,2025-08-26,2025-08-26,1,1,0,DISTINGUISHING CHARACTERISTICS
PIG,PIG,1,2025-02-19,2025-02-19,1,1,0,___TAIL
PIGLET,PIGLET,1,2025-12-14,2025-12-14,1,1,0,FICTIONAL PIGS
PIKACHU,PIKACHU,1,2026-05-31,2026-05-31,1,1,0,THINGS THAT ARE YELLOW
PILATES,PILATES,1,2026-06-18,2026-06-18,1,1,0,FITNESS CLASS TYPES
PILE,PILE,1,2024-09-11,2024-09-11,1,1,0,LARGE AMOUNT OF MONEY
PILLAR,PILLAR,1,2024-08-08,2024-08-08,1,1,0,MAINSTAY
PILLBOX,PILLBOX,1,2024-11-16,2024-11-16,1,1,0,KINDS OF HATS
PILLED,PILLED,1,2024-12-06,2024-12-06,1,1,0,COLLOQUIAL SUFFIXES
PILLOWCASE,PILLOWCASE,1,2025-05-26,2025-05-26,1,1,0,ITEMS IN A LINEN CLOSET
PINBALL,PINBALL,1,2025-06-26,2025-06-26,1,1,0,KINDS OF MACHINES
PINE TREE,PINE TREE,1,2024-12-04,2024-12-04,1,1,0,THINGS WITH NEEDLE/S
PINEAPPLE,PINEAPPLE,1,2024-09-16,2024-09-16,1,1,0,SPIKY THINGS
PING,PING,1,2026-03-25,2026-03-25,1,1,0,UNITS OF VOLUME WITH LAST LETTER CHANGED
PINION,PINION,1,2026-03-15,2026-03-15,1,1,0,TOOTHED WHEELS
PINK,PINK,1,2024-12-30,2024-12-30,1,1,0,"NAMES FEATURING ""!"""
PINNACLE,PINNACLE,1,2025-10-24,2025-10-24,1,1,0,BEST YEARS
PINOT,PINOT,1,2025-03-26,2025-03-26,1,1,0,UNITS OF VOLUME PLUS LETTER
PINT,PINT,1,2024-07-15,2024-07-15,1,1,0,LIQUOR BOTTLE SIZES
PIONEER,PIONEER,1,2024-10-22,2024-10-22,1,1,0,NASA SPACECRAFT
PIONEERS,PIONEERS,1,2025-10-12,2025-10-12,1,1,0,ESTABLISHES
PISA,PISA,1,2025-02-26,2025-02-26,1,1,0,SIMPSON FAMILY MEMBERS WITH FIRST LETTER CHANGED
PISTON,PISTON,1,2026-03-26,2026-03-26,1,1,0,MEMBER OF A DETROIT SPORTS TEAM
PITCHER'S MOUND,PITCHER'S MOUND,1,2026-05-08,2026-05-08,1,1,0,"ENDING IN CANDY BRANDS MINUS ""S"""
PITCHERS,PITCHERS,1,2025-04-24,2025-04-24,1,1,0,THEY HAVE LITERAL/IDIOMATIC EARS
PITT,PITT,1,2026-05-15,2026-05-15,1,1,0,"HOMOPHONES OF KINDS OF DOGS, FAMILIARLY"
PITTER-PATTER,PITTER-PATTER,1,2026-05-04,2026-05-04,1,1,0,STARTING WITH FAMILIAR NAMES FOR KINDS OF DOGS
PIXIE,PIXIE,1,2024-12-13,2024-12-13,1,1,0,FANTASY CREATURES
PIZZA PIE,PIZZA PIE,1,2025-12-01,2025-12-01,1,1,0,CIRCULAR THINGS
PLACE,PLACE,1,2024-11-24,2024-11-24,1,1,0,WHAT A NOUN MIGHT BE
PLACEBO,PLACEBO,1,2024-11-01,2024-11-01,1,1,0,___ EFFECT
PLACEMAT,PLACEMAT,1,2025-04-29,2025-04-29,1,1,0,SEEN ON A TABLE AT A DINNER PARTY
PLANCHA,PLANCHA,1,2025-03-19,2025-03-19,1,1,0,À/A LA ___
PLANET,PLANET,1,2024-12-25,2024-12-25,1,1,0,CELESTIAL OBJECTS
PLASTIC,PLASTIC,1,2024-10-18,2024-10-18,1,1,0,NON-CASH WAY TO PAY
PLATEAU,PLATEAU,1,2025-05-05,2025-05-05,1,1,0,STOP CHANGING
PLATFORM,PLATFORM,1,2025-10-29,2025-10-29,1,1,0,CHANNEL
PLATFORM SHOES,PLATFORM SHOES,1,2026-02-19,2026-02-19,1,1,0,"ELEMENTS OF ""SATURDAY NIGHT FEVER"""
PLATITUDE,PLATITUDE,1,2025-10-28,2025-10-28,1,1,0,BANALITY
PLATOON,PLATOON,1,2025-11-23,2025-11-23,1,1,0,OLIVER STONE MOVIES
PLAYING,PLAYING,1,2025-12-22,2025-12-22,1,1,0,KINDS OF CARDS
PLAYING CARD,PLAYING CARD,1,2026-02-20,2026-02-20,1,1,0,"WHAT ""JACK"" MIGHT REFER TO"
PLAYS,PLAYS,1,2026-03-30,2026-03-30,1,1,0,SNACK BRANDS PLUS STARTING LETTER
PLAYWRIGHT,PLAYWRIGHT,1,2025-08-01,2025-08-01,1,1,0,SILENT “W”
PLEA,PLEA,1,2025-11-22,2025-11-22,1,1,0,___ DEAL
PLEAD,PLEAD,1,2024-08-24,2024-08-24,1,1,0,ENDING WITH CHEMICAL ELEMENTS
PLEATHER VEST,PLEATHER VEST,1,2025-09-02,2025-09-02,1,1,0,WORN BY EARRING MAGIC KEN
PLIE,PLIE,1,2026-06-18,2026-06-18,1,1,0,TOOLS MINUS LAST TWO LETTERS
PLOT,PLOT,1,2024-09-23,2024-09-23,1,1,0,BIT OF LAND FOR GROWING
PLOW,PLOW,1,2025-01-21,2025-01-21,1,1,0,USED TO CLEAR SNOW
PLUMBER,PLUMBER,1,2025-10-09,2025-10-09,1,1,0,TITLE FIGURES IN CLASSIC VIDEO GAMES
PLUME,PLUME,1,2026-04-20,2026-04-20,1,1,0,MASS OF SMOKE
PLUNGE,PLUNGE,1,2026-03-31,2026-03-31,1,1,0,KINDS OF BRAS
PLUNGER,PLUNGER,1,2025-06-05,2025-06-05,1,1,0,PLUMBING EQUIPMENT
PLYMOUTH,PLYMOUTH,1,2025-08-19,2025-08-19,1,1,0,___ ROCK
POCKET WATCH,POCKET WATCH,1,2026-06-14,2026-06-14,1,1,0,"FEATURED IN ""ALICE'S ADVENTURES IN WONDERLAND"""
POCO,POCO,1,2025-11-12,2025-11-12,1,1,0,SPANISH WORDS
PODCAST,PODCAST,1,2025-08-23,2025-08-23,1,1,0,MODERN INVENTIONS
PODIUM,PODIUM,1,2026-05-28,2026-05-28,1,1,0,PARTS OF A COURTROOM
POEM,POEM,1,2024-11-06,2024-11-06,1,1,0,THINGS WITH FEET
POETIC,POETIC,1,2025-06-20,2025-06-20,1,1,0,WAX ___
POINT OF VIEW,POINT OF VIEW,1,2025-06-13,2025-06-13,1,1,0,PERSPECTIVE
POINTS,POINTS,1,2025-06-28,2025-06-28,1,1,0,POSSIBLE RESULTS OF A TRAFFIC VIOLATION
POIROT,POIROT,1,2025-12-13,2025-12-13,1,1,0,"SILENT ""T"""
POKÉMON,POKÉMON,1,2024-12-11,2024-12-11,1,1,0,PROPER NOUN PORTMANTEAUX
POLAR BEAR,POLAR BEAR,1,2025-04-24,2025-04-24,1,1,0,THINGS THAT ARE WHITE
POLKA DOT,POLKA DOT,1,2025-11-07,2025-11-07,1,1,0,TEXTILE PATTERNS
POLLINATE,POLLINATE,1,2024-08-14,2024-08-14,1,1,0,THINGS BEES DO
POLLOCK,POLLOCK,1,2025-12-24,2025-12-24,1,1,0,FISH
POLO PLAYER,POLO PLAYER,1,2024-12-02,2024-12-02,1,1,0,ICON EMBROIDERED ON A POLO SHIRT
POLONIUM,POLONIUM,1,2026-06-25,2026-06-25,1,1,0,HAZARDOUS ELEMENTAL METALS
POLYESTER SUIT,POLYESTER SUIT,1,2026-02-19,2026-02-19,1,1,0,"ELEMENTS OF ""SATURDAY NIGHT FEVER"""
POLYHEDRON,POLYHEDRON,1,2026-04-26,2026-04-26,1,1,0,THINGS WITH FACES
POM-POM,POM-POM,1,2025-08-25,2025-08-25,1,1,0,SMALL SPHERICAL THINGS
POMP,POMP,1,2024-07-18,2024-07-18,1,1,0,GLITZINESS
POMPADOUR,POMPADOUR,1,2026-05-23,2026-05-23,1,1,0,HAIRDOS
POMPOM,POMPOM,1,2025-12-18,2025-12-18,1,1,0,COMPONENT OF AN ARTS AND CRAFTS PROJECT
PONDER,PONDER,1,2025-01-24,2025-01-24,1,1,0,CONTEMPLATE
PONZI,PONZI,1,2026-05-11,2026-05-11,1,1,0,KINDS OF SCHEMES
POP-UP,POP-UP,1,2024-06-26,2024-06-26,1,1,0,___ AD
POP-UP BOOK,POP-UP BOOK,1,2026-04-10,2026-04-10,1,1,0,THINGS THAT POP UP
POPCORN,POPCORN,1,2026-03-02,2026-03-02,1,1,0,___ CHICKEN
POPPER,POPPER,1,2025-09-27,2025-09-27,1,1,0,POPCORN-MAKING METHODS
POPPY,POPPY,1,2024-08-14,2024-08-14,1,1,0,FLOWERS
POPSICLE,POPSICLE,1,2026-06-22,2026-06-22,1,1,0,STARTING WITH EXPLOSIVE ONOMATOPOEIA
POPULARITY,POPULARITY,1,2025-10-26,2025-10-26,1,1,0,KINDS OF CONTESTS
PORK,PORK,1,2024-07-23,2024-07-23,1,1,0,LOONEY TUNES CHARACTERS MINUS A LETTER
PORKPIE,PORKPIE,1,2026-01-16,2026-01-16,1,1,0,KINDS OF HATS
PORKY,PORKY,1,2025-12-14,2025-12-14,1,1,0,FICTIONAL PIGS
PORTAL,PORTAL,1,2025-09-14,2025-09-14,1,1,0,ENTRYWAY
PORTERHOUSE,PORTERHOUSE,1,2025-07-23,2025-07-23,1,1,0,KINDS OF STEAKS
POSE,POSE,1,2025-02-01,2025-02-01,1,1,0,STRIKE A ___
POSSESSED,POSSESSED,1,2025-01-29,2025-01-29,1,1,0,OWNED
POSSESSION,POSSESSION,1,2025-04-18,2025-04-18,1,1,0,PERSONAL PROPERTY MINUS “S”
POST OFFICE,POST OFFICE,1,2024-07-17,2024-07-17,1,1,0,BUILDINGS AROUND TOWN
POST-IT,POST-IT,1,2026-05-02,2026-05-02,1,1,0,STARTING WITH NEWSPAPER NAMES
POSTCARD,POSTCARD,1,2025-10-17,2025-10-17,1,1,0,ITEMS IN A SOUVENIR SHOP
POSTERITY,POSTERITY,1,2025-12-16,2025-12-16,1,1,0,DESCENDANTS
POSTPONE,POSTPONE,1,2024-12-19,2024-12-19,1,1,0,DEFER
POTTERY,POTTERY,1,2025-07-06,2025-07-06,1,1,0,FIRED OBJECTS
POUND DOWN,POUND DOWN,1,2025-12-04,2025-12-04,1,1,0,IMBIBE
POWER-UP,POWER-UP,1,2025-05-11,2025-05-11,1,1,0,COMMON VIDEO GAME FEATURES
POWERS,POWERS,1,2025-09-08,2025-09-08,1,1,0,FICTIONAL SPIES
POX,POX,1,2024-12-06,2024-12-06,1,1,0,CURSE
PRACTICAL,PRACTICAL,1,2025-08-09,2025-08-09,1,1,0,KINDS OF JOKES
PRAIRIE,PRAIRIE,1,2024-08-17,2024-08-17,1,1,0,HOUSE STYLES
PRANK,PRANK,1,2025-09-29,2025-09-29,1,1,0,PLAY A JOKE ON
PRATTLER,PRATTLER,1,2025-08-19,2025-08-19,1,1,0,QUITE THE TALKER
PRAYER,PRAYER,1,2024-11-17,2024-11-17,1,1,0,OCCASIONS WHEN ONE MIGHT KNEEL
PREAMP,PREAMP,1,2025-10-06,2025-10-06,1,1,0,PARTS OF A RECORD PLAYER SETUP
PREFERABLY,PREFERABLY,1,2026-05-23,2026-05-23,1,1,0,MORE READILY
PREHEAT,PREHEAT,1,2024-09-08,2024-09-08,1,1,0,VERBS IN A CAKE RECIPE
PRELIMINARY,PRELIMINARY,1,2024-07-16,2024-07-16,1,1,0,EXPERIMENTAL
PREMIER,PREMIER,1,2024-09-16,2024-09-16,1,1,0,FOREMOST
PREMIERE,PREMIERE,1,2025-09-01,2025-09-01,1,1,0,FIRST APPEARANCE
PREPARE,PREPARE,1,2025-09-18,2025-09-18,1,1,0,FURNISH
PRESENCE,PRESENCE,1,2026-06-18,2026-06-18,1,1,0,DEMEANOR
PRESERVE,PRESERVE,1,2025-02-04,2025-02-04,1,1,0,CONSERVE
PRESSES,PRESSES,1,2024-12-27,2024-12-27,1,1,0,"PUSHES, AS A BUTTON"
PRESTO,PRESTO,1,2024-10-28,2024-10-28,1,1,0,MAGIC WORDS
PRETEND,PRETEND,1,2026-01-28,2026-01-28,1,1,0,IMITATION
PRETTY,PRETTY,1,2026-02-26,2026-02-26,1,1,0,"""___ PLEASE"""
PRETZEL,PRETZEL,1,2026-06-26,2026-06-26,1,1,0,CRUNCHY SNACK ITEM
PRICKLY,PRICKLY,1,2025-10-16,2025-10-16,1,1,0,CRABBY
PRIDE ROCK,PRIDE ROCK,1,2026-06-12,2026-06-12,1,1,0,STARTING WITH ANIMAL GROUP NAMES
PRIMATE,PRIMATE,1,2024-12-11,2024-12-11,1,1,0,ENDING IN SYNONYMS FOR “FRIEND”
PRIMP,PRIMP,1,2026-06-15,2026-06-15,1,1,0,GET READY FOR A NIGHT OUT
PRINTING,PRINTING,1,2026-02-27,2026-02-27,1,1,0,___ PRESS
PRINTING PRESS,PRINTING PRESS,1,2026-03-23,2026-03-23,1,1,0,GAME-CHANGING INVENTIONS
PRIVATE RYAN,PRIVATE RYAN,1,2025-08-22,2025-08-22,1,1,0,PROPER NOUNS AFTER GERUNDS IN '90S MOVIE TITLES
PROBLEM,PROBLEM,1,2024-06-15,2024-06-15,1,1,0,___ CHILD
PROBOSCIS,PROBOSCIS,1,2025-12-04,2025-12-04,1,1,0,SNOUTS
PROCEEDING,PROCEEDING,1,2024-11-03,2024-11-03,1,1,0,LEGAL SESSION
PROCESSOR,PROCESSOR,1,2024-07-22,2024-07-22,1,1,0,FOOD ___
PROFANITY,PROFANITY,1,2025-09-02,2025-09-02,1,1,0,CURSES
PROFICIENT,PROFICIENT,1,2026-01-12,2026-01-12,1,1,0,EXPERIENCE LEVELS
PROGRAM,PROGRAM,1,2024-10-24,2024-10-24,1,1,0,LINEUP
PROGRAMMING,PROGRAMMING,1,2025-11-08,2025-11-08,1,1,0,KINDS OF LANGUAGE
PROGRESS,PROGRESS,1,2024-10-09,2024-10-09,1,1,0,BURGEON
PROM,PROM,1,2024-09-14,2024-09-14,1,1,0,___ KING
PROMO,PROMO,1,2025-01-26,2025-01-26,1,1,0,DANCE EVENTS PLUS A LETTER
PRONG,PRONG,1,2024-07-14,2024-07-14,1,1,0,SLENDER PROJECTIONS
PRONOUNCE,PRONOUNCE,1,2025-11-08,2025-11-08,1,1,0,"PUT FORWARD, AS AN ANNOUNCEMENT"
PRONOUNCED,PRONOUNCED,1,2024-08-13,2024-08-13,1,1,0,OBVIOUS
PROOF,PROOF,1,2025-05-31,2025-05-31,1,1,0,VERBS IN BREADMAKING
PROP,PROP,1,2025-05-02,2025-05-02,1,1,0,PILLAR
PROPOSAL,PROPOSAL,1,2024-11-17,2024-11-17,1,1,0,OCCASIONS WHEN ONE MIGHT KNEEL
PROPS,PROPS,1,2024-09-21,2024-09-21,1,1,0,“GREAT JOB!”
PROSCRIBED,PROSCRIBED,1,2025-11-17,2025-11-17,1,1,0,FORBIDDEN
PROSE,PROSE,1,2024-10-23,2024-10-23,1,1,0,PURPLE ___
PROSPECT,PROSPECT,1,2024-07-10,2024-07-10,1,1,0,FUTURE LIKELIHOOD
PROSTHETIC,PROSTHETIC,1,2026-06-13,2026-06-13,1,1,0,USED IN MOVIE PRACTICAL EFFECTS
PROTACTINIUM,PROTACTINIUM,1,2026-05-29,2026-05-29,1,1,0,"WHAT ""PA"" MIGHT REFER TO"
PROTECTION,PROTECTION,1,2025-09-28,2025-09-28,1,1,0,BACKING
PROTEST,PROTEST,1,2024-08-06,2024-08-06,1,1,0,TAKE ISSUE
PROTRACTOR,PROTRACTOR,1,2025-05-17,2025-05-17,1,1,0,GRADUATED INSTRUMENTS
PROVISION,PROVISION,1,2024-11-04,2024-11-04,1,1,0,EQUIP
PROVOKE,PROVOKE,1,2024-10-19,2024-10-19,1,1,0,BRING ABOUT
PRUSSIAN,PRUSSIAN,1,2025-07-06,2025-07-06,1,1,0,ENDING WITH HOMOPHONES OF PARTS OF THE LEG
PRY,PRY,1,2025-07-17,2025-07-17,1,1,0,MEDDLE
PSALM,PSALM,1,2026-02-02,2026-02-02,1,1,0,TREES PLUS A LETTER
PSYCHE,PSYCHE,1,2025-05-14,2025-05-14,1,1,0,STARTING WITH SILENT LETTERS
PUBLIC,PUBLIC,1,2026-06-04,2026-06-04,1,1,0,STARTS OF CLASSIC HIP-HOP GROUPS
PUBLIC ADDRESS,PUBLIC ADDRESS,1,2026-05-29,2026-05-29,1,1,0,"WHAT ""PA"" MIGHT REFER TO"
PUDDLE,PUDDLE,1,2025-06-29,2025-06-29,1,1,0,SEEN IN THE AFTERMATH OF A RAINSTORM
PUFFING,PUFFING,1,2025-01-14,2025-01-14,1,1,0,BIRD PLUS LETTER
PUFNSTUF,PUFNSTUF,1,2025-11-09,2025-11-09,1,1,0,STARTING WITH BIRD HOMOPHONES
PUG,PUG,1,2024-11-26,2024-11-26,1,1,0,FEATURED IN “ELOISE”
PULL-UP,PULL-UP,1,2026-04-08,2026-04-08,1,1,0,KINDS OF BAR APPARATUSES
PULPIT,PULPIT,1,2026-04-05,2026-04-05,1,1,0,"STARTING WITH SYNONYMS FOR ""SLUSH"""
PULSE,PULSE,1,2025-04-07,2025-04-07,1,1,0,THROB
PUMA,PUMA,1,2024-12-08,2024-12-08,1,1,0,COMPANIES NAMED AFTER ANIMALS
PUMPERNICKEL,PUMPERNICKEL,1,2026-01-12,2026-01-12,1,1,0,ENDING IN U.S. COINS
PUNCHLINE,PUNCHLINE,1,2026-02-26,2026-02-26,1,1,0,ELEMENTS OF JOKE-TELLING
PUNCTURE,PUNCTURE,1,2024-11-15,2024-11-15,1,1,0,FISSURE
PUNT,PUNT,1,2025-07-19,2025-07-19,1,1,0,THINGS YOU CAN DO WITH A FOOTBALL
PUPIL,PUPIL,1,2025-12-01,2025-12-01,1,1,0,CIRCULAR THINGS
PUPPET,PUPPET,1,2026-06-13,2026-06-13,1,1,0,USED IN MOVIE PRACTICAL EFFECTS
PURE,PURE,1,2026-02-13,2026-02-13,1,1,0,DOWNRIGHT
PURL,PURL,1,2025-05-07,2025-05-07,1,1,0,HOMOPHONES OF GEMSTONES
PURSUE,PURSUE,1,2025-01-12,2025-01-12,1,1,0,WOO
PURSUIT,PURSUIT,1,2025-06-22,2025-06-22,1,1,0,NOUNS FROM A FAMOUS LINE IN THE DECLARATION OF INDEPENDENCE
PUT AWAY,PUT AWAY,1,2025-03-31,2025-03-31,1,1,0,CONSUMED
PUT ON,PUT ON,1,2025-10-11,2025-10-11,1,1,0,DRESS IN
PUTTER,PUTTER,1,2026-02-03,2026-02-03,1,1,0,KINDS OF GOLF CLUBS
PÈRE,PÈRE,1,2026-05-18,2026-05-18,1,1,0,HOMOPHONES
Q,Q,1,2024-07-05,2024-07-05,1,1,0,CHARACTERS IN BOND MOVIES
Q-TIP,Q-TIP,1,2024-10-05,2024-10-05,1,1,0,BRANDS THAT HAVE BECOME GENERIC TERMS
QUAD,QUAD,1,2025-07-16,2025-07-16,1,1,0,PARTS OF A COLLEGE CAMPUS
QUADS,QUADS,1,2026-01-06,2026-01-06,1,1,0,"POKER HANDS, FAMILIARLY"
QUALIFIER,QUALIFIER,1,2025-12-15,2025-12-15,1,1,0,TOURNAMENT ROUNDS
QUANTUM,QUANTUM,1,2024-06-18,2024-06-18,1,1,0,FIRST WORD IN BOND MOVIE TITLES
QUARK,QUARK,1,2026-03-25,2026-03-25,1,1,0,UNITS OF VOLUME WITH LAST LETTER CHANGED
QUARTERBACK,QUARTERBACK,1,2024-10-15,2024-10-15,1,1,0,FOOTBALL POSITIONS
QUARTERS,QUARTERS,1,2026-01-06,2026-01-06,1,1,0,APARTMENT
QUARTS,QUARTS,1,2025-05-07,2025-05-07,1,1,0,HOMOPHONES OF GEMSTONES
QUARTZ,QUARTZ,1,2025-03-26,2025-03-26,1,1,0,UNITS OF VOLUME PLUS LETTER
QUATRAIN,QUATRAIN,1,2026-06-05,2026-06-05,1,1,0,ENDING IN METHODS OF TRANSPORTATION
QUE,QUE,1,2025-12-11,2025-12-11,1,1,0,LETTER HOMOPHONES
QUEENS,QUEENS,1,2025-10-21,2025-10-21,1,1,0,PLAYING CARDS
QUESTION MARK,QUESTION MARK,1,2024-10-25,2024-10-25,1,1,0,IPHONE MESSAGE TAPBACK RESPONSES
QUEUE,QUEUE,1,2025-12-11,2025-12-11,1,1,0,LETTER HOMOPHONES
QUICK,QUICK,1,2024-10-01,2024-10-01,1,1,0,DISHWASHER CYCLES
QUICKSAND,QUICKSAND,1,2026-03-03,2026-03-03,1,1,0,"STARTING WITH SYNONYMS FOR ""SPEEDY"""
QUICKSILVER,QUICKSILVER,1,2025-05-13,2025-05-13,1,1,0,ENDING WITH COLORS
QUICKSTEP,QUICKSTEP,1,2025-12-16,2025-12-16,1,1,0,DANCES
QUID,QUID,1,2024-07-02,2024-07-02,1,1,0,LATIN WORDS
QUIPU,QUIPU,1,2026-05-09,2026-05-09,1,1,0,STRINGS TIED IN KNOTS
QUOTATION,QUOTATION,1,2024-11-17,2024-11-17,1,1,0,WHAT AN APOSTROPHE MIGHT INDICATE
QUOTATION MARK,QUOTATION MARK,1,2026-02-07,2026-02-07,1,1,1,PUNCTUATION MARKS
QUOTE UNQUOTE,QUOTE UNQUOTE,1,2026-06-12,2026-06-12,1,1,0,"STARTING WITH SYNONYMS FOR ""REPEAT"""
QUOTIENT,QUOTIENT,1,2025-05-09,2025-05-09,1,1,0,RESULTS OF SOME ARITHMETIC
R,R,1,2025-04-01,2025-04-01,1,1,1,"""RIGHT"""
RABBI,RABBI,1,2026-01-26,2026-01-26,1,1,0,MAMMALS MINUS LAST LETTER
RABBIT HOLE,RABBIT HOLE,1,2026-06-14,2026-06-14,1,1,0,"FEATURED IN ""ALICE'S ADVENTURES IN WONDERLAND"""
RABBIT'S FOOT,RABBIT'S FOOT,1,2026-03-19,2026-03-19,1,1,0,GOOD LUCK SYMBOLS
RABE,RABE,1,2025-07-24,2025-07-24,1,1,0,HOMOPHONES OF SYNONYMS FOR “NAB”
RACECAR,RACECAR,1,2025-11-21,2025-11-21,1,1,0,PIXAR PROTAGONISTS
RACQUET,RACQUET,1,2025-10-18,2025-10-18,1,1,0,"WORDS BEFORE ""BALL"" IN SPORTS"
RADIO TOWER,RADIO TOWER,1,2025-08-21,2025-08-21,1,1,0,THINGS WITH ANTENNA/E
RADIOACTIVE MAN,RADIOACTIVE MAN,1,2026-04-27,2026-04-27,1,1,0,"""THE SIMPSONS"" CHARACTERS"
RADIUM,RADIUM,1,2025-01-01,2025-01-01,1,1,0,THINGS THAT LUMINESCE
RADIUS,RADIUS,1,2024-07-27,2024-07-27,1,1,0,"WORDS REPRESENTED BY THE LETTER ""R"""
RAFFLE,RAFFLE,1,2024-09-22,2024-09-22,1,1,0,CHANCE TO WIN A PRIZE
RAFT,RAFT,1,2025-12-17,2025-12-17,1,1,0,HUMAN-POWERED WATERCRAFT
RAGAMUFFIN,RAGAMUFFIN,1,2025-03-10,2025-03-10,1,1,0,CAT BREEDS
RAGING BULL,RAGING BULL,1,2026-04-27,2026-04-27,1,1,0,ENDING IN NBA PLAYERS
RAGS-TO-RICHES,RAGS-TO-RICHES,1,2024-06-21,2024-06-21,1,1,0,TYPES OF COME-FROM-BEHIND STORIES
RAIL,RAIL,1,2025-07-31,2025-07-31,1,1,0,THIRD ___
RAIN MAN,RAIN MAN,1,2026-04-27,2026-04-27,1,1,0,CLASSIC FILMS
RAINDROP,RAINDROP,1,2025-01-01,2025-01-01,1,1,0,ENDING WITH SYNONYMS FOR “PLUNGE”
RAINFOREST,RAINFOREST,1,2024-10-18,2024-10-18,1,1,0,AMAZON ___
RAKE,RAKE,1,2026-01-15,2026-01-15,1,1,0,GARDENING TOOLS
RALLY,RALLY,1,2026-05-24,2026-05-24,1,1,0,LABOR PROTEST ACTIONS
RALPH WIGGUM,RALPH WIGGUM,1,2026-04-27,2026-04-27,1,1,0,"""THE SIMPSONS"" CHARACTERS"
RAN,RAN,1,2024-12-10,2024-12-10,1,1,0,COUNTRIES MINUS FIRST LETTER
RANCH DRESSING,RANCH DRESSING,1,2026-04-27,2026-04-27,1,1,0,SALAD INGREDIENTS
RANDO,RANDO,1,2026-05-12,2026-05-12,1,1,0,CURRENCIES PLUS A LETTER
RANKING,RANKING,1,2024-08-25,2024-08-25,1,1,0,STATUS
RAPID,RAPID,1,2024-10-01,2024-10-01,1,1,0,FAST-MOVING WATER
RAPIDS,RAPIDS,1,2025-10-01,2025-10-01,1,1,0,FAST-MOVING WATER
RAPPORT,RAPPORT,1,2025-03-16,2025-03-16,1,1,0,ENDING WITH SILENT “T”
RAPT,RAPT,1,2025-12-24,2025-12-24,1,1,0,WAYS TO VOCALIZE MUSICALLY PLUS A LETTER
RARE,RARE,1,2024-09-21,2024-09-21,1,1,0,SPECIAL EDITION ADJECTIVES
RASCALS,RASCALS,1,2024-10-27,2024-10-27,1,1,0,THE LITTLE ___
RASH,RASH,1,2025-12-22,2025-12-22,1,1,0,INFLUX
RASP,RASP,1,2025-06-25,2025-06-25,1,1,0,WOODWORKING HAND TOOLS
RASPBERRY,RASPBERRY,1,2025-05-31,2025-05-31,1,1,0,THINGS YOU CAN BLOW
RATCHET,RATCHET,1,2025-12-28,2025-12-28,1,1,0,MECHANICAL WATCH PARTS
RATHER,RATHER,1,2026-05-23,2026-05-23,1,1,0,MORE READILY
RAZZ,RAZZ,1,2024-07-24,2024-07-24,1,1,0,JOKE AROUND WITH
RAZZMATAZZ,RAZZMATAZZ,1,2025-05-06,2025-05-06,1,1,0,STARTING WITH SYNONYMS FOR “TEASE”
REACHER,REACHER,1,2026-02-02,2026-02-02,1,1,0,MODERN CRIME SERIES PROTAGONISTS
REACTION,REACTION,1,2024-09-02,2024-09-02,1,1,0,CHAIN ___
READ,READ,1,2025-09-06,2025-09-06,1,1,0,PREDICT
READER,READER,1,2025-04-03,2025-04-03,1,1,0,PALM ___
REALITY,REALITY,1,2026-03-18,2026-03-18,1,1,0,___ CHECK
REALM,REALM,1,2026-05-12,2026-05-12,1,1,0,CURRENCIES PLUS A LETTER
REAP,REAP,1,2025-02-21,2025-02-21,1,1,0,"COLLECT, AS FROM AN ORCHARD"
REAR WINDOW,REAR WINDOW,1,2026-04-27,2026-04-27,1,1,0,CLASSIC FILMS
REASON,REASON,1,2025-05-15,2025-05-15,1,1,0,RATIONALE
REBEL,REBEL,1,2026-06-20,2026-06-20,1,1,0,WORDS REPEATED IN HIT SONG TITLES
RECENT,RECENT,1,2026-06-23,2026-06-23,1,1,0,CONTENT SORTING OPTIONS ONLINE
RECIPE,RECIPE,1,2024-06-25,2024-06-25,1,1,0,"KEY TO SUCCESS, SO TO SPEAK"
RECLINER,RECLINER,1,2026-06-20,2026-06-20,1,1,0,KINDS OF CHAIRS
RECOGNITION,RECOGNITION,1,2024-11-28,2024-11-28,1,1,0,APPRECIATION
RECOGNIZE,RECOGNIZE,1,2025-07-04,2025-07-04,1,1,0,WHAT “ID” MIGHT REFER TO
RECONNECT,RECONNECT,1,2026-05-22,2026-05-22,1,1,0,REACH BACK OUT
RECORDING,RECORDING,1,2024-07-11,2024-07-11,1,1,0,LIGHT-UP SIGNS
RECOVER,RECOVER,1,2025-05-07,2025-05-07,1,1,0,"GET BETTER, AS A BROKEN BONE"
RED CARPET,RED CARPET,1,2025-04-11,2025-04-11,1,1,0,PLACES TO FIND STARS
RED ONION,RED ONION,1,2026-04-27,2026-04-27,1,1,0,SALAD INGREDIENTS
RED STRIPE,RED STRIPE,1,2026-04-01,2026-04-01,1,1,1,BEER BRANDS
RED TAPE,RED TAPE,1,2026-06-16,2026-06-16,1,1,0,"WHAT ""HOOPS"" MIGHT REFER TO"
RED WINE,RED WINE,1,2026-04-24,2026-04-24,1,1,0,"WHAT ""CAB"" MIGHT REFER TO"
RED WING,RED WING,1,2026-03-26,2026-03-26,1,1,0,MEMBER OF A DETROIT SPORTS TEAM
REDDEN,REDDEN,1,2025-11-02,2025-11-02,1,1,0,SHOW SIGNS OF PHYSICAL EXERTION
REDO,REDO,1,2026-06-26,2026-06-26,1,1,0,COLORS PLUS A LETTER
REFEREE,REFEREE,1,2026-02-06,2026-02-06,1,1,0,THINGS WITH STRIPES
REFLECTION,REFLECTION,1,2024-12-09,2024-12-09,1,1,0,DELIBERATION
REFLECTOR,REFLECTOR,1,2025-12-30,2025-12-30,1,1,0,BIKE ACCESSORIES
REFORMER,REFORMER,1,2026-03-12,2026-03-12,1,1,0,APPARATUS-BASED EXERCISE CLASSES
REFRESH,REFRESH,1,2025-03-19,2025-03-19,1,1,0,WEB BROWSER BUTTONS
REFUSE,REFUSE,1,2025-05-21,2025-05-21,1,1,0,"PROHIBIT, AS ENTRY"
REGIFTING,REGIFTING,1,2025-07-21,2025-07-21,1,1,0,CONCEPTS FROM “SEINFELD”
REGINA KING,REGINA KING,1,2026-04-27,2026-04-27,1,1,0,ENDING IN NBA PLAYERS
REGION,REGION,1,2024-09-14,2024-09-14,1,1,0,WINE BOTTLE INFO
REICH,REICH,1,2025-08-30,2025-08-30,1,1,0,CONTEMPORARY COMPOSERS
REJECT,REJECT,1,2026-02-22,2026-02-22,1,1,0,ONE WHO DOESN'T FIT IN
RELATE,RELATE,1,2024-12-07,2024-12-07,1,1,0,THINK OF TOGETHER
RELY,RELY,1,2025-01-10,2025-01-10,1,1,0,BE CONTINGENT (ON)
REMAINDER,REMAINDER,1,2025-04-04,2025-04-04,1,1,0,WHAT’S LEFTOVER
REMAINING,REMAINING,1,2025-06-22,2025-06-22,1,1,0,WHAT “LEFT” MIGHT MEAN
REMARKABLE,REMARKABLE,1,2025-03-18,2025-03-18,1,1,0,EXCEPTIONAL
REMEDY,REMEDY,1,2025-02-21,2025-02-21,1,1,0,WAY OF SOLVING A PROBLEM
REMINDER,REMINDER,1,2026-02-15,2026-02-15,1,1,0,SOMETHING THAT BRINGS BACK MEMORIES
REMOVE,REMOVE,1,2025-07-15,2025-07-15,1,1,0,FORCE TO LEAVE
RENEGE,RENEGE,1,2025-09-17,2025-09-17,1,1,0,CHANGE ONE’S TUNE
REPAIRS,REPAIRS,1,2025-08-16,2025-08-16,1,1,0,RENOVATIONS
REPLACEMENT,REPLACEMENT,1,2026-03-05,2026-03-05,1,1,0,"WHAT ""SUB"" MIGHT REFER TO"
REPLICA,REPLICA,1,2025-07-02,2025-07-02,1,1,0,KNOCKOFF
REPORTER,REPORTER,1,2025-06-06,2025-06-06,1,1,0,NEWSPAPER JOBS
REPUTATION,REPUTATION,1,2024-11-07,2024-11-07,1,1,0,PUBLIC STANDING
RESEED,RESEED,1,2026-02-13,2026-02-13,1,1,0,HOMOPHONES OF WAYS TO GET SMALLER
RESERVED,RESERVED,1,2025-04-06,2025-04-06,1,1,0,ALOOF
RESERVOIR DOGS,RESERVOIR DOGS,1,2026-04-27,2026-04-27,1,1,0,CLASSIC FILMS
RESIDENT,RESIDENT,1,2024-10-29,2024-10-29,1,1,0,MEDICAL ROLES
RESIN,RESIN,1,2024-11-23,2024-11-23,1,1,0,SECRETED BY TREES
RESISTANCE,RESISTANCE,1,2025-04-06,2025-04-06,1,1,0,WHAT AN ELECTROMETER MEASURES
RESOLUTION,RESOLUTION,1,2024-11-12,2024-11-12,1,1,0,LAPTOP SPECS
RESORT,RESORT,1,2025-07-31,2025-07-31,1,1,0,LAST ___
RESPECTABLE,RESPECTABLE,1,2024-12-26,2024-12-26,1,1,0,"SIZABLE, AS AN AMOUNT"
RESPONDER,RESPONDER,1,2025-07-31,2025-07-31,1,1,0,FIRST ___
RESULT,RESULT,1,2025-12-21,2025-12-21,1,1,0,ARISE
RETAIN,RETAIN,1,2025-04-05,2025-04-05,1,1,0,EMPLOY
RETINUE,RETINUE,1,2026-06-16,2026-06-16,1,1,0,ATTENDANTS
RETIRE,RETIRE,1,2025-12-25,2025-12-25,1,1,0,COMPRISED OF SOLFEGE (DO-RE-MI)
RETRIEVE,RETRIEVE,1,2025-02-16,2025-02-16,1,1,0,DOG BREEDS MINUS “ER” SOUND
RETRO,RETRO,1,2024-09-14,2024-09-14,1,1,0,PREFIXES
RETURNS,RETURNS,1,2025-10-12,2025-10-12,1,1,0,HAPPY ___
REUNION,REUNION,1,2024-09-19,2024-09-19,1,1,0,PLACES IN FRANCE
REVERB,REVERB,1,2026-03-18,2026-03-18,1,1,0,GUITAR EFFECTS PEDALS
REVEREND LOVEJOY,REVEREND LOVEJOY,1,2026-04-27,2026-04-27,1,1,0,"""THE SIMPSONS"" CHARACTERS"
REVOLVING SUSHI BAR,REVOLVING SUSHI BAR,1,2026-05-22,2026-05-22,1,1,0,PLACES WITH CONVEYOR BELTS
REWARD,REWARD,1,2025-05-01,2025-05-01,1,1,0,WINNINGS
RHINE,RHINE,1,2024-12-05,2024-12-05,1,1,0,___STONE
RHINESTONE,RHINESTONE,1,2025-03-01,2025-03-01,1,1,0,WORDS BEFORE “COWBOY” IN FILM AND MUSIC
RHINO,RHINO,1,2026-06-11,2026-06-11,1,1,0,THINGS WITH HORNS
RHOMBUS,RHOMBUS,1,2025-04-29,2025-04-29,1,1,0,"WHAT ""DIAMOND"" CAN REFER TO"
RHYME,RHYME,1,2026-05-11,2026-05-11,1,1,0,KINDS OF SCHEMES
RHYTHMIC GYMNASTICS GEAR,RHYTHMIC GYMNASTICS GEAR,1,2026-06-16,2026-06-16,1,1,0,"WHAT ""HOOPS"" MIGHT REFER TO"
RIALTO,RIALTO,1,2026-01-20,2026-01-20,1,1,0,FAMOUS BRIDGES
RICE,RICE,1,2025-09-26,2025-09-26,1,1,0,DIRTY ___
RICE COOKER,RICE COOKER,1,2025-11-24,2025-11-24,1,1,0,SMALL KITCHEN APPLIANCES
RICOCHET,RICOCHET,1,2025-05-12,2025-05-12,1,1,0,REBOUND
RIDDLER,RIDDLER,1,2025-05-22,2025-05-22,1,1,0,FAMOUS RIDDLE-GIVERS
RIDGE,RIDGE,1,2025-04-07,2025-04-07,1,1,0,LANDFORMS
RIFFLE,RIFFLE,1,2024-12-15,2024-12-15,1,1,0,"SKIM THROUGH, AS PAGES"
RIGATONI,RIGATONI,1,2025-01-30,2025-01-30,1,1,0,STARTING WITH EUROPEAN CAPITALS
RIGID,RIGID,1,2025-06-24,2025-06-24,1,1,0,STRICT
RIMSHOT,RIMSHOT,1,2026-02-10,2026-02-10,1,1,0,STARTING WITH PARTS OF A WHEEL
RINGMASTER,RINGMASTER,1,2026-02-15,2026-02-15,1,1,0,STARTING WITH WAYS TO REACH SOMEONE VIA PHONE
RINK,RINK,1,2026-02-11,2026-02-11,1,1,0,ROLLER ___
RINKY-DINK,RINKY-DINK,1,2025-11-25,2025-11-25,1,1,0,SMALL-TIME
RINSE,RINSE,1,2024-10-01,2024-10-01,1,1,0,DISHWASHER CYCLES
RIP,RIP,1,2026-04-09,2026-04-09,1,1,0,"MUSCULAR, MINUS ""ED"" SOUND"
RIPE,RIPE,1,2025-03-24,2025-03-24,1,1,0,BAD-SMELLING
RIPPLE,RIPPLE,1,2026-02-27,2026-02-27,1,1,0,"KINDS OF CHAIN REACTION ""EFFECTS"""
RISK,RISK,1,2024-10-02,2024-10-02,1,1,0,PUT ON THE LINE
RIVALRY,RIVALRY,1,2026-02-04,2026-02-04,1,1,0,CONTENTION
ROAD,ROAD,1,2025-08-01,2025-08-01,1,1,0,HIT THE ___
ROADIE,ROADIE,1,2026-02-28,2026-02-28,1,1,0,JOBS THAT INVOLVE TRAVELING
ROAM,ROAM,1,2024-09-30,2024-09-30,1,1,0,CAPITAL CITY HOMOPHONES
ROAR,ROAR,1,2024-08-27,2024-08-27,1,1,0,EXPLOSIVE SOUND
ROASTED CHICKEN,ROASTED CHICKEN,1,2026-04-27,2026-04-27,1,1,0,SALAD INGREDIENTS
ROBERT,ROBERT,1,2026-03-28,2026-03-28,1,1,0,___ PLANT
ROBIN HOOD,ROBIN HOOD,1,2024-12-25,2024-12-25,1,1,0,ARCHERS
ROCKET FUEL,ROCKET FUEL,1,2025-06-15,2025-06-15,1,1,0,SLANG FOR COFFEE
ROD FLANDERS,ROD FLANDERS,1,2026-04-27,2026-04-27,1,1,0,"""THE SIMPSONS"" CHARACTERS"
ROE,ROE,1,2025-12-08,2025-12-08,1,1,0,EUROPEAN CAPITALS MINUS SECOND-TO-LAST LETTER
ROE BUCK,ROE BUCK,1,2026-04-27,2026-04-27,1,1,0,ENDING IN NBA PLAYERS
ROGUE,ROGUE,1,2024-11-16,2024-11-16,1,1,0,GO ___
ROJO,ROJO,1,2025-11-12,2025-11-12,1,1,0,SPANISH WORDS
ROLLERS,ROLLERS,1,2024-11-18,2024-11-18,1,1,0,USED IN HAIR CARE
ROLLING,ROLLING,1,2025-08-16,2025-08-16,1,1,0,KINDS OF SOFT/LIGHTWEIGHT PAPER
ROMA,ROMA,1,2025-11-18,2025-11-18,1,1,0,KINDS OF TOMATOES
ROMAINE,ROMAINE,1,2025-04-24,2025-04-24,1,1,0,KINDS OF LETTUCE
ROMAINE LETTUCE,ROMAINE LETTUCE,1,2026-04-27,2026-04-27,1,1,0,SALAD INGREDIENTS
ROMAN HOLIDAY,ROMAN HOLIDAY,1,2026-04-27,2026-04-27,1,1,0,CLASSIC FILMS
RONALD,RONALD,1,2024-10-15,2024-10-15,1,1,0,FICTIONAL CLOWNS
ROOF,ROOF,1,2025-08-01,2025-08-01,1,1,0,HIT THE ___
ROOK,ROOK,1,2025-05-25,2025-05-25,1,1,0,EAR PIERCING SITES
ROOTS,ROOTS,1,2024-08-31,2024-08-31,1,1,0,TREE FEATURES
ROSS,ROSS,1,2025-04-26,2025-04-26,1,1,0,BOBS
ROSTRUM,ROSTRUM,1,2025-12-04,2025-12-04,1,1,0,SNOUTS
ROTARY CLIPPER,ROTARY CLIPPER,1,2026-04-27,2026-04-27,1,1,0,ENDING IN NBA PLAYERS
ROTATE,ROTATE,1,2024-09-07,2024-09-07,1,1,0,WAYS TO TRANSFORM AN IMAGE
ROTATOR,ROTATOR,1,2026-03-08,2026-03-08,1,1,0,PALINDROMES
ROUGH RIDERS,ROUGH RIDERS,1,2026-02-22,2026-02-22,1,1,0,ASSOCIATED WITH THEODORE ROOSEVELT
ROUGHLY,ROUGHLY,1,2024-12-26,2024-12-26,1,1,0,APPROXIMATELY
ROULETTE,ROULETTE,1,2024-11-23,2024-11-23,1,1,0,BLACK OR RED
ROULETTE WHEEL,ROULETTE WHEEL,1,2026-06-14,2026-06-14,1,1,0,THINGS THAT SPIN
ROUNDOFF,ROUNDOFF,1,2025-09-07,2025-09-07,1,1,0,GYMNASTICS MOVES
ROUT,ROUT,1,2025-08-16,2025-08-16,1,1,0,TROUNCE
ROUTE,ROUTE,1,2025-06-19,2025-06-19,1,1,0,MAP APP OPTIONS
ROUTERS,ROUTERS,1,2025-11-27,2025-11-27,1,1,0,WOODWORKING TOOLS
ROY,ROY,1,2025-07-14,2025-07-14,1,1,0,WORDS BEFORE “ROGER/S”
ROYALTY,ROYALTY,1,2026-02-09,2026-02-09,1,1,0,KINDS OF PAYMENT FOR AN AUTHOR
RUB,RUB,1,2026-04-09,2026-04-09,1,1,0,OINTMENT
RUBBER BANDS,RUBBER BANDS,1,2025-04-20,2025-04-20,1,1,0,NEEDS FOR TIE-DYEING A SHIRT
RUBBER CHICKEN,RUBBER CHICKEN,1,2026-06-14,2026-06-14,1,1,0,CLASSIC SLAPSTICK PROPS
RUBBER DUCK,RUBBER DUCK,1,2026-05-31,2026-05-31,1,1,0,THINGS THAT ARE YELLOW
RUBBISH,RUBBISH,1,2025-09-08,2025-09-08,1,1,0,NONSENSE
RUBBLE,RUBBLE,1,2025-03-03,2025-03-03,1,1,0,SEEN IN “THE FLINTSTONES”
RUBY,RUBY,1,2024-12-29,2024-12-29,1,1,0,SHADES OF RED
RUCKUS,RUCKUS,1,2024-10-20,2024-10-20,1,1,0,NOISY DISTURBANCE
RUDOLPH,RUDOLPH,1,2024-12-25,2024-12-25,1,1,0,“S.N.L.” CAST MEMBERS
RUGBY SHIRT,RUGBY SHIRT,1,2025-11-16,2025-11-16,1,1,0,STRIPY THINGS
RUGGED,RUGGED,1,2024-09-23,2024-09-23,1,1,0,"NOT SMOOTH, AS TERRAIN"
RULE,RULE,1,2025-08-30,2025-08-30,1,1,0,DO EXCEPTIONALLY WELL
RUM,RUM,1,2025-01-06,2025-01-06,1,1,0,SYNONYMS FOR REAR END MINUS LAST LETTER
RUMBLING,RUMBLING,1,2024-08-24,2024-08-24,1,1,0,HEARSAY
RUMMAGE,RUMMAGE,1,2024-12-10,2024-12-10,1,1,0,FEEL AROUND (FOR)
RUMPELSTILTSKIN,RUMPELSTILTSKIN,1,2024-06-21,2024-06-21,1,1,0,BEGINNING WITH SYNONYMS FOR REAR END
RUNNER,RUNNER,1,2025-06-04,2025-06-04,1,1,0,THINGS IN AN ENTRYWAY
RUNT,RUNT,1,2024-08-18,2024-08-18,1,1,0,CANDY PIECES
RUSHMORE,RUSHMORE,1,2025-08-19,2025-08-19,1,1,0,STARTING WITH WAYS TO MOVE QUICKLY
RUSSIAN,RUSSIAN,1,2026-04-12,2026-04-12,1,1,0,___ DOLL
RUSSIAN BLUE,RUSSIAN BLUE,1,2025-03-10,2025-03-10,1,1,0,CAT BREEDS
RUSTLE,RUSTLE,1,2026-02-28,2026-02-28,1,1,0,NAME HOMOPHONES
RYAN,RYAN,1,2026-02-02,2026-02-02,1,1,0,MODERN CRIME SERIES PROTAGONISTS
RYE,RYE,1,2025-01-10,2025-01-10,1,1,0,INGREDIENTS IN AN OLD FASHIONED
SABLE,SABLE,1,2024-09-01,2024-09-01,1,1,0,SHADES OF BLACK
SACRUM,SACRUM,1,2025-10-29,2025-10-29,1,1,0,WORDS STARTING WITH THE “SAY” SOUND
SAD,SAD,1,2025-08-25,2025-08-25,1,1,0,"WHAT ""DOWN"" MIGHT MEAN"
SAFARI,SAFARI,1,2025-01-17,2025-01-17,1,1,0,WEB BROWSERS
SAFE,SAFE,1,2026-03-02,2026-03-02,1,1,0,BASEBALL CALLS
SAFETY,SAFETY,1,2024-10-15,2024-10-15,1,1,0,FOOTBALL POSITIONS
SAG,SAG,1,2025-11-02,2025-11-02,1,1,0,STARTS OF ZODIAC SIGNS
SAGE,SAGE,1,2025-07-26,2025-07-26,1,1,0,HERBS AND SPICES
SAGITTARIUS,SAGITTARIUS,1,2024-12-25,2024-12-25,1,1,0,ARCHERS
SAID,SAID,1,2024-08-13,2024-08-13,1,1,0,STATED
SAINT PATRICK,SAINT PATRICK,1,2025-09-01,2025-09-01,1,1,0,ONES CELEBRATED WITH HOLIDAYS
SAINT VALENTINE,SAINT VALENTINE,1,2025-09-01,2025-09-01,1,1,0,ONES CELEBRATED WITH HOLIDAYS
SAKE,SAKE,1,2024-09-12,2024-09-12,1,1,0,BEHALF
SALAD DRESSING,SALAD DRESSING,1,2024-12-11,2024-12-11,1,1,0,THINGS YOU SHAKE
SALAMANDER,SALAMANDER,1,2025-01-01,2025-01-01,1,1,0,SLIMY ANIMALS
SALE,SALE,1,2025-07-29,2025-07-29,1,1,0,DISCOUNT
SALEM,SALEM,1,2026-02-13,2026-02-13,1,1,0,CIGARETTE BRANDS
SALES,SALES,1,2025-01-09,2025-01-09,1,1,0,CORPORATE DEPARTMENTS
SALESMAN,SALESMAN,1,2026-02-28,2026-02-28,1,1,0,JOBS THAT INVOLVE TRAVELING
SALON,SALON,1,2026-05-19,2026-05-19,1,1,0,FISH MINUS A LETTER
SALOON DOORS,SALOON DOORS,1,2024-11-10,2024-11-10,1,1,0,THINGS THAT SWING
SALSA VERDE,SALSA VERDE,1,2025-11-07,2025-11-07,1,1,0,GREEN CONDIMENTS
SALT-AND-PEPPER,SALT-AND-PEPPER,1,2026-02-22,2026-02-22,1,1,0,DESCRIPTORS FOR GRAYING HAIR
SALTY DOG,SALTY DOG,1,2025-11-22,2025-11-22,1,1,0,SAILOR
SALVADOR,SALVADOR,1,2026-05-12,2026-05-12,1,1,0,"""SAINT"" CITIES"
SAM,SAM,1,2024-10-12,2024-10-12,1,1,0,STARTS OF CELL PHONE MAKERS
SAMOSA,SAMOSA,1,2026-06-03,2026-06-03,1,1,0,SAVORY STUFFED PASTRIES
SAMPLER,SAMPLER,1,2024-09-09,2024-09-09,1,1,0,FLAVOR ASSORTMENT
SANCTION,SANCTION,1,2025-08-02,2025-08-02,1,1,0,CONTRONYMS (WORDS THAT CAN MEAN OPPOSITE THINGS)
SANDS,SANDS,1,2024-11-15,2024-11-15,1,1,0,___ OF TIME
SANDWICH,SANDWICH,1,2024-12-08,2024-12-08,1,1,0,CRAM
SANDY,SANDY,1,2025-04-19,2025-04-19,1,1,0,ADJECTIVES FOR A DESERT
SANITIZE,SANITIZE,1,2024-10-01,2024-10-01,1,1,0,DISHWASHER CYCLES
SANTANA,SANTANA,1,2026-01-16,2026-01-16,1,1,0,"MUSICAL ACTS WITH ""A"" AS THE ONLY VOWEL"
SARA,SARA,1,2025-07-26,2025-07-26,1,1,0,STARTS OF EUROPEAN CAPITALS
SASS,SASS,1,2024-07-10,2024-07-10,1,1,0,BACK TALK
SASSY,SASSY,1,2026-04-19,2026-04-19,1,1,0,CHEEKY
SAT,SAT,1,2024-06-29,2024-06-29,1,1,0,PLACED DOWN
SATELLITE DISH,SATELLITE DISH,1,2025-08-21,2025-08-21,1,1,0,THINGS WITH ANTENNA/E
SATYR,SATYR,1,2024-10-25,2024-10-25,1,1,0,“PAN”
SAUCER,SAUCER,1,2026-06-13,2026-06-13,1,1,0,SEEN AT A TEA SERVICE
SAUERKRAUT,SAUERKRAUT,1,2024-08-19,2024-08-19,1,1,0,BRATWURST GO-WITHS
SAUSAGE,SAUSAGE,1,2025-01-17,2025-01-17,1,1,0,FRANKFURTER
SAVINGS,SAVINGS,1,2025-08-27,2025-08-27,1,1,0,ATM OPTIONS
SAVOR,SAVOR,1,2024-10-11,2024-10-11,1,1,0,CHERISH
SAVVY,SAVVY,1,2025-10-28,2025-10-28,1,1,0,IN THE KNOW
SAWS,SAWS,1,2025-11-27,2025-11-27,1,1,0,WOODWORKING TOOLS
SAXOPHONE,SAXOPHONE,1,2025-02-12,2025-02-12,1,1,0,PROPS FOR CHARACTERS ON “THE SIMPSONS”
SAY,SAY,1,2024-08-18,2024-08-18,1,1,0,“HERE’S A THOUGHT ...”
SAYONARA,SAYONARA,1,2025-10-13,2025-10-13,1,1,0,WORDS AFTER A WELCOME DEPARTURE
SCAN,SCAN,1,2026-01-04,2026-01-04,1,1,0,SYNONYMS FOR BUTT PLUS STARTING LETTER
SCARECROW,SCARECROW,1,2025-04-24,2025-04-24,1,1,0,“BATMAN” VILLAINS
SCARF RING,SCARF RING,1,2025-11-21,2025-11-21,1,1,0,"STARTING WITH SYNONYMS FOR ""EAT"""
SCARRY,SCARRY,1,2026-01-29,2026-01-29,1,1,0,"HOMOPHONES OF WORDS MEANING ""BRUTAL"""
SCARY,SCARY,1,2025-07-14,2025-07-14,1,1,0,DISNEY ANIMATED CHARACTERS PLUS A LETTER
SCATS,SCATS,1,2025-10-07,2025-10-07,1,1,0,MUSICALS PLUS STARTING LETTER
SCATTERGORIES,SCATTERGORIES,1,2025-11-17,2025-11-17,1,1,0,"STARTING WITH SYNONYMS FOR ""SCRAM!"""
SCAVENGER,SCAVENGER,1,2024-10-31,2024-10-31,1,1,0,___ HUNT
SCENE,SCENE,1,2025-03-21,2025-03-21,1,1,0,MILIEU
SCHEDULE,SCHEDULE,1,2024-10-24,2024-10-24,1,1,0,LINEUP
SCHOOL BUS,SCHOOL BUS,1,2026-05-31,2026-05-31,1,1,0,THINGS THAT ARE YELLOW
SCHOOL CROSSING SIGN,SCHOOL CROSSING SIGN,1,2026-05-08,2026-05-08,1,1,0,FIVE-SIDED THINGS
SCHOOL DAYS,SCHOOL DAYS,1,2026-06-12,2026-06-12,1,1,0,STARTING WITH ANIMAL GROUP NAMES
SCONCE,SCONCE,1,2025-01-16,2025-01-16,1,1,0,INSTALLED ON A WALL
SCOOTER,SCOOTER,1,2025-05-17,2025-05-17,1,1,0,“E” THINGS
SCOTCH,SCOTCH,1,2026-01-01,2026-01-01,1,1,0,BUTTER___
SCOTTIE,SCOTTIE,1,2026-02-24,2026-02-24,1,1,0,SYMBOLS OF SCOTLAND
SCRABBLE,SCRABBLE,1,2025-10-29,2025-10-29,1,1,0,THINGS FEATURING LETTERS A THROUGH Z
SCRAMBLE,SCRAMBLE,1,2024-11-07,2024-11-07,1,1,0,FOOD-RELATED JUMBLES
SCRAP METAL,SCRAP METAL,1,2026-03-19,2026-03-19,1,1,0,ENDING IN MUSIC GENRES
SCRAPER,SCRAPER,1,2025-09-20,2025-09-20,1,1,0,SKY___
SCRATCHY,SCRATCHY,1,2024-09-23,2024-09-23,1,1,0,MEMBER OF A CARTOON DUO
SCREWBALL,SCREWBALL,1,2025-12-26,2025-12-26,1,1,0,COMEDY SUBGENRES
SCRUB,SCRUB,1,2024-07-09,2024-07-09,1,1,0,TV SHOWS MINUS “S”
SCRUBS,SCRUBS,1,2026-06-21,2026-06-21,1,1,0,NBC SITCOMS
SCRUNCH,SCRUNCH,1,2025-01-04,2025-01-04,1,1,0,CRUSH INTO A COMPACT SHAPE
SCRUTINY,SCRUTINY,1,2024-12-09,2024-12-09,1,1,0,DELIBERATION
SCULPTURE,SCULPTURE,1,2024-09-22,2024-09-22,1,1,0,WHAT “BRONZE” MIGHT MEAN
SCUM,SCUM,1,2026-06-10,2026-06-10,1,1,0,GROSS THINGS THAT FORM ON WET SURFACES
SEA BASS,SEA BASS,1,2025-12-31,2025-12-31,1,1,0,STARTING WITH BODIES OF WATER
SEA BREEZE,SEA BREEZE,1,2025-11-21,2025-11-21,1,1,0,COCKTAILS
SEA CHANGE,SEA CHANGE,1,2025-12-01,2025-12-01,1,1,0,STARTING WITH LETTER HOMOPHONES
SEA DOG,SEA DOG,1,2026-05-31,2026-05-31,1,1,0,SLANG FOR A SAILOR
SEA MONKEY,SEA MONKEY,1,2025-11-03,2025-11-03,1,1,0,ENDING WITH ANIMALS
SEA URCHIN,SEA URCHIN,1,2026-06-08,2026-06-08,1,1,0,THINGS THAT CAN BE SPIKED
SEAHORSE,SEAHORSE,1,2025-07-23,2025-07-23,1,1,0,ANIMALS ENDING WITH ANIMALS
SEAN,SEAN,1,2025-04-08,2025-04-08,1,1,0,WORDS PRONOUNCED “SH” WITHOUT AN “SH”
SEARCH,SEARCH,1,2024-06-27,2024-06-27,1,1,0,PURSUIT
SEAT,SEAT,1,2025-08-14,2025-08-14,1,1,0,DERRIERE
SEATING,SEATING,1,2025-04-30,2025-04-30,1,1,0,ACCOMMODATION
SEAVER,SEAVER,1,2025-12-13,2025-12-13,1,1,0,NEW YORK METS LEGENDS
SECLUDE,SECLUDE,1,2025-01-26,2025-01-26,1,1,0,KEEP APART
SECOND CITY,SECOND CITY,1,2026-04-01,2026-04-01,1,1,1,U.S. CITY NICKNAMES
SECURITY,SECURITY,1,2025-12-18,2025-12-18,1,1,0,SOCIAL ___
SEEM,SEEM,1,2024-07-13,2024-07-13,1,1,0,COME ACROSS AS
SEER,SEER,1,2026-02-19,2026-02-19,1,1,0,HOMOPHONES OF WAYS TO COOK SOMETHING
SEITAN,SEITAN,1,2025-10-29,2025-10-29,1,1,0,WORDS STARTING WITH THE “SAY” SOUND
SELES,SELES,1,2026-03-08,2026-03-08,1,1,0,PALINDROMES
SELF,SELF,1,2024-11-04,2024-11-04,1,1,0,INDIVIDUALITY
SELF-CARE,SELF-CARE,1,2025-06-03,2025-06-03,1,1,0,THINGS YOU CAN PRACTICE
SELL,SELL,1,2024-08-01,2024-08-01,1,1,0,PROMOTE
SELTZER BOTTLE,SELTZER BOTTLE,1,2026-06-14,2026-06-14,1,1,0,CLASSIC SLAPSTICK PROPS
SEMBLANCE,SEMBLANCE,1,2025-04-05,2025-04-05,1,1,0,ENDING WITH MEDIEVAL WEAPONS
SEMI,SEMI,1,2025-12-15,2025-12-15,1,1,0,TOURNAMENT ROUNDS
SEMINAR,SEMINAR,1,2025-01-22,2025-01-22,1,1,0,TYPES OF ACADEMIC COURSES
SENATOR,SENATOR,1,2025-09-20,2025-09-20,1,1,0,N.H.L. TEAM MEMBER
SENECA,SENECA,1,2025-07-02,2025-07-02,1,1,0,STARTING WITH HIGH SCHOOL/COLLEGE ABBREVIATIONS
SENSITIVE,SENSITIVE,1,2024-06-24,2024-06-24,1,1,0,SORE TO THE TOUCH
SENT,SENT,1,2024-12-13,2024-12-13,1,1,0,EMAIL FOLDERS
SENTENCE,SENTENCE,1,2024-11-15,2024-11-15,1,1,0,ELEMENTS OF WRITING
SEOUL,SEOUL,1,2024-12-08,2024-12-08,1,1,0,HOMOPHONES OF MUSIC GENRES
SEPARATE,SEPARATE,1,2025-01-26,2025-01-26,1,1,0,KEEP APART
SEQUIN,SEQUIN,1,2024-08-30,2024-08-30,1,1,0,SPARKLING THINGS
SERA,SERA,1,2025-12-11,2025-12-11,1,1,0,ANAGRAMS
SERIOUS,SERIOUS,1,2025-10-10,2025-10-10,1,1,0,SIGNIFICANT
SERVE,SERVE,1,2025-03-15,2025-03-15,1,1,0,LITIGATION VERBS
SERVER,SERVER,1,2024-08-07,2024-08-07,1,1,0,RESTAURANT JOBS
SERVICE,SERVICE,1,2025-03-09,2025-03-09,1,1,0,HELPFUL DEED
SESSION,SESSION,1,2025-01-14,2025-01-14,1,1,0,TERM
SETBACK,SETBACK,1,2026-05-05,2026-05-05,1,1,0,STARTING WITH UNITS IN COMPETITIONS
SETUP,SETUP,1,2026-02-26,2026-02-26,1,1,0,ELEMENTS OF JOKE-TELLING
SEUSS,SEUSS,1,2025-07-06,2025-07-06,1,1,0,DRS
SEVENTH HEAVEN,SEVENTH HEAVEN,1,2024-12-11,2024-12-11,1,1,0,UTOPIA
SEVILLE,SEVILLE,1,2025-05-15,2025-05-15,1,1,0,LAST WORDS OF FAMOUS OPERA TITLES
SEWING KIT,SEWING KIT,1,2024-12-04,2024-12-04,1,1,0,THINGS WITH NEEDLE/S
SEXUAL,SEXUAL,1,2026-05-03,2026-05-03,1,1,0,FAMOUS REVOLUTIONS IN HISTORY
SEYCHELLES,SEYCHELLES,1,2025-10-29,2025-10-29,1,1,0,WORDS STARTING WITH THE “SAY” SOUND
SHADOWBOXER,SHADOWBOXER,1,2025-06-06,2025-06-06,1,1,0,ENDING WITH KINDS OF DOGS
SHAGGY,SHAGGY,1,2024-09-30,2024-09-30,1,1,0,CHARACTERS WITH PET DOGS
SHAKEN,SHAKEN,1,2025-07-20,2025-07-20,1,1,0,MARTINI SPECIFICATIONS
SHAKESPEARE,SHAKESPEARE,1,2025-02-12,2025-02-12,1,1,0,"STARTING WITH “SHAKE, RATTLE AND ROLL”"
SHALLOW,SHALLOW,1,2026-04-15,2026-04-15,1,1,0,OVERSIMPLISTIC
SHAME,SHAME,1,2025-09-10,2025-09-10,1,1,0,"""YOU SHOULD KNOW BETTER!"""
SHAMMY,SHAMMY,1,2025-08-06,2025-08-06,1,1,0,MUSCLE NICKNAMES PLUS “S”
SHANDY,SHANDY,1,2026-05-11,2026-05-11,1,1,0,BODY PARTS SURROUNDED BY TWO LETTERS
SHANGRI-LA,SHANGRI-LA,1,2024-12-11,2024-12-11,1,1,0,UTOPIA
SHANK,SHANK,1,2024-08-26,2024-08-26,1,1,0,BAD GOLF SHOTS
SHANNON,SHANNON,1,2024-12-25,2024-12-25,1,1,0,“S.N.L.” CAST MEMBERS
SHAR PEI,SHAR PEI,1,2025-09-24,2025-09-24,1,1,0,WRINKLY THINGS
SHAVE,SHAVE,1,2025-07-01,2025-07-01,1,1,0,DO SOME GROOMING
SHAVING,SHAVING,1,2026-02-18,2026-02-18,1,1,0,___ CREAM
SHAVING CREAM,SHAVING CREAM,1,2025-11-13,2025-11-13,1,1,0,FOAMY THINGS
SHAW,SHAW,1,2026-02-24,2026-02-24,1,1,0,FAMOUS PLAYWRIGHTS
SHAWL,SHAWL,1,2024-10-12,2024-10-12,1,1,0,DRAPED ACCESSORIES
SHAZAM,SHAZAM,1,2024-10-28,2024-10-28,1,1,0,AUDIO APPS
SHEEPSHANK,SHEEPSHANK,1,2026-05-05,2026-05-05,1,1,0,KINDS OF KNOTS
SHELF,SHELF,1,2026-03-03,2026-03-03,1,1,0,SEEN IN A CLOSET
SHELLAC,SHELLAC,1,2025-08-16,2025-08-16,1,1,0,TROUNCE
SHELLS,SHELLS,1,2026-02-24,2026-02-24,1,1,0,CALCIUM-BASED STRUCTURES
SHELTER,SHELTER,1,2024-12-01,2024-12-01,1,1,0,SANCTUARY
SHELVE,SHELVE,1,2024-12-19,2024-12-19,1,1,0,DEFER
SHERIFF,SHERIFF,1,2026-01-27,2026-01-27,1,1,0,FIRST WORDS OF ROBIN HOOD CHARACTER NAMES
SHERRY,SHERRY,1,2025-08-19,2025-08-19,1,1,0,FORTIFIED WINES
SHIFTER,SHIFTER,1,2025-11-24,2025-11-24,1,1,0,FEATURES OF A CAR'S CENTER CONSOLE
SHIPSHAPE,SHIPSHAPE,1,2025-06-16,2025-06-16,1,1,0,STARTING WITH METHODS OF TRANSPORTATION
SHIVA,SHIVA,1,2024-10-02,2024-10-02,1,1,0,DISTINCTIVE NUMBER OF ARMS (OR LACK THEREOF)
SHOEBOX,SHOEBOX,1,2025-02-25,2025-02-25,1,1,0,RECTANGULAR PRISMS
SHOELACES,SHOELACES,1,2026-05-09,2026-05-09,1,1,0,STRINGS TIED IN KNOTS
SHOO-IN,SHOO-IN,1,2025-11-17,2025-11-17,1,1,0,"STARTING WITH SYNONYMS FOR ""SCRAM!"""
SHOOFLY,SHOOFLY,1,2026-05-21,2026-05-21,1,1,0,KINDS OF PIES
SHORE,SHORE,1,2025-09-15,2025-09-15,1,1,0,BEACHY AREA
SHORT LINE,SHORT LINE,1,2026-06-27,2026-06-27,1,1,0,MONOPOLY SQUARES
SHORTS,SHORTS,1,2026-01-24,2026-01-24,1,1,0,GEAR FOR A BOXER
SHOUT,SHOUT,1,2025-07-09,2025-07-09,1,1,0,THINGS YOU DO AT SOMEONE'S FRONT DOOR
SHOVE,SHOVE,1,2026-01-13,2026-01-13,1,1,0,JOSTLE
SHOW OFF,SHOW OFF,1,2025-06-11,2025-06-11,1,1,0,BOAST
SHOWERS,SHOWERS,1,2026-06-21,2026-06-21,1,1,0,PRECIPITATION
SHREK,SHREK,1,2025-05-22,2025-05-22,1,1,0,CHARACTERS WITH GREEN SKIN
SHRIMP,SHRIMP,1,2025-03-18,2025-03-18,1,1,0,PLURAL ANIMALS IDENTICAL TO THEIR SINGULAR FORMS
SHRINK,SHRINK,1,2024-07-07,2024-07-07,1,1,0,SLANGY NAMES FOR PROFESSIONS
SHRINKAGE,SHRINKAGE,1,2025-07-21,2025-07-21,1,1,0,CONCEPTS FROM “SEINFELD”
SHRUB,SHRUB,1,2025-05-16,2025-05-16,1,1,0,KINDS OF PLANTS
SHUCK,SHUCK,1,2026-01-01,2026-01-01,1,1,0,REMOVE THE COVERING FROM
SHY,SHY,1,2025-01-15,2025-01-15,1,1,0,LACKING
SICK,SICK,1,2025-05-03,2025-05-03,1,1,0,AWESOME
SIDEBAR,SIDEBAR,1,2025-04-05,2025-04-05,1,1,0,PARTS OF A WEBSITE
SIERRA,SIERRA,1,2024-08-15,2024-08-15,1,1,0,"BEERS, FAMILIARLY"
SIFT,SIFT,1,2024-10-14,2024-10-14,1,1,0,RUMMAGE
SIGNIFY,SIGNIFY,1,2024-10-28,2024-10-28,1,1,0,INDICATE
SILENCE,SILENCE,1,2026-02-08,2026-02-08,1,1,0,SUPPRESS
SILICON,SILICON,1,2024-11-29,2024-11-29,1,1,0,FIRST WORDS OF HBO SHOWS
SILLY,SILLY,1,2024-07-12,2024-07-12,1,1,0,___ GOOSE
SILVER BULLET,SILVER BULLET,1,2026-02-20,2026-02-20,1,1,0,QUICK FIX
SILVERSTEIN,SILVERSTEIN,1,2026-01-29,2026-01-29,1,1,0,ENDING WITH DRINKING VESSELS
SIMBA,SIMBA,1,2025-04-16,2025-04-16,1,1,0,LATIN DANCES WITH A VOWEL CHANGED
SIMMER,SIMMER,1,2026-05-20,2026-05-20,1,1,0,STOVE KNOB SETTINGS
SIMON,SIMON,1,2026-01-17,2026-01-17,1,1,0,FIRST WORDS OF KIDS' GAMES
SIMPLE,SIMPLE,1,2025-04-28,2025-04-28,1,1,0,AUSTERE
SIMPLY,SIMPLY,1,2025-10-27,2025-10-27,1,1,0,IN THE SLIGHTEST
SINCERELY,SINCERELY,1,2025-05-10,2025-05-10,1,1,0,LETTER SIGN-OFFS
SINE,SINE,1,2025-11-10,2025-11-10,1,1,0,LATIN PREPOSITIONS
SING,SING,1,2024-06-23,2024-06-23,1,1,0,WHAT HUMPBACK WHALES DO
SINGE,SINGE,1,2025-12-24,2025-12-24,1,1,0,WAYS TO VOCALIZE MUSICALLY PLUS A LETTER
SINGER,SINGER,1,2025-06-28,2025-06-28,1,1,0,INDUSTRIAL REVOLUTION INVENTORS
SINGIN' IN THE RAIN,SINGIN' IN THE RAIN,1,2026-04-01,2026-04-01,1,1,1,MOVIES
SINGULAR,SINGULAR,1,2025-03-18,2025-03-18,1,1,0,EXCEPTIONAL
SINKER,SINKER,1,2024-06-20,2024-06-20,1,1,0,FISHING GEAR
SIOBHAN,SIOBHAN,1,2025-04-08,2025-04-08,1,1,0,WORDS PRONOUNCED “SH” WITHOUT AN “SH”
SIRING,SIRING,1,2025-06-12,2025-06-12,1,1,0,STARTING WITH TITLES
SISI,SISI,1,2025-12-02,2025-12-02,1,1,0,FAMILY MEMBER NICKNAME PLUS A LETTER
SISTER,SISTER,1,2025-10-10,2025-10-10,1,1,0,ONE IN A SEPTET
SIT,SIT,1,2025-01-09,2025-01-09,1,1,0,DOG COMMANDS
SITTING,SITTING,1,2025-01-14,2025-01-14,1,1,0,TERM
SITUATION,SITUATION,1,2025-12-05,2025-12-05,1,1,0,STATE OF AFFAIRS
SITUATIONSHIP,SITUATIONSHIP,1,2026-06-05,2026-06-05,1,1,0,ENDING IN METHODS OF TRANSPORTATION
SIX-PACK,SIX-PACK,1,2025-04-17,2025-04-17,1,1,0,UNITS OF BEER
SIXTEEN,SIXTEEN,1,2025-09-24,2025-09-24,1,1,0,SWEET ___
SIXTH SENSE,SIXTH SENSE,1,2026-05-14,2026-05-14,1,1,0,PREMONITION
SIZZLE,SIZZLE,1,2024-09-18,2024-09-18,1,1,0,KINDS OF REELS
SKAT,SKAT,1,2025-05-28,2025-05-28,1,1,0,MUSIC GENRES PLUS A LETTER
SKEWER,SKEWER,1,2025-10-01,2025-10-01,1,1,0,CRITICIZE
SKI,SKI,1,2024-10-03,2024-10-03,1,1,0,ITEM SOLD IN PAIRS
SKI POLES,SKI POLES,1,2025-08-20,2025-08-20,1,1,0,PAIRS OF RODS
SKINNY,SKINNY,1,2025-06-23,2025-06-23,1,1,0,KINDS OF JEANS
SKINS,SKINS,1,2026-06-09,2026-06-09,1,1,0,SLANG FOR MUSICAL INSTRUMENTS
SKIP,SKIP,1,2026-05-10,2026-05-10,1,1,0,MUSIC PLAYER BUTTONS
SKIPPER,SKIPPER,1,2025-11-22,2025-11-22,1,1,0,SAILOR
SKORT,SKORT,1,2025-10-19,2025-10-19,1,1,0,CHOCOLATE BARS PLUS A LETTER
SKRRT,SKRRT,1,2024-10-07,2024-10-07,1,1,0,CAR ONOMATOPOEIA
SKUNK,SKUNK,1,2025-08-26,2025-08-26,1,1,0,A REAL JERK
SKYDIVE,SKYDIVE,1,2025-01-01,2025-01-01,1,1,0,ENDING WITH SYNONYMS FOR “PLUNGE”
SLAM DUNK,SLAM DUNK,1,2025-11-17,2025-11-17,1,1,0,BASKETBALL SHOTS
SLANT,SLANT,1,2025-03-13,2025-03-13,1,1,0,PARTIALITY
SLAPDASH,SLAPDASH,1,2026-06-21,2026-06-21,1,1,0,STARTING WITH KINDS OF INSULTS
SLASH,SLASH,1,2025-11-15,2025-11-15,1,1,0,PUNCTUATION MARKS
SLAY,SLAY,1,2025-08-30,2025-08-30,1,1,0,DO EXCEPTIONALLY WELL
SLEEPER,SLEEPER,1,2026-04-18,2026-04-18,1,1,0,UNEXPECTED WINNER
SLEEPING,SLEEPING,1,2026-04-04,2026-04-04,1,1,0,"""LET SLEEPING DOGS LIE"""
SLEEPY,SLEEPY,1,2025-01-05,2025-01-05,1,1,0,HARDLY BUSTLING
SLEIGH,SLEIGH,1,2024-12-21,2024-12-21,1,1,0,KINDS OF BEDS
SLICED BREAD,SLICED BREAD,1,2026-03-23,2026-03-23,1,1,0,GAME-CHANGING INVENTIONS
SLID,SLID,1,2025-06-09,2025-06-09,1,1,0,SPELLING BEE RANKS MINUS A LETTER
SLIDER,SLIDER,1,2024-09-14,2024-09-14,1,1,0,CONSOLE INPUTS
SLIDES,SLIDES,1,2025-10-17,2025-10-17,1,1,0,USED DURING A PRESENTATION
SLINGSHOT,SLINGSHOT,1,2026-01-31,2026-01-31,1,1,0,Y-SHAPED THINGS
SLIPPER,SLIPPER,1,2025-10-31,2025-10-31,1,1,1,CINDERELLA
SLIPPERS,SLIPPERS,1,2026-06-01,2026-06-01,1,1,0,OLD-TIMEY LOUNGING ACCESSORIES
SLITHER,SLITHER,1,2025-02-14,2025-02-14,1,1,0,THINGS A RATTLESNAKE DOES
SLOTH,SLOTH,1,2026-03-16,2026-03-16,1,1,0,THINGS ASSOCIATED WITH BEING SLOW
SLOW,SLOW,1,2025-01-05,2025-01-05,1,1,0,HARDLY BUSTLING
SMACKER,SMACKER,1,2025-01-03,2025-01-03,1,1,0,ONE DOLLAR
SMARTER,SMARTER,1,2025-01-23,2025-01-23,1,1,0,RHYMES OF U.S. PRESIDENT NAMES
SMARTWATCH,SMARTWATCH,1,2025-08-23,2025-08-23,1,1,0,MODERN INVENTIONS
SMEAR,SMEAR,1,2024-08-21,2024-08-21,1,1,0,COVER WITH A THICK LAYER
SMILE,SMILE,1,2025-07-15,2025-07-15,1,1,0,HORROR MOVIES FROM 2022
SMILING FACE WITH SUNGLASSES,SMILING FACE WITH SUNGLASSES,1,2026-03-01,2026-03-01,1,1,0,VACATION EMOJI
SMITE,SMITE,1,2024-10-03,2024-10-03,1,1,0,BUGS PLUS STARTING LETTER
SMITH,SMITH,1,2024-08-29,2024-08-29,1,1,0,U.S. COLLEGES/UNIVERSITIES
SMOG,SMOG,1,2026-03-15,2026-03-15,1,1,0,PORTMANTEAUX
SMOKE,SMOKE,1,2025-05-03,2025-05-03,1,1,0,DEFEAT SOUNDLY
SMOKING,SMOKING,1,2025-06-15,2025-06-15,1,1,0,CONSIDERATIONS FOR MOVIE RATINGS
SMUG,SMUG,1,2026-01-29,2026-01-29,1,1,0,ENDING WITH DRINKING VESSELS
SNACK,SNACK,1,2024-07-27,2024-07-27,1,1,0,HOTTIE
SNAG,SNAG,1,2024-09-05,2024-09-05,1,1,0,OBTAIN
SNAPBACK,SNAPBACK,1,2024-11-16,2024-11-16,1,1,0,KINDS OF HATS
SNARL,SNARL,1,2024-11-20,2024-11-20,1,1,0,SOUND LIKE A DOG
SNEEZE,SNEEZE,1,2026-05-05,2026-05-05,1,1,0,INVOLUNTARY ACTIONS
SNICKERDOODLE,SNICKERDOODLE,1,2025-06-06,2025-06-06,1,1,0,ENDING WITH KINDS OF DOGS
SNIDE,SNIDE,1,2026-04-03,2026-04-03,1,1,0,CATTY
SNOB,SNOB,1,2025-01-31,2025-01-31,1,1,0,ONES WITH DISCERNING TASTES
SNOOT,SNOOT,1,2025-01-31,2025-01-31,1,1,0,SCHNOZZ
SNOOZE,SNOOZE,1,2024-08-18,2024-08-18,1,1,0,ALARM CLOCK BUTTONS
SNORE,SNORE,1,2025-01-29,2025-01-29,1,1,0,THINGS YOU MIGHT DO IN YOUR SLEEP
SNOUT,SNOUT,1,2025-01-31,2025-01-31,1,1,0,SCHNOZZ
SNOWFLAKE,SNOWFLAKE,1,2026-04-11,2026-04-11,1,1,0,ENDING IN BODIES OF WATER
SNOWGLOBE,SNOWGLOBE,1,2024-12-11,2024-12-11,1,1,0,THINGS YOU SHAKE
SNOWMAN,SNOWMAN,1,2026-01-14,2026-01-14,1,1,0,STARTING WITH WEATHER CONDITIONS
SNUFFY,SNUFFY,1,2024-12-03,2024-12-03,1,1,0,“SESAME STREET” CHARACTERS
SNUG,SNUG,1,2024-11-17,2024-11-17,1,1,0,CLOSE-FITTING
SNUGGLING,SNUGGLING,1,2025-06-12,2025-06-12,1,1,0,GETTING COZY
SO-SO,SO-SO,1,2024-08-16,2024-08-16,1,1,0,MEH
SOAK,SOAK,1,2026-05-31,2026-05-31,1,1,0,"KINDS OF WOOD PLUS ""S"""
SOAP BOX,SOAP BOX,1,2024-09-25,2024-09-25,1,1,0,___ DERBY
SOAP OPERA,SOAP OPERA,1,2025-06-30,2025-06-30,1,1,0,METAPHORS FOR A DRAMATIC AND CHAOTIC EVENT
SOBRIQUET,SOBRIQUET,1,2024-08-13,2024-08-13,1,1,0,NICKNAME
SOCIAL NORM,SOCIAL NORM,1,2026-05-22,2026-05-22,1,1,0,THE WAY THINGS ARE DONE
SODA CAN,SODA CAN,1,2025-04-03,2025-04-03,1,1,0,THINGS WITH TABS
SODA POP,SODA POP,1,2026-03-19,2026-03-19,1,1,0,ENDING IN MUSIC GENRES
SODIUM,SODIUM,1,2025-04-21,2025-04-21,1,1,0,INFO ON A NUTRITION LABEL
SOFA,SOFA,1,2025-12-08,2025-12-08,1,1,0,EUROPEAN CAPITALS MINUS SECOND-TO-LAST LETTER
SOFT SPOT,SOFT SPOT,1,2025-12-23,2025-12-23,1,1,0,VULNERABILITY
SOFTEN,SOFTEN,1,2025-07-22,2025-07-22,1,1,0,MITIGATE
SOFTIE,SOFTIE,1,2026-05-04,2026-05-04,1,1,0,TENDER-HEARTED PERSON
SOIL,SOIL,1,2025-10-05,2025-10-05,1,1,0,USED TO GROW A HOUSEPLANT
SOL,SOL,1,2024-12-14,2024-12-14,1,1,0,GLOBAL CURRENCIES
SOLAR PANEL,SOLAR PANEL,1,2025-09-04,2025-09-04,1,1,0,THINGS WITH CELLS
SOLD,SOLD,1,2024-12-14,2024-12-14,1,1,0,WORDS IN AN AUCTION-ENDING PHRASE
SOLDIER,SOLDIER,1,2025-09-13,2025-09-13,1,1,0,BUFFALO ___
SOLFEGE,SOLFEGE,1,2024-07-29,2024-07-29,1,1,0,ASSOCIATED WITH SCALES
SOLO CUP,SOLO CUP,1,2026-01-09,2026-01-09,1,1,0,THINGS THAT ARE RED
SOLTI,SOLTI,1,2025-12-25,2025-12-25,1,1,0,COMPRISED OF SOLFEGE (DO-RE-MI)
SOME,SOME,1,2025-01-07,2025-01-07,1,1,0,A HANDFUL OF
SOMEDAY,SOMEDAY,1,2024-07-07,2024-07-07,1,1,0,MARIAH CAREY NUMBER ONE HITS
SONIC,SONIC,1,2026-04-10,2026-04-10,1,1,0,BLUE CHARACTERS
SONIC THE HEDGEHOG,SONIC THE HEDGEHOG,1,2025-01-12,2025-01-12,1,1,0,THINGS FEATURING TAILS
SOPHIA,SOPHIA,1,2024-09-30,2024-09-30,1,1,0,CAPITAL CITY HOMOPHONES
SOPHOCLES,SOPHOCLES,1,2025-07-02,2025-07-02,1,1,0,STARTING WITH HIGH SCHOOL/COLLEGE ABBREVIATIONS
SOPRANO,SOPRANO,1,2026-04-13,2026-04-13,1,1,0,TV SHOW TITLE SURNAMES
SORE,SORE,1,2025-10-16,2025-10-16,1,1,0,CRABBY
SORTIE,SORTIE,1,2026-06-17,2026-06-17,1,1,0,"STARTING WITH SYNONYMS FOR ""ILK"""
SORTS,SORTS,1,2024-09-10,2024-09-10,1,1,0,VARIETIES
SOULMATE,SOULMATE,1,2024-08-19,2024-08-19,1,1,0,STARTING WITH PIXAR MOVIES
SOUND BARRIER,SOUND BARRIER,1,2025-12-31,2025-12-31,1,1,0,STARTING WITH BODIES OF WATER
SOURCE,SOURCE,1,2025-07-07,2025-07-07,1,1,0,INFORMANT
SOURSOP,SOURSOP,1,2025-11-22,2025-11-22,1,1,0,TROPICAL FRUITS/VEGETABLES
SOUTH,SOUTH,1,2024-09-23,2024-09-23,1,1,0,___ PARK
SOUTHERN,SOUTHERN,1,2026-05-29,2026-05-29,1,1,0,OCEANS
SOW,SOW,1,2026-03-24,2026-03-24,1,1,0,HETERONYMS
SOXER,SOXER,1,2025-12-28,2025-12-28,1,1,0,DOGS WITH FIRST LETTER CHANGED
SOY SAUCE,SOY SAUCE,1,2026-06-19,2026-06-19,1,1,0,UMAMI-RICH FOODS
SPACECRAFT,SPACECRAFT,1,2025-09-25,2025-09-25,1,1,0,"NAMED ""APOLLO"""
SPADE,SPADE,1,2026-01-15,2026-01-15,1,1,0,GARDENING TOOLS
SPAM,SPAM,1,2024-12-13,2024-12-13,1,1,0,EMAIL FOLDERS
SPAN,SPAN,1,2026-02-02,2026-02-02,1,1,0,DURATION
SPARE TIRE,SPARE TIRE,1,2026-04-11,2026-04-11,1,1,0,FOUND IN THE TRUNK OF A CAR
SPARKLES,SPARKLES,1,2024-07-18,2024-07-18,1,1,0,EMOJI
SPARKLING,SPARKLING,1,2025-08-27,2025-08-27,1,1,0,RESTAURANT WATER OPTIONS
SPARKS,SPARKS,1,2024-07-04,2024-07-04,1,1,0,ROMANTIC RAPPORT
SPARROW,SPARROW,1,2025-11-30,2025-11-30,1,1,0,FICTIONAL PIRATES
SPEC,SPEC,1,2025-08-06,2025-08-06,1,1,0,MUSCLE NICKNAMES PLUS “S”
SPECIALTY,SPECIALTY,1,2024-11-19,2024-11-19,1,1,0,AREA OF EXPERTISE
SPECIFY,SPECIFY,1,2024-07-30,2024-07-30,1,1,0,PROVIDE MORE DETAILS
SPECIMEN,SPECIMEN,1,2024-12-09,2024-12-09,1,1,0,USED TO VIEW A BIOLOGICAL SAMPLE
SPECTACLE,SPECTACLE,1,2026-04-08,2026-04-08,1,1,0,EYEWEAR IN THE SINGULAR
SPECTER,SPECTER,1,2025-09-06,2025-09-06,1,1,0,APPARITION
SPECULATION,SPECULATION,1,2024-08-24,2024-08-24,1,1,0,HEARSAY
SPECULATIVE,SPECULATIVE,1,2025-06-23,2025-06-23,1,1,0,FICTION CATEGORIES
SPEECH BUBBLE,SPEECH BUBBLE,1,2025-11-11,2025-11-11,1,1,0,ICONS ON AN IPHONE
SPELL CHECKER,SPELL CHECKER,1,2026-06-12,2026-06-12,1,1,0,STARTING WITH INCANTATIONS
SPELLBOUND,SPELLBOUND,1,2025-12-16,2025-12-16,1,1,0,HITCHCOCK MOVIES
SPHINX,SPHINX,1,2025-05-22,2025-05-22,1,1,0,FAMOUS RIDDLE-GIVERS
SPICY,SPICY,1,2024-11-08,2024-11-08,1,1,0,RISQUÉ
SPIFF,SPIFF,1,2026-03-11,2026-03-11,1,1,0,"MAKE NICER, WITH ""UP"""
SPIKE LEE,SPIKE LEE,1,2025-04-06,2025-04-06,1,1,0,___ JOINT
SPILLING,SPILLING,1,2025-06-12,2025-06-12,1,1,0,GOSSIPING
SPINAL,SPINAL,1,2025-03-20,2025-03-20,1,1,0,KINDS OF CORDS
SPINDERELLA,SPINDERELLA,1,2026-06-19,2026-06-19,1,1,0,STARTING WITH MAGAZINES
SPINY,SPINY,1,2026-01-22,2026-01-22,1,1,0,MAGAZINES PLUS A LETTER
SPIT,SPIT,1,2026-04-04,2026-04-04,1,1,0,COASTAL LANDFORMS
SPITBALL,SPITBALL,1,2024-07-03,2024-07-03,1,1,0,"DEVELOP, AS IDEAS"
SPLINTER,SPLINTER,1,2026-06-26,2026-06-26,1,1,0,VARIOUS AMOUNTS OF WOOD
SPOIL,SPOIL,1,2025-11-05,2025-11-05,1,1,0,MAKE A HASH OF
SPOKEN,SPOKEN,1,2025-11-08,2025-11-08,1,1,0,KINDS OF LANGUAGE
SPOKES,SPOKES,1,2025-03-30,2025-03-30,1,1,0,___MAN
SPOKESPERSON,SPOKESPERSON,1,2026-02-10,2026-02-10,1,1,0,STARTING WITH PARTS OF A WHEEL
SPONSOR,SPONSOR,1,2026-04-11,2026-04-11,1,1,0,BENEFACTOR
SPONTANEITY,SPONTANEITY,1,2025-03-17,2025-03-17,1,1,0,UNINHIBITEDNESS
SPOOL,SPOOL,1,2024-10-26,2024-10-26,1,1,0,CYLINDER-SHAPED THINGS
SPOONING,SPOONING,1,2025-06-12,2025-06-12,1,1,0,GETTING COZY
SPORK,SPORK,1,2026-03-15,2026-03-15,1,1,0,PORTMANTEAUX
SPORTING,SPORTING,1,2026-03-04,2026-03-04,1,1,0,SPORTSMANLIKE
SPORTY,SPORTY,1,2025-07-14,2025-07-14,1,1,0,ADJECTIVES FOR A SPORTS CAR
SPOTLIGHT,SPOTLIGHT,1,2026-03-09,2026-03-09,1,1,0,METAPHORS FOR PUBLIC SCRUTINY
SPOTTY,SPOTTY,1,2024-11-27,2024-11-27,1,1,0,NOT WORKING RELIABLY
SPOUSE,SPOUSE,1,2025-06-08,2025-06-08,1,1,0,SIDEBAR INFO ON A PERSON’S WIKIPEDIA PAGE
SPRAIN,SPRAIN,1,2024-07-25,2024-07-25,1,1,0,WRAPPED THINGS
SPRAY CAN,SPRAY CAN,1,2026-01-31,2026-01-31,1,1,0,WAYS TO APPLY PAINT
SPREADSHEET,SPREADSHEET,1,2025-09-04,2025-09-04,1,1,0,THINGS WITH CELLS
SPRINGBOARD,SPRINGBOARD,1,2025-04-25,2025-04-25,1,1,0,STARTING POINT
SPRINKLER,SPRINKLER,1,2025-12-11,2025-12-11,1,1,0,THINGS SEEN IN A YARD
SPRINKLES,SPRINKLES,1,2026-06-21,2026-06-21,1,1,0,PRECIPITATION
SPRITE,SPRITE,1,2024-12-13,2024-12-13,1,1,0,CITRUS SODAS
SPROCKET,SPROCKET,1,2026-03-15,2026-03-15,1,1,0,TOOTHED WHEELS
SPROUTS,SPROUTS,1,2024-09-25,2024-09-25,1,1,0,FOOD NAMED AFTER CITIES
SPURS,SPURS,1,2025-10-21,2025-10-21,1,1,0,N.B.A. TEAMS
SPY,SPY,1,2025-11-08,2025-11-08,1,1,0,"WORDS AFTER ""I"""
SQUAD,SQUAD,1,2025-08-06,2025-08-06,1,1,0,MUSCLE NICKNAMES PLUS “S”
SQUASH,SQUASH,1,2025-08-03,2025-08-03,1,1,0,SPORTS
SQUASHED,SQUASHED,1,2026-06-25,2026-06-25,1,1,0,TIGHTLY PACKED
SQUATTER,SQUATTER,1,2026-03-08,2026-03-08,1,1,0,STARTING WITH SLANG FOR ZERO
SQUAWK,SQUAWK,1,2026-02-16,2026-02-16,1,1,0,SOUNDS A CHICKEN MAKES
SQUIRREL,SQUIRREL,1,2024-07-02,2024-07-02,1,1,0,PACK (AWAY) FOR FUTURE USE
SQUIRT,SQUIRT,1,2024-12-13,2024-12-13,1,1,0,CITRUS SODAS
STABLES,STABLES,1,2024-10-30,2024-10-30,1,1,0,RETAIL CHAINS WITH A LETTER CHANGED
STACKS,STACKS,1,2025-12-21,2025-12-21,1,1,0,LIBRARY SECTIONS
STAG,STAG,1,2025-09-05,2025-09-05,1,1,0,AVAILABLE
STAINED,STAINED,1,2025-01-08,2025-01-08,1,1,0,WORDS MISSPELLED IN NU METAL BAND NAMES
STAIR,STAIR,1,2026-05-27,2026-05-27,1,1,0,HOMOPHONES OF WAYS OF LOOKING
STAIRWAY,STAIRWAY,1,2025-09-29,2025-09-29,1,1,0,FIRST WORDS IN '70S ROCK SONG TITLES
STALK,STALK,1,2024-11-12,2024-11-12,1,1,0,VEGETABLE UNITS
STALL,STALL,1,2025-01-09,2025-01-09,1,1,0,VENDOR’S SPOT AT A MARKET
STALLION,STALLION,1,2026-04-02,2026-04-02,1,1,0,MALE ANIMALS
STAMINA,STAMINA,1,2026-06-15,2026-06-15,1,1,0,STAYING POWER
STANCE,STANCE,1,2026-04-12,2026-04-12,1,1,0,PERSPECTIVE
STAND-UP,STAND-UP,1,2026-03-23,2026-03-23,1,1,0,PRINCIPLED
STAPLE,STAPLE,1,2024-07-11,2024-07-11,1,1,0,FUNDAMENTAL
STARING,STARING,1,2025-10-26,2025-10-26,1,1,0,KINDS OF CONTESTS
STARK,STARK,1,2026-02-13,2026-02-13,1,1,0,DOWNRIGHT
STARLING,STARLING,1,2025-10-26,2025-10-26,1,1,0,WORDS WITH DIMINUTIVE SUFFIXES
STARRY,STARRY,1,2024-12-13,2024-12-13,1,1,0,CITRUS SODAS
STARS,STARS,1,2024-09-10,2024-09-10,1,1,0,RATINGS SYSTEMS
STARTER,STARTER,1,2024-06-24,2024-06-24,1,1,0,RESTAURANT COURSES
STARTING POINT,STARTING POINT,1,2025-06-19,2025-06-19,1,1,0,MAP APP OPTIONS
STARTLE,STARTLE,1,2025-06-29,2025-06-29,1,1,0,FLINCH
STASH,STASH,1,2024-07-02,2024-07-02,1,1,0,PACK (AWAY) FOR FUTURE USE
STAT,STAT,1,2025-02-08,2025-02-08,1,1,0,INFO ON A BASEBALL CARD
STATEMENT,STATEMENT,1,2024-12-20,2024-12-20,1,1,0,TYPES OF SENTENCES
STATS,STATS,1,2024-12-22,2024-12-22,1,1,0,PALINDROMES
STATUETTE,STATUETTE,1,2024-12-21,2024-12-21,1,1,0,THINGS CALLED “OSCAR”
STATUS,STATUS,1,2025-12-05,2025-12-05,1,1,0,STATE OF AFFAIRS
STAUNCH,STAUNCH,1,2025-10-14,2025-10-14,1,1,0,HALT
STEAK,STEAK,1,2026-05-31,2026-05-31,1,1,0,"KINDS OF WOOD PLUS ""S"""
STEAMING,STEAMING,1,2024-08-25,2024-08-25,1,1,0,HOPPING MAD
STEEP,STEEP,1,2026-05-17,2026-05-17,1,1,0,TEA-MAKING VERBS
STEER,STEER,1,2024-11-10,2024-11-10,1,1,0,GUIDE
STEIN,STEIN,1,2026-05-16,2026-05-16,1,1,0,GLASSWARE
STELLA,STELLA,1,2024-08-15,2024-08-15,1,1,0,"BEERS, FAMILIARLY"
STEPS,STEPS,1,2024-08-28,2024-08-28,1,1,0,BABY ___
STERLING,STERLING,1,2025-09-13,2025-09-13,1,1,0,GLOBAL CURRENCIES
STERN,STERN,1,2025-06-24,2025-06-24,1,1,0,STRICT
STETHOSCOPE,STETHOSCOPE,1,2026-01-31,2026-01-31,1,1,0,Y-SHAPED THINGS
STILTED,STILTED,1,2025-09-30,2025-09-30,1,1,0,"UNNATURAL, AS MANNERISMS"
STINGRAY,STINGRAY,1,2025-11-24,2025-11-24,1,1,0,ENDING IN COLORS
STINK,STINK,1,2025-08-30,2025-08-30,1,1,0,NOT BE GOOD
STIRRER,STIRRER,1,2026-02-06,2026-02-06,1,1,0,ITEMS AT A COFFEE STATION
STIRRING,STIRRING,1,2025-09-02,2025-09-02,1,1,0,"IN ""A VISIT FROM ST. NICHOLAS"""
STIRRUP,STIRRUP,1,2024-10-13,2024-10-13,1,1,0,KINDS OF PANTS
STOLE,STOLE,1,2024-10-12,2024-10-12,1,1,0,DRAPED ACCESSORIES
STONER,STONER,1,2025-12-26,2025-12-26,1,1,0,COMEDY SUBGENRES
STOP SIGN,STOP SIGN,1,2025-11-03,2025-11-03,1,1,0,THINGS THAT ARE RED
STOPPER,STOPPER,1,2026-01-11,2026-01-11,1,1,0,PARTS OF A SINK
STOPS,STOPS,1,2025-06-19,2025-06-19,1,1,0,MAP APP OPTIONS
STOPWATCH,STOPWATCH,1,2025-10-25,2025-10-25,1,1,0,DIGITAL WATCH FEATURES
STORAGE,STORAGE,1,2024-11-12,2024-11-12,1,1,0,LAPTOP SPECS
STORMY,STORMY,1,2026-04-17,2026-04-17,1,1,0,SECOND HALVES OF DRINK NAMES
STOVE,STOVE,1,2026-05-04,2026-05-04,1,1,0,THINGS WITH KNOBS
STOVETOP,STOVETOP,1,2025-09-27,2025-09-27,1,1,0,POPCORN-MAKING METHODS
STOW,STOW,1,2024-07-02,2024-07-02,1,1,0,PACK (AWAY) FOR FUTURE USE
STRAINER,STRAINER,1,2025-12-21,2025-12-21,1,1,0,FEATURES OF A TEAPOT
STRAIT,STRAIT,1,2025-03-20,2025-03-20,1,1,0,BODIES OF WATER
STRAWS,STRAWS,1,2026-02-09,2026-02-09,1,1,0,DRAW ___
STRAY,STRAY,1,2025-04-12,2025-04-12,1,1,0,DO WRONG
STREAM,STREAM,1,2024-11-20,2024-11-20,1,1,0,"BROADCAST, AS ONLINE MEDIA"
STREAMER,STREAMER,1,2024-09-24,2024-09-24,1,1,0,ONLINE PERSONALITY
STREETCAR,STREETCAR,1,2026-06-01,2026-06-01,1,1,0,SUBJECTS IN TENNESSEE WILLIAMS TITLES
STRESS,STRESS,1,2025-11-28,2025-11-28,1,1,0,PHONETIC ELEMENTS OF SPEECH
STRESSED,STRESSED,1,2026-06-22,2026-06-22,1,1,0,PRONUNCIATION DESCRIPTORS
STRETCHING,STRETCHING,1,2026-06-11,2026-06-11,1,1,0,PARTS OF A WORKOUT ROUTINE
STRIKETHROUGH,STRIKETHROUGH,1,2025-10-24,2025-10-24,1,1,0,THINGS YOU CAN DO TO TEXT
STRIKING,STRIKING,1,2024-08-13,2024-08-13,1,1,0,OBVIOUS
STRING LIGHTS,STRING LIGHTS,1,2025-09-04,2025-09-04,1,1,0,WHAT YOU MIGHT SEE ON A CHRISTMAS TREE
STRINGY,STRINGY,1,2025-05-04,2025-05-04,1,1,0,QUALITIES OF OVERCOOKED MEAT
STRIPE,STRIPE,1,2026-01-07,2026-01-07,1,1,0,COMMON FLAG SYMBOLS
STRIPTEASE,STRIPTEASE,1,2026-06-05,2026-06-05,1,1,0,DEMI MOORE MOVIES
STROKE,STROKE,1,2025-11-20,2025-11-20,1,1,0,GRAZE
STROLL,STROLL,1,2026-04-21,2026-04-21,1,1,0,AMBLE (IN)
STROLLER,STROLLER,1,2025-05-24,2025-05-24,1,1,0,BABY GEAR
STRONG,STRONG,1,2024-12-25,2024-12-25,1,1,0,“S.N.L.” CAST MEMBERS
STRUCK,STRUCK,1,2025-08-13,2025-08-13,1,1,0,STAR___
STRUCTURE,STRUCTURE,1,2024-07-21,2024-07-21,1,1,0,CONSTITUTION
STRUDEL,STRUDEL,1,2026-01-22,2026-01-22,1,1,0,FRUIT DESSERTS
STRUM,STRUM,1,2025-05-27,2025-05-27,1,1,0,GUITAR PLAYING TECHNIQUES
STU,STU,1,2026-02-19,2026-02-19,1,1,0,HOMOPHONES OF WAYS TO COOK SOMETHING
STUDIO,STUDIO,1,2025-06-24,2025-06-24,1,1,0,SEEN IN OPENING CREDITS
STUFFED,STUFFED,1,2026-01-06,2026-01-06,1,1,0,___ ANIMAL
STUMBLER,STUMBLER,1,2026-01-29,2026-01-29,1,1,0,ENDING WITH DRINKING VESSELS
STUNS,STUNS,1,2026-06-21,2026-06-21,1,1,0,BOWLS OVER
STUNT,STUNT,1,2024-11-08,2024-11-08,1,1,0,ESCAPADE
SUBARU,SUBARU,1,2025-09-18,2025-09-18,1,1,0,ORGS WITH STARS IN THEIR LOGOS
SUBMARINE,SUBMARINE,1,2026-03-05,2026-03-05,1,1,0,"WHAT ""SUB"" MIGHT REFER TO"
SUBSTITUTE,SUBSTITUTE,1,2025-11-29,2025-11-29,1,1,0,REPLACEMENT
SUBTERFUGE,SUBTERFUGE,1,2025-08-23,2025-08-23,1,1,0,SKULDUGGERY
SUBWAY,SUBWAY,1,2025-08-05,2025-08-05,1,1,0,SUBTERRANEAN TRANSIT
SUCCESSION,SUCCESSION,1,2025-06-22,2025-06-22,1,1,0,HBO SHOWS
SUCKER,SUCKER,1,2025-12-10,2025-12-10,1,1,0,CONFECTION
SUCTION CUPS,SUCTION CUPS,1,2026-04-24,2026-04-24,1,1,0,ASSOCIATED WITH OCTOPUSES
SUGARY,SUGARY,1,2026-06-03,2026-06-03,1,1,0,GUMMY BEAR DESCRIPTORS
SUGGEST,SUGGEST,1,2024-10-28,2024-10-28,1,1,0,INDICATE
SUGGESTIVE,SUGGESTIVE,1,2024-11-08,2024-11-08,1,1,0,RISQUÉ
SUITE,SUITE,1,2026-06-16,2026-06-16,1,1,0,ATTENDANTS
SUITS,SUITS,1,2025-06-26,2025-06-26,1,1,0,LEGAL DRAMAS
SULLY,SULLY,1,2026-02-14,2026-02-14,1,1,0,TOM HANKS ROLES
SUMMERTIME,SUMMERTIME,1,2025-04-25,2025-04-25,1,1,0,GREAT AMERICAN SONGBOOK SONGS
SUMO,SUMO,1,2025-11-12,2025-11-12,1,1,0,SPORTS
SUNDAE,SUNDAE,1,2025-06-29,2025-06-29,1,1,0,ICE CREAM TREATS
SUNDAY,SUNDAY,1,2025-04-03,2025-04-03,1,1,0,PALM ___
SUNG,SUNG,1,2026-02-28,2026-02-28,1,1,0,ASTRONOMICAL TERMS PLUS A LETTER
SUNNY,SUNNY,1,2025-09-23,2025-09-23,1,1,0,CHEERFUL
SUNNY-SIDE UP,SUNNY-SIDE UP,1,2025-11-25,2025-11-25,1,1,0,STARTING WITH OPTIMISTIC WORDS
SUNRISE,SUNRISE,1,2025-02-20,2025-02-20,1,1,0,ASSOCIATED WITH EARLY MORNING
SUNSHINE,SUNSHINE,1,2025-04-11,2025-04-11,1,1,0,SOURCES OF VITAMINS
SUNSPOT,SUNSPOT,1,2025-11-18,2025-11-18,1,1,0,"ENDING IN SYNONYMS FOR ""LOCATION"""
SUNTAN,SUNTAN,1,2024-09-22,2024-09-22,1,1,0,WHAT “BRONZE” MIGHT MEAN
SUPEREGO,SUPEREGO,1,2025-12-23,2025-12-23,1,1,0,FREUDIAN CONCEPTS
SUPERFUDGE,SUPERFUDGE,1,2026-05-19,2026-05-19,1,1,0,JUDY BLUME BOOKS
SUPERHERO,SUPERHERO,1,2025-11-14,2025-11-14,1,1,0,ACTION FILM SUBGENRES
SUPERIOR,SUPERIOR,1,2025-05-11,2025-05-11,1,1,0,MOTHER ___
SUPERIORITY,SUPERIORITY,1,2026-02-15,2026-02-15,1,1,0,KINDS OF COMPLEXES
SUPERMAN,SUPERMAN,1,2025-12-23,2025-12-23,1,1,0,CHARACTERS IN CAPES
SUPPER,SUPPER,1,2025-07-31,2025-07-31,1,1,0,LAST ___
SUPPLEMENTS,SUPPLEMENTS,1,2025-04-11,2025-04-11,1,1,0,SOURCES OF VITAMINS
SUPPLY,SUPPLY,1,2025-03-04,2025-03-04,1,1,0,___ CHAIN
SUPPOSE,SUPPOSE,1,2024-08-18,2024-08-18,1,1,0,“HERE’S A THOUGHT ...”
SURFACE,SURFACE,1,2024-12-05,2024-12-05,1,1,0,EXTERIOR
SURFER,SURFER,1,2025-12-26,2025-12-26,1,1,0,CALIFORNIA-BASED CHARACTER TROPES
SURFING,SURFING,1,2025-01-11,2025-01-11,1,1,0,OLYMPIC EVENTS SINCE 2000
SURGEON,SURGEON,1,2026-05-19,2026-05-19,1,1,0,FISH MINUS A LETTER
SURLY,SURLY,1,2024-07-16,2024-07-16,1,1,0,IN A BAD MOOD
SURPASS,SURPASS,1,2025-01-23,2025-01-23,1,1,0,OUTDO
SURPRISES,SURPRISES,1,2026-06-21,2026-06-21,1,1,0,BOWLS OVER
SUSHI,SUSHI,1,2026-06-03,2026-06-03,1,1,0,KINDS OF RICE
SUSPICION,SUSPICION,1,2025-12-16,2025-12-16,1,1,0,HITCHCOCK MOVIES
SWAB,SWAB,1,2025-11-22,2025-11-22,1,1,0,SAILOR
SWAG,SWAG,1,2025-10-23,2025-10-23,1,1,0,___ BAG
SWAGGER,SWAGGER,1,2025-06-03,2025-06-03,1,1,0,BE OSTENTATIOUS
SWAN,SWAN,1,2025-07-11,2025-07-11,1,1,0,KINDS OF SONGS
SWARM,SWARM,1,2024-07-17,2024-07-17,1,1,0,ANIMAL GROUP NAMES
SWEARING,SWEARING,1,2025-09-02,2025-09-02,1,1,0,CURSES
SWELLING SEA,SWELLING SEA,1,2025-11-27,2025-11-27,1,1,0,RHYMES FOR NEW YORK TIMES GAMES
SWIFT,SWIFT,1,2025-10-12,2025-10-12,1,1,0,BIRDS
SWILL,SWILL,1,2025-12-04,2025-12-04,1,1,0,IMBIBE
SWIMMING,SWIMMING,1,2025-12-29,2025-12-29,1,1,0,SUMMER OLYMPIC EVENTS
SWIMMING POOL,SWIMMING POOL,1,2025-08-12,2025-08-12,1,1,0,PLACES WITH LANES
SWINDLE,SWINDLE,1,2025-06-06,2025-06-06,1,1,0,WHAT “CON” MIGHT MEAN
SWING STATE,SWING STATE,1,2025-11-07,2025-11-07,1,1,0,THINGS THAT ARE PURPLE
SWINGER,SWINGER,1,2024-10-17,2024-10-17,1,1,0,MOVIES WITH “S” REMOVED
SWINGS,SWINGS,1,2024-08-28,2024-08-28,1,1,0,PLAYGROUND EQUIPMENT
SWOON,SWOON,1,2026-02-11,2026-02-11,1,1,0,ACT LOVESTRUCK
SWOOSH,SWOOSH,1,2024-12-02,2024-12-02,1,1,0,ICON EMBROIDERED ON A POLO SHIRT
SWORDS,SWORDS,1,2025-05-07,2025-05-07,1,1,0,TAROT MINOR ARCANA SUITS
SYNC,SYNC,1,2026-02-13,2026-02-13,1,1,0,HOMOPHONES OF WAYS TO GET SMALLER
SYNDICATE,SYNDICATE,1,2025-06-09,2025-06-09,1,1,0,CRIME ORGANIZATION
SYNOPSIS,SYNOPSIS,1,2026-01-18,2026-01-18,1,1,0,FOUND ON A BOOK JACKET
SYRINGE,SYRINGE,1,2025-05-17,2025-05-17,1,1,0,GRADUATED INSTRUMENTS
SÉANCE,SÉANCE,1,2025-10-29,2025-10-29,1,1,0,WORDS STARTING WITH THE “SAY” SOUND
T,T,1,2026-02-07,2026-02-07,1,1,1,LOWERCASE LETTERS
T-BONE,T-BONE,1,2024-10-05,2024-10-05,1,1,0,STEAK CUTS
T-SQUARE,T-SQUARE,1,2025-03-21,2025-03-21,1,1,0,ARCHITECTURAL DRAWING TOOLS
TAB,TAB,1,2025-11-26,2025-11-26,1,1,0,BACKWARDS ANIMALS
TABBY,TABBY,1,2024-07-28,2024-07-28,1,1,0,CAT COAT PATTERNS
TABLES,TABLES,1,2025-01-18,2025-01-18,1,1,0,TURN THE ___
TABOO,TABOO,1,2025-11-17,2025-11-17,1,1,0,FORBIDDEN
TACK,TACK,1,2025-07-19,2025-07-19,1,1,0,SHARP FASTENERS
TACKLES,TACKLES,1,2025-10-21,2025-10-21,1,1,0,TAKES ON
TACO,TACO,1,2024-11-28,2024-11-28,1,1,0,___ TUESDAY
TAEKWONDO,TAEKWONDO,1,2025-01-11,2025-01-11,1,1,0,OLYMPIC EVENTS SINCE 2000
TAILOR-MADE,TAILOR-MADE,1,2026-05-22,2026-05-22,1,1,0,STARTING WITH NAME HOMOPHONES
TAKE CARE OF,TAKE CARE OF,1,2025-08-15,2025-08-15,1,1,0,"HANDLE, AS A BILL"
TAKI,TAKI,1,2025-04-27,2025-04-27,1,1,0,SALTY SNACK UNIT
TALKING DOLL,TALKING DOLL,1,2025-11-21,2025-11-21,1,1,0,PIXAR PROTAGONISTS
TALL,TALL,1,2024-06-16,2024-06-16,1,1,0,___ TALE
TAMBOURINE,TAMBOURINE,1,2025-03-22,2025-03-22,1,1,0,MUSICAL INSTRUMENTS
TAMPA BAY,TAMPA BAY,1,2025-01-19,2025-01-19,1,1,0,THEY HAVE RAYS
TAMPER,TAMPER,1,2025-08-25,2025-08-25,1,1,0,PIPE-SMOKING ACCESSORIES
TANGENT,TANGENT,1,2024-07-27,2024-07-27,1,1,0,OFF-TOPIC REMARKS
TANGY,TANGY,1,2025-04-16,2025-04-16,1,1,0,LATIN DANCES WITH A VOWEL CHANGED
TANTRUM,TANTRUM,1,2024-07-03,2024-07-03,1,1,0,"THINGS YOU CAN THROW, IN METAPHORS"
TAPA,TAPA,1,2026-03-01,2026-03-01,1,1,0,LITTLE BITE
TAPER,TAPER,1,2025-03-06,2025-03-06,1,1,0,WANE
TAPIOCA,TAPIOCA,1,2024-11-21,2024-11-21,1,1,0,SPHERES IN MILK TEA
TAPS,TAPS,1,2024-12-27,2024-12-27,1,1,0,"PUSHES, AS A BUTTON"
TART,TART,1,2025-10-16,2025-10-16,1,1,0,FRUIT DESSERTS
TARTAN,TARTAN,1,2026-02-24,2026-02-24,1,1,0,SYMBOLS OF SCOTLAND
TARTAR,TARTAR,1,2024-11-13,2024-11-13,1,1,0,CONCERNS FOR A DENTIST
TASMANIAN DEVIL,TASMANIAN DEVIL,1,2025-10-03,2025-10-03,1,1,0,THEY MOVE IN A SPIRAL
TASSEL,TASSEL,1,2026-04-15,2026-04-15,1,1,0,GRADUATION GEAR
TASTE,TASTE,1,2025-01-27,2025-01-27,1,1,0,SMALL AMOUNT OF FOOD TO TRY
TASTING,TASTING,1,2024-09-09,2024-09-09,1,1,0,FLAVOR ASSORTMENT
TATTOO MACHINE,TATTOO MACHINE,1,2025-09-16,2025-09-16,1,1,0,THINGS WITH INK
TAURUS,TAURUS,1,2025-05-16,2025-05-16,1,1,0,ASSOCIATED WITH BULLS
TAXI DRIVER,TAXI DRIVER,1,2024-10-02,2024-10-02,1,1,0,ROBERT DE NIRO FILMS
TCHOTCHKE,TCHOTCHKE,1,2025-03-22,2025-03-22,1,1,0,KNICKKNACK
TEA LEAVES,TEA LEAVES,1,2025-12-01,2025-12-01,1,1,0,STARTING WITH LETTER HOMOPHONES
TEA PARTY,TEA PARTY,1,2026-06-14,2026-06-14,1,1,0,"FEATURED IN ""ALICE'S ADVENTURES IN WONDERLAND"""
TEABAG,TEABAG,1,2025-08-28,2025-08-28,1,1,0,USED FOR TEA
TEAR,TEAR,1,2025-12-07,2025-12-07,1,1,0,MOVE AT BREAKNECK SPEED
TECH,TECH,1,2024-12-20,2024-12-20,1,1,0,KINDS OF BROS
TECH BRO,TECH BRO,1,2025-12-26,2025-12-26,1,1,0,CALIFORNIA-BASED CHARACTER TROPES
TED,TED,1,2025-05-14,2025-05-14,1,1,0,TITULAR ANIMALS OF FILM
TEE (GOLF),TEE (GOLF),1,2024-12-12,2024-12-12,1,1,1,"THINGS THAT SOUND LIKE ""T"""
TEE (SHIRT),TEE (SHIRT),1,2024-12-12,2024-12-12,1,1,1,"THINGS THAT SOUND LIKE ""T"""
TEEN,TEEN,1,2025-03-24,2025-03-24,1,1,0,"WHO VIDEO GAMES ARE FOR, PER ESRB RATINGS"
TEETER-TOTTER,TEETER-TOTTER,1,2024-08-28,2024-08-28,1,1,0,PLAYGROUND EQUIPMENT
TEETHE,TEETHE,1,2026-05-19,2026-05-19,1,1,0,THINGS BABIES DO
TEETOTAL,TEETOTAL,1,2026-06-19,2026-06-19,1,1,0,"ENDING IN SYNONYMS FOR ""AGGREGATE"""
TEETOTALER,TEETOTALER,1,2024-08-28,2024-08-28,1,1,0,DESCRIBED AS DRY
TELEPATHIC,TELEPATHIC,1,2026-05-02,2026-05-02,1,1,0,CLAIRVOYANT
TELEPHONE,TELEPHONE,1,2025-10-22,2025-10-22,1,1,0,UTILITIES
TELEPHOTO,TELEPHOTO,1,2025-09-12,2025-09-12,1,1,0,KINDS OF CAMERA LENSES
TELETUBBY,TELETUBBY,1,2025-08-21,2025-08-21,1,1,0,THINGS WITH ANTENNA/E
TELEVISION,TELEVISION,1,2025-03-22,2025-03-22,1,1,0,WORDS ABBREVIATED WITH “T” + LETTER
TELEVISIONS,TELEVISIONS,1,2025-10-21,2025-10-21,1,1,0,THINGS YOU CAN CONTROL WITH REMOTES
TELLER,TELLER,1,2025-11-01,2025-11-01,1,1,0,SECOND IN A FAMOUS REAL-LIFE DUO
TELLY,TELLY,1,2025-02-18,2025-02-18,1,1,0,BRITISHISMS
TEMP,TEMP,1,2026-01-25,2026-01-25,1,1,0,ACT AS A BACKUP
TEMPERA,TEMPERA,1,2026-06-04,2026-06-04,1,1,0,PAINTING MEDIA
TEMPERATURE,TEMPERATURE,1,2024-06-17,2024-06-17,1,1,0,MEASURED IN DEGREES
TEMPS,TEMPS,1,2024-10-24,2024-10-24,1,1,0,FRENCH WORDS
TEN,TEN,1,2024-07-27,2024-07-27,1,1,0,HOTTIE
TENET,TENET,1,2024-09-13,2024-09-13,1,1,0,PALINDROMES FEATURING “E”
TENNESSEE,TENNESSEE,1,2025-04-02,2025-04-02,1,1,0,WILLIAMSES
TERMINAL,TERMINAL,1,2024-08-23,2024-08-23,1,1,0,VISUAL INTERFACE
TESLA,TESLA,1,2026-04-30,2026-04-30,1,1,0,"WHAT ""T"" MIGHT STAND FOR"
TEST BED,TEST BED,1,2026-03-05,2026-03-05,1,1,0,PLACES WHERE IDEAS ARE DEVELOPED
TESTY,TESTY,1,2024-07-16,2024-07-16,1,1,0,IN A BAD MOOD
TETHERBALL,TETHERBALL,1,2024-08-28,2024-08-28,1,1,0,FOUND AT THE END OF A STRING/CORD
TETRACYCLINE,TETRACYCLINE,1,2025-07-30,2025-07-30,1,1,0,STARTING WITH GREEK NUMERICAL PREFIXES
TEXT,TEXT,1,2024-11-06,2024-11-06,1,1,0,COMMUNICATE THROUGH WRITING
TEXT BOX,TEXT BOX,1,2025-06-10,2025-06-10,1,1,0,THINGS YOU CAN INSERT IN A DOCUMENT
THANKS,THANKS,1,2024-11-28,2024-11-28,1,1,0,APPRECIATION
THE BIRD,THE BIRD,1,2026-04-05,2026-04-05,1,1,0,THINGS TO FLIP
THE BLUE,THE BLUE,1,2026-05-08,2026-05-08,1,1,0,"UNEXPECTED PLACES TO BE ""OUT OF"""
THE ENTERTAINER,THE ENTERTAINER,1,2026-06-19,2026-06-19,1,1,0,THINGS A BEGINNER MIGHT LEARN ON THE PIANO
THE FAR SIDE,THE FAR SIDE,1,2026-02-22,2026-02-22,1,1,0,CLASSIC COMIC STRIPS
THE LINE,THE LINE,1,2026-02-09,2026-02-09,1,1,0,DRAW ___
THE LONGEST,THE LONGEST,1,2026-05-20,2026-05-20,1,1,0,"""___ DAY"" MOVIES"
THE LORAX,THE LORAX,1,2026-03-27,2026-03-27,1,1,0,THINGS THAT ARE ORANGE
THE OTHERS,THE OTHERS,1,2026-05-14,2026-05-14,1,1,0,PHRASES WHOSE SECOND WORDS INCLUDE THEIR FIRST WORD
THE PENTAGON,THE PENTAGON,1,2026-05-08,2026-05-08,1,1,0,FIVE-SIDED THINGS
THE SUBSTANCE,THE SUBSTANCE,1,2026-06-05,2026-06-05,1,1,0,DEMI MOORE MOVIES
THEATER,THEATER,1,2025-09-25,2025-09-25,1,1,0,"NAMED ""APOLLO"""
THEN,THEN,1,2025-02-08,2025-02-08,1,1,0,TIME ADVERBS
THEORY,THEORY,1,2024-09-26,2024-09-26,1,1,0,STRING ___
THERE,THERE,1,2026-04-30,2026-04-30,1,1,0,HOMOPHONES OF POSSESSIVE ADJECTIVES
THEREFORE,THEREFORE,1,2025-09-30,2025-09-30,1,1,0,ENDING WITH NUMBER HOMOPHONES
THEREMIN,THEREMIN,1,2025-03-22,2025-03-22,1,1,0,MUSICAL INSTRUMENTS
THERMOMETER,THERMOMETER,1,2025-02-27,2025-02-27,1,1,0,ENDING WITH UNITS OF MEASURE
THERMOSTAT,THERMOSTAT,1,2026-05-16,2026-05-16,1,1,0,"ENDING IN SYNONYMS FOR ""ASAP"""
THESAURUS,THESAURUS,1,2026-02-15,2026-02-15,1,1,0,REFERENCE BOOKS
THIGH-HIGH,THIGH-HIGH,1,2024-08-16,2024-08-16,1,1,0,KINDS OF BOOTS
THIMBLE,THIMBLE,1,2026-02-20,2026-02-20,1,1,0,ORIGINAL MONOPOLY TOKENS
THIN,THIN,1,2026-06-07,2026-06-07,1,1,0,"TRANSLUCENT, AS FABRIC"
THIN AIR,THIN AIR,1,2026-05-08,2026-05-08,1,1,0,"UNEXPECTED PLACES TO BE ""OUT OF"""
THIN ICE,THIN ICE,1,2026-01-09,2026-01-09,1,1,0,USED IN METAPHORS FOR PRECARIOUS SITUATIONS
THINGAMAJIG,THINGAMAJIG,1,2025-03-22,2025-03-22,1,1,0,KNICKKNACK
THIS GAME,THIS GAME,1,2026-03-07,2026-03-07,1,1,1,WHERE YOU MIGHT MAKE A CONNECTION
THISTLE,THISTLE,1,2026-02-24,2026-02-24,1,1,0,SYMBOLS OF SCOTLAND
THOROUGH,THOROUGH,1,2025-07-12,2025-07-12,1,1,0,DETAILED
THOUGHT,THOUGHT,1,2024-12-09,2024-12-09,1,1,0,DELIBERATION
THREADS,THREADS,1,2025-11-13,2025-11-13,1,1,0,ATTIRE
THREE DOORS DOWN,THREE DOORS DOWN,1,2026-04-01,2026-04-01,1,1,1,ROCK BANDS
THREEPEAT,THREEPEAT,1,2024-09-25,2024-09-25,1,1,0,TRIO OF SPORTS ACHIEVEMENTS
THRIFTY,THRIFTY,1,2024-08-24,2024-08-24,1,1,0,CAR RENTAL COMPANIES
THROB,THROB,1,2024-09-08,2024-09-08,1,1,0,WHAT A HEART DOES WHEN EXCITED
THROUGH,THROUGH,1,2025-09-09,2025-09-09,1,1,0,FINISHED
THUMBELINA,THUMBELINA,1,2025-10-17,2025-10-17,1,1,0,FOLKTALE CHARACTERS
THUMBS,THUMBS,1,2024-09-10,2024-09-10,1,1,0,RATINGS SYSTEMS
THUMBS UP,THUMBS UP,1,2024-10-25,2024-10-25,1,1,0,IPHONE MESSAGE TAPBACK RESPONSES
THUMBS-UP,THUMBS-UP,1,2024-06-21,2024-06-21,1,1,0,APPROVAL
THUMP,THUMP,1,2025-04-07,2025-04-07,1,1,0,THROB
TI (MUSICAL NOTE),TI (MUSICAL NOTE),1,2024-12-12,2024-12-12,1,1,1,"THINGS THAT SOUND LIKE ""T"""
TIA,TIA,1,2026-05-25,2026-05-25,1,1,0,TEXTING ABBREVIATIONS
TIANA,TIANA,1,2025-09-07,2025-09-07,1,1,0,DISNEY PRINCESSES
TICKET COUNTER,TICKET COUNTER,1,2026-03-27,2026-03-27,1,1,0,FEATURES OF AN AIRPORT TERMINAL
TICKET LINE,TICKET LINE,1,2026-04-13,2026-04-13,1,1,0,SEEN OUTSIDE A THEATER
TICKLE,TICKLE,1,2025-05-11,2025-05-11,1,1,0,MAKE HAPPY
TIDAL,TIDAL,1,2024-10-28,2024-10-28,1,1,0,AUDIO APPS
TIDAL WAVE,TIDAL WAVE,1,2025-11-27,2025-11-27,1,1,0,INUNDATION
TIDBIT,TIDBIT,1,2024-09-11,2024-09-11,1,1,0,BITS OF WISDOM
TIFF,TIFF,1,2025-11-04,2025-11-04,1,1,0,FILE EXTENSIONS
TIGERS,TIGERS,1,2024-12-24,2024-12-24,1,1,0,"“LIONS AND TIGERS AND BEARS, OH MY!”"
TILDE,TILDE,1,2026-05-30,2026-05-30,1,1,0,TYPOGRAPHICAL SYMBOLS
TILE,TILE,1,2025-09-15,2025-09-15,1,1,0,FLOORING OPTIONS
TILT,TILT,1,2025-05-01,2025-05-01,1,1,0,MOVIE CAMERA VERBS
TILT-A-WHIRL,TILT-A-WHIRL,1,2024-06-21,2024-06-21,1,1,0,AMUSEMENT PARK RIDES
TIME MACHINE,TIME MACHINE,1,2026-06-19,2026-06-19,1,1,0,STARTING WITH MAGAZINES
TIME SET,TIME SET,1,2024-08-18,2024-08-18,1,1,0,ALARM CLOCK BUTTONS
TIMEOUT,TIMEOUT,1,2025-06-17,2025-06-17,1,1,0,BAD THINGS FOR A WEBSITE TO DO
TIMES TABLES,TIMES TABLES,1,2026-05-02,2026-05-02,1,1,0,STARTING WITH NEWSPAPER NAMES
TIMING,TIMING,1,2026-02-26,2026-02-26,1,1,0,ELEMENTS OF JOKE-TELLING
TIMPANI,TIMPANI,1,2025-03-22,2025-03-22,1,1,0,MUSICAL INSTRUMENTS
TIN CAN,TIN CAN,1,2026-06-02,2026-06-02,1,1,0,ENDING IN MODAL AUXILIARY VERBS
TINE,TINE,1,2024-07-14,2024-07-14,1,1,0,SLENDER PROJECTIONS
TINGE,TINGE,1,2025-02-01,2025-02-01,1,1,0,TINT
TINGLE,TINGLE,1,2026-01-08,2026-01-08,1,1,0,BIT OF A RESPONSE TO STRONG EMOTIONS
TINT,TINT,1,2025-05-09,2025-05-09,1,1,0,TV DISPLAY SETTINGS
TIP JAR,TIP JAR,1,2025-05-12,2025-05-12,1,1,0,PLACES TO FIND PAPER MONEY
TIPTOE,TIPTOE,1,2024-08-24,2024-08-24,1,1,0,MOVE STEALTHILY
TIRE MARK,TIRE MARK,1,2025-04-28,2025-04-28,1,1,0,CLUES AT A CRIME SCENE
TIRED,TIRED,1,2025-01-02,2025-01-02,1,1,0,DOG ___
TIRES,TIRES,1,2024-12-28,2024-12-28,1,1,0,PROVERBIAL THINGS TO KICK
TIRESOME,TIRESOME,1,2026-02-10,2026-02-10,1,1,0,STARTING WITH PARTS OF A WHEEL
TITMOUSE,TITMOUSE,1,2025-07-23,2025-07-23,1,1,0,ANIMALS ENDING WITH ANIMALS
TITTLE,TITTLE,1,2024-10-25,2024-10-25,1,1,0,•
TIZZY,TIZZY,1,2024-10-01,2024-10-01,1,1,0,FLUSTERED STATE
TNT,TNT,1,2024-10-13,2024-10-13,1,1,0,ROAD RUNNER CARTOON STAPLES
TO BOOT,TO BOOT,1,2025-03-31,2025-03-31,1,1,0,ALSO
TO-DO,TO-DO,1,2025-07-05,2025-07-05,1,1,0,KINDS OF LISTS
TOADY,TOADY,1,2025-12-06,2025-12-06,1,1,0,STARTING WITH HERPETOFAUNA
TOCK,TOCK,1,2025-02-19,2025-02-19,1,1,0,SOUNDS A CUCKOO CLOCK MAKES
TOGGLE,TOGGLE,1,2026-03-05,2026-03-05,1,1,0,GO BACK AND FORTH
TOILET,TOILET,1,2025-08-16,2025-08-16,1,1,0,KINDS OF SOFT/LIGHTWEIGHT PAPER
TOILETRIES,TOILETRIES,1,2024-12-04,2024-12-04,1,1,0,STARTING WITH SYNONYMS FOR LAVATORY
TOLD,TOLD,1,2024-08-13,2024-08-13,1,1,0,STATED
TOLLBOOTH,TOLLBOOTH,1,2025-03-01,2025-03-01,1,1,0,TO-BO- COMPOUND WORDS
TOM,TOM,1,2025-10-11,2025-10-11,1,1,0,NICKNAMES THAT HAVE OTHER MEANINGS
TOM CRUISE,TOM CRUISE,1,2025-08-22,2025-08-22,1,1,0,ACTORS WHOSE LAST NAMES ARE ALSO VERBS
TOM THUMB,TOM THUMB,1,2025-10-17,2025-10-17,1,1,0,FOLKTALE CHARACTERS
TOMAHAWK,TOMAHAWK,1,2025-07-23,2025-07-23,1,1,0,KINDS OF STEAKS
TOMATO,TOMATO,1,2025-02-10,2025-02-10,1,1,0,WORDS FAMOUSLY PRONOUNCED DIFFERENT WAYS
TOMATO SAUCE,TOMATO SAUCE,1,2026-04-24,2026-04-24,1,1,0,PIZZA INGREDIENTS
TOMBOY,TOMBOY,1,2025-03-01,2025-03-01,1,1,0,TO-BO- COMPOUND WORDS
TOME,TOME,1,2026-05-12,2026-05-12,1,1,0,SUBSTANTIAL BOOK
TOMORROW,TOMORROW,1,2024-06-18,2024-06-18,1,1,0,FIRST WORD IN BOND MOVIE TITLES
TONEARM,TONEARM,1,2026-01-28,2026-01-28,1,1,0,COMPONENTS OF A RECORD PLAYER
TONIC,TONIC,1,2026-04-17,2026-04-17,1,1,0,SECOND HALVES OF DRINK NAMES
TONIGHT,TONIGHT,1,2025-03-15,2025-03-15,1,1,0,"IN “STAR LIGHT, STAR BRIGHT”"
TONSIL HOCKEY,TONSIL HOCKEY,1,2026-05-08,2026-05-08,1,1,0,CANOODLING
TONY,TONY,1,2024-12-03,2024-12-03,1,1,0,SOPRANOS
TOO CLOSE,TOO CLOSE,1,2025-06-13,2025-06-13,1,1,0,HIT SONGS OF 1998
TOOK IN,TOOK IN,1,2025-03-31,2025-03-31,1,1,0,CONSUMED
TOOL,TOOL,1,2025-01-15,2025-01-15,1,1,0,MEANS
TOOL BELT,TOOL BELT,1,2026-03-01,2026-03-01,1,1,0,CONSTRUCTION EQUIPMENT
TOOTH,TOOTH,1,2025-09-24,2025-09-24,1,1,0,SWEET ___
TOOTHBRUSH,TOOTHBRUSH,1,2024-10-05,2024-10-05,1,1,0,INVOLVED IN A DENTIST VISIT
TOOTHPASTE,TOOTHPASTE,1,2025-02-28,2025-02-28,1,1,0,COMPONENTS OF METAPHORS FOR THINGS THAT CAN’T BE UNDONE
TOP GUN,TOP GUN,1,2026-04-01,2026-04-01,1,1,1,MOVIES
TOP SECRET,TOP SECRET,1,2026-06-02,2026-06-02,1,1,0,CLANDESTINE
TOPICAL,TOPICAL,1,2026-02-18,2026-02-18,1,1,0,___ CREAM
TOPKNOT,TOPKNOT,1,2024-06-25,2024-06-25,1,1,0,SILENT “K”
TOPPINGS,TOPPINGS,1,2025-04-17,2025-04-17,1,1,0,COMPONENTS OF A PIZZA
TORCH,TORCH,1,2024-08-31,2024-08-31,1,1,0,SEEN ON BACKS OF U.S. COINS
TORN,TORN,1,2025-08-24,2025-08-24,1,1,0,RIPPED
TORNADO,TORNADO,1,2025-10-03,2025-10-03,1,1,0,THEY MOVE IN A SPIRAL
TORPEDO,TORPEDO,1,2025-05-05,2025-05-05,1,1,0,THINGS THAT ARE LONG AND CYLINDRICAL
TORRENT,TORRENT,1,2025-11-27,2025-11-27,1,1,0,INUNDATION
TORTE,TORTE,1,2024-11-21,2024-11-21,1,1,0,STARTS OF PASTA NAMES
TORTOISESHELL,TORTOISESHELL,1,2024-07-28,2024-07-28,1,1,0,CAT COAT PATTERNS
TOTALLY,TOTALLY,1,2025-03-08,2025-03-08,1,1,0,WORDS SAID FREQUENTLY IN THE “BILL AND TED” MOVIES
TOTO,TOTO,1,2025-06-14,2025-06-14,1,1,0,DOGS OF THE SCREEN
TOTORO,TOTORO,1,2026-04-23,2026-04-23,1,1,0,STARTING WITH FOUR-LETTER '80S BANDS
TOUCAN,TOUCAN,1,2025-12-09,2025-12-09,1,1,0,BEGINNING WITH NUMBER HOMOPHONES
TOUCH BASE,TOUCH BASE,1,2026-05-22,2026-05-22,1,1,0,REACH BACK OUT
TOUCH UP,TOUCH UP,1,2025-09-04,2025-09-04,1,1,0,"CLEAN UP, AS A PHOTOGRAPH"
TOUCHING,TOUCHING,1,2024-11-03,2024-11-03,1,1,0,HEARTWARMING
TOUR,TOUR,1,2025-06-17,2025-06-17,1,1,0,THINGS TO BOOK FOR A VACATION
TOURNAMENT,TOURNAMENT,1,2025-05-06,2025-05-06,1,1,0,TENNIS COMPETITION UNITS
TOWARD,TOWARD,1,2024-08-11,2024-08-11,1,1,0,REGARDING
TOWBOAT,TOWBOAT,1,2025-03-01,2025-03-01,1,1,0,TO-BO- COMPOUND WORDS
TOWED,TOWED,1,2024-12-13,2024-12-13,1,1,0,ANIMAL HOMOPHONES
TOWER,TOWER,1,2026-01-20,2026-01-20,1,1,0,FAMOUS BRIDGES
TOWER OF PISA,TOWER OF PISA,1,2025-03-10,2025-03-10,1,1,0,ATTRACTIONS ICONICALLY DIFFERENT FROM THEIR ORIGINAL FORMS
TOWNSHIP,TOWNSHIP,1,2026-05-27,2026-05-27,1,1,0,SMALL COMMUNITY
TOXIC,TOXIC,1,2024-07-02,2024-07-02,1,1,0,ADJECTIVES FOR ASSETS
TRACKPAD,TRACKPAD,1,2026-06-25,2026-06-25,1,1,0,COMPUTER PERIPHERALS
TRACTION,TRACTION,1,2026-06-15,2026-06-15,1,1,0,STAYING POWER
TRAFFIC CONE,TRAFFIC CONE,1,2026-03-27,2026-03-27,1,1,0,THINGS THAT ARE ORANGE
TRAFFIC LIGHT,TRAFFIC LIGHT,1,2026-03-19,2026-03-19,1,1,0,THINGS THAT CHANGE COLOR
TRAGEDY,TRAGEDY,1,2025-04-15,2025-04-15,1,1,0,ELEMENTS OF GREEK DRAMA
TRAIL,TRAIL,1,2025-09-19,2025-09-19,1,1,0,PAPER ___
TRAILS,TRAILS,1,2025-10-12,2025-10-12,1,1,0,HAPPY ___
TRAINEE,TRAINEE,1,2025-06-16,2025-06-16,1,1,0,STARTING WITH METHODS OF TRANSPORTATION
TRAINING,TRAINING,1,2026-05-20,2026-05-20,1,1,0,"""___ DAY"" MOVIES"
TRAITOR,TRAITOR,1,2026-02-27,2026-02-27,1,1,0,BACKSTABBER
TRAMPOLINE,TRAMPOLINE,1,2025-01-11,2025-01-11,1,1,0,OLYMPIC EVENTS SINCE 2000
TRANSFER,TRANSFER,1,2025-03-31,2025-03-31,1,1,0,ATM OPTIONS
TRAP,TRAP,1,2025-07-16,2025-07-16,1,1,0,CLOSE IN ON
TRAVERSE,TRAVERSE,1,2026-05-15,2026-05-15,1,1,0,"NAVIGATE THROUGH, AS A RIVER"
TRAY,TRAY,1,2024-11-24,2024-11-24,1,1,0,WORDS AFTER “ASH”
TRAYED,TRAYED,1,2025-10-18,2025-10-18,1,1,0,"HOMOPHONES OF SYNONYMS FOR ""VEND"""
TREASURY,TREASURY,1,2026-05-02,2026-05-02,1,1,0,U.S. CABINET DEPARTMENTS
TREATMENT,TREATMENT,1,2026-01-14,2026-01-14,1,1,0,SILENT ___
TREK,TREK,1,2025-07-26,2025-07-26,1,1,0,TRAVEL ON FOOT
TREMOR,TREMOR,1,2026-03-08,2026-03-08,1,1,0,"HORROR MOVIES MINUS ""S"""
TREND,TREND,1,2025-12-29,2025-12-29,1,1,0,TENDENCY
TRENDING,TRENDING,1,2026-06-23,2026-06-23,1,1,0,CONTENT SORTING OPTIONS ONLINE
TRENDSETTER,TRENDSETTER,1,2025-06-06,2025-06-06,1,1,0,ENDING WITH KINDS OF DOGS
TRENDY,TRENDY,1,2025-07-04,2025-07-04,1,1,0,WHAT “IN” MIGHT REFER TO
TRIATHLON,TRIATHLON,1,2025-12-29,2025-12-29,1,1,0,SUMMER OLYMPIC EVENTS
TRIBUTE,TRIBUTE,1,2024-11-27,2024-11-27,1,1,0,___ BAND
TRIFECTA,TRIFECTA,1,2024-09-25,2024-09-25,1,1,0,TRIO OF SPORTS ACHIEVEMENTS
TRIGLYCERIDE,TRIGLYCERIDE,1,2025-08-10,2025-08-10,1,1,0,"STARTING WITH MATH AND SCIENCE CLASSES, FOR SHORT"
TRILLION,TRILLION,1,2025-03-22,2025-03-22,1,1,0,WORDS WITH THE PREFIX MEANING “THREE”
TRILOBITE,TRILOBITE,1,2025-03-22,2025-03-22,1,1,0,WORDS WITH THE PREFIX MEANING “THREE”
TRIMMER,TRIMMER,1,2024-07-09,2024-07-09,1,1,0,WORDS AFTER “HEDGE”
TRINKET,TRINKET,1,2025-03-22,2025-03-22,1,1,0,KNICKKNACK
TRIP,TRIP,1,2026-01-22,2026-01-22,1,1,0,BUNGLE
TRIPLE CROWN,TRIPLE CROWN,1,2024-09-25,2024-09-25,1,1,0,TRIO OF SPORTS ACHIEVEMENTS
TRITE,TRITE,1,2026-04-15,2026-04-15,1,1,0,OVERSIMPLISTIC
TRIUMPH,TRIUMPH,1,2025-02-16,2025-02-16,1,1,0,FAMOUS PUPPETS
TRIVIA NIGHT,TRIVIA NIGHT,1,2025-10-13,2025-10-13,1,1,0,BAR EVENTS
TRIVIAL,TRIVIAL,1,2025-11-25,2025-11-25,1,1,0,SMALL-TIME
TRIX,TRIX,1,2025-09-16,2025-09-16,1,1,0,___ RABBIT
TROJAN HORSE,TROJAN HORSE,1,2025-09-28,2025-09-28,1,1,0,MALICIOUS SOFTWARE
TROMBONE,TROMBONE,1,2025-03-22,2025-03-22,1,1,0,MUSICAL INSTRUMENTS
TRON,TRON,1,2025-02-09,2025-02-09,1,1,0,SCI-FI FRANCHISES
TROPE,TROPE,1,2025-10-28,2025-10-28,1,1,0,BANALITY
TROPHY,TROPHY,1,2025-05-31,2025-05-31,1,1,0,WAYS TO RECOGNIZE ACHIEVEMENT
TROUBLE,TROUBLE,1,2026-05-27,2026-05-27,1,1,0,CLASSIC BOARD GAMES
TROUGH,TROUGH,1,2025-05-20,2025-05-20,1,1,0,SEEN IN A BARN
TROUSERS,TROUSERS,1,2026-01-07,2026-01-07,1,1,0,PRESSED USING A PRESS
TROUT,TROUT,1,2025-04-17,2025-04-17,1,1,0,BASEBALL GREATS
TRUCE,TRUCE,1,2025-02-10,2025-02-10,1,1,0,"“AAH, ENOUGH!”"
TRUCK,TRUCK,1,2026-04-22,2026-04-22,1,1,0,PICK-UP ___
TRUFFLES,TRUFFLES,1,2026-03-30,2026-03-30,1,1,0,SNACK BRANDS PLUS STARTING LETTER
TRUTH,TRUTH,1,2025-12-17,2025-12-17,1,1,0,BIBLICAL FIGURES PLUS STARTING LETTER
TRY,TRY,1,2024-08-02,2024-08-02,1,1,0,"STRETCH, AS ONE’S PATIENCE"
TSAR,TSAR,1,2025-10-04,2025-10-04,1,1,0,ANAGRAMS
TSK,TSK,1,2025-09-10,2025-09-10,1,1,0,"""YOU SHOULD KNOW BETTER!"""
TUBERCULOSIS,TUBERCULOSIS,1,2025-03-22,2025-03-22,1,1,0,WORDS ABBREVIATED WITH “T” + LETTER
TUE,TUE,1,2024-06-29,2024-06-29,1,1,0,HOMOPHONES
TUESDAY,TUESDAY,1,2024-12-23,2024-12-23,1,1,0,SUPER ___
TUFT,TUFT,1,2025-04-27,2025-04-27,1,1,0,AMOUNTS OF HAIR
TULIP,TULIP,1,2025-01-01,2025-01-01,1,1,0,DUTCH SYMBOLS
TUMBLE,TUMBLE,1,2025-10-19,2025-10-19,1,1,0,TOPPLE
TUMBLER,TUMBLER,1,2026-05-16,2026-05-16,1,1,0,GLASSWARE
TUNGSTEN,TUNGSTEN,1,2025-03-02,2025-03-02,1,1,0,WHAT “W” MIGHT STAND FOR
TUNING FORK,TUNING FORK,1,2026-01-31,2026-01-31,1,1,0,Y-SHAPED THINGS
TUNNEL,TUNNEL,1,2025-10-01,2025-10-01,1,1,0,ECHOEY PLACES
TURKISH ANGORA,TURKISH ANGORA,1,2025-03-10,2025-03-10,1,1,0,CAT BREEDS
TURN SIGNAL,TURN SIGNAL,1,2026-03-27,2026-03-27,1,1,0,ENDING IN WORDS FOR CELLULAR CONNECTIVITY
TURNCOAT,TURNCOAT,1,2026-02-27,2026-02-27,1,1,0,BACKSTABBER
TURNER,TURNER,1,2025-06-05,2025-06-05,1,1,0,BEST FEMALE ROCK PERFORMANCE GRAMMY WINNERS
TURNOVER,TURNOVER,1,2026-01-22,2026-01-22,1,1,0,FRUIT DESSERTS
TUSK,TUSK,1,2025-01-08,2025-01-08,1,1,0,DISTINCTIVE FEATURES OF AN ELEPHANT
TUT,TUT,1,2025-09-10,2025-09-10,1,1,0,KING ___
TUT TUT,TUT TUT,1,2025-09-10,2025-09-10,1,1,0,"""YOU SHOULD KNOW BETTER!"""
TUTU,TUTU,1,2026-06-18,2026-06-18,1,1,0,PEACE ACTIVISTS
TWEET,TWEET,1,2024-07-23,2024-07-23,1,1,0,LOONEY TUNES CHARACTERS MINUS A LETTER
TWICE,TWICE,1,2024-12-14,2024-12-14,1,1,0,WORDS IN AN AUCTION-ENDING PHRASE
TWISTED,TWISTED,1,2024-11-09,2024-11-09,1,1,0,CONTORTED
TWO-BIT,TWO-BIT,1,2025-11-25,2025-11-25,1,1,0,SMALL-TIME
TYCOON,TYCOON,1,2025-01-25,2025-01-25,1,1,0,WORDS DERIVED FROM JAPANESE
TYPE,TYPE,1,2025-04-02,2025-04-02,1,1,0,ILK
TYPEFACE,TYPEFACE,1,2026-06-17,2026-06-17,1,1,0,"STARTING WITH SYNONYMS FOR ""ILK"""
TYPES,TYPES,1,2024-09-10,2024-09-10,1,1,0,VARIETIES
TYRANNOSAURUS,TYRANNOSAURUS,1,2026-04-30,2026-04-30,1,1,0,"WHAT ""T"" MIGHT STAND FOR"
U,U,1,2024-12-23,2024-12-23,1,1,0,HOMOPHONES
U2,U2,1,2026-04-01,2026-04-01,1,1,1,ROCK BANDS
UBER,UBER,1,2025-07-11,2025-07-11,1,1,0,TRADEMARKS THAT HAVE BECOME VERBS
UBER RATING,UBER RATING,1,2025-04-11,2025-04-11,1,1,0,PLACES TO FIND STARS
UCONN,UCONN,1,2026-06-11,2026-06-11,1,1,0,HOMOPHONES OF SUVS
ULTRAVIOLET,ULTRAVIOLET,1,2025-11-24,2025-11-24,1,1,0,ENDING IN COLORS
UMBILICAL,UMBILICAL,1,2025-03-20,2025-03-20,1,1,0,KINDS OF CORDS
UNC,UNC,1,2026-03-10,2026-03-10,1,1,0,FAMILIAL NICKNAMES
UNCLE,UNCLE,1,2025-02-10,2025-02-10,1,1,0,"“AAH, ENOUGH!”"
UNCONSCIOUS,UNCONSCIOUS,1,2025-12-23,2025-12-23,1,1,0,FREUDIAN CONCEPTS
UNDERGROUND,UNDERGROUND,1,2025-08-05,2025-08-05,1,1,0,SUBTERRANEAN TRANSIT
UNDERLINE,UNDERLINE,1,2025-10-24,2025-10-24,1,1,0,THINGS YOU CAN DO TO TEXT
UNDERSCORE,UNDERSCORE,1,2025-02-26,2025-02-26,1,1,0,MADE WITH HORIZONTAL LINES
UNDERSTAND,UNDERSTAND,1,2024-08-05,2024-08-05,1,1,0,ARE WE CLEAR?
UNDERSTANDING,UNDERSTANDING,1,2026-01-12,2026-01-12,1,1,0,PROMISE
UNDERTAKER,UNDERTAKER,1,2025-06-20,2025-06-20,1,1,0,"PRO WRESTLING ICONS, WITH “THE”"
UNFORGETTABLE,UNFORGETTABLE,1,2025-04-25,2025-04-25,1,1,0,GREAT AMERICAN SONGBOOK SONGS
UNI,UNI,1,2025-10-20,2025-10-20,1,1,0,___CORN
UNION,UNION,1,2024-11-17,2024-11-17,1,1,0,ALLIANCE
UNIQUE,UNIQUE,1,2025-03-18,2025-03-18,1,1,0,EXCEPTIONAL
UNKNOWN,UNKNOWN,1,2024-06-25,2024-06-25,1,1,0,SILENT “K”
UNO,UNO,1,2024-10-22,2024-10-22,1,1,0,GAMES WHERE YOU SAY THE GAME’S NAME
UNREAD,UNREAD,1,2025-11-30,2025-11-30,1,1,0,ENDING IN COLOR HOMOPHONES
UNRESTRAINT,UNRESTRAINT,1,2025-03-17,2025-03-17,1,1,0,UNINHIBITEDNESS
UNUSED,UNUSED,1,2024-10-29,2024-10-29,1,1,0,IN PRISTINE CONDITION
UNWRITTEN RULE,UNWRITTEN RULE,1,2026-05-22,2026-05-22,1,1,0,THE WAY THINGS ARE DONE
UPDO,UPDO,1,2024-08-19,2024-08-19,1,1,0,STARTING WITH PIXAR MOVIES
UPGRADES,UPGRADES,1,2025-08-16,2025-08-16,1,1,0,RENOVATIONS
UPHOLD,UPHOLD,1,2024-09-29,2024-09-29,1,1,0,"MAKE GOOD ON, AS A PROMISE"
UPPERCASE,UPPERCASE,1,2026-02-08,2026-02-08,1,1,0,FEATURES OF A STRONG PASSWORD
UPPERCUT,UPPERCUT,1,2025-08-06,2025-08-06,1,1,0,BOXING PUNCHES
UPRIGHT,UPRIGHT,1,2024-08-29,2024-08-29,1,1,0,KINDS OF PIANOS
URSINE,URSINE,1,2026-06-03,2026-06-03,1,1,0,GUMMY BEAR DESCRIPTORS
USER,USER,1,2026-01-14,2026-01-14,1,1,0,RECEIVER OF GOODS OR SERVICES
UTENSILS,UTENSILS,1,2025-01-23,2025-01-23,1,1,0,PICNIC ACCESSORIES
UTILITY,UTILITY,1,2025-05-19,2025-05-19,1,1,0,SPACES ON A MONOPOLY BOARD
V,V,1,2024-12-23,2024-12-23,1,1,0,NECKLINES
VAGUE,VAGUE,1,2025-05-09,2025-05-09,1,1,0,"FUZZY, AS A MEMORY"
VALET,VALET,1,2026-01-23,2026-01-23,1,1,0,KINDS OF PARKING
VALLEY GIRL,VALLEY GIRL,1,2025-12-26,2025-12-26,1,1,0,CALIFORNIA-BASED CHARACTER TROPES
VANE,VANE,1,2025-09-17,2025-09-17,1,1,0,THEY'RE BLOWIN' IN THE WIND
VANITY,VANITY,1,2024-11-04,2024-11-04,1,1,0,FURNITURE
VAPE,VAPE,1,2025-08-23,2025-08-23,1,1,0,MODERN INVENTIONS
VAPORIZATION,VAPORIZATION,1,2025-07-21,2025-07-21,1,1,0,PHASE TRANSITIONS FOR LIQUIDS
VAPORIZE,VAPORIZE,1,2024-07-07,2024-07-07,1,1,0,CHANGE STATES OF MATTER
VARIOUS,VARIOUS,1,2025-01-07,2025-01-07,1,1,0,A HANDFUL OF
VASE,VASE,1,2025-02-10,2025-02-10,1,1,0,WORDS FAMOUSLY PRONOUNCED DIFFERENT WAYS
VAST,VAST,1,2025-04-19,2025-04-19,1,1,0,ADJECTIVES FOR A DESERT
VEG,VEG,1,2025-09-21,2025-09-21,1,1,0,RELAX
VEGEMITE,VEGEMITE,1,2026-06-19,2026-06-19,1,1,0,UMAMI-RICH FOODS
VEGGIE,VEGGIE,1,2025-05-13,2025-05-13,1,1,0,KINDS OF PIZZA
VEIL,VEIL,1,2025-08-14,2025-08-14,1,1,0,COMPONENTS OF A BRIDE’S ENSEMBLE
VELVET ROPE,VELVET ROPE,1,2026-04-13,2026-04-13,1,1,0,SEEN OUTSIDE A THEATER
VELVETEEN,VELVETEEN,1,2025-09-16,2025-09-16,1,1,0,___ RABBIT
VENDETTA,VENDETTA,1,2025-08-04,2025-08-04,1,1,0,[LETTER] (IS) FOR ___
VENDING,VENDING,1,2025-06-26,2025-06-26,1,1,0,KINDS OF MACHINES
VENEER,VENEER,1,2025-06-30,2025-06-30,1,1,0,DENTAL ADDITIONS
VENO,VENO,1,2026-06-11,2026-06-11,1,1,0,PAYMENT APPS MINUS A LETTER
VENTILATION,VENTILATION,1,2024-08-25,2024-08-25,1,1,0,WORDS THAT MAKE UP THE ACRONYM “HVAC”
VENTURE,VENTURE,1,2024-11-29,2024-11-29,1,1,0,UNDERTAKING
VENUE,VENUE,1,2025-10-29,2025-10-29,1,1,0,CHANNEL
VENUS,VENUS,1,2025-04-02,2025-04-02,1,1,0,WILLIAMSES
VERBOTEN,VERBOTEN,1,2025-11-17,2025-11-17,1,1,0,FORBIDDEN
VERDANA,VERDANA,1,2025-09-07,2025-09-07,1,1,0,FONTS
VERGE,VERGE,1,2025-06-05,2025-06-05,1,1,0,PRECIPICE
VERMOUTH,VERMOUTH,1,2025-08-19,2025-08-19,1,1,0,FORTIFIED WINES
VERSUS,VERSUS,1,2026-01-05,2026-01-05,1,1,0,"WHAT ""V"" MIGHT MEAN"
VERTICAL TRISECTION,VERTICAL TRISECTION,1,2026-05-06,2026-05-06,1,1,1,FLAG DESIGNS
VERTIGO,VERTIGO,1,2026-05-11,2026-05-11,1,1,0,DETECTIVE MOVIES
VERVE,VERVE,1,2026-06-04,2026-06-04,1,1,0,ESPRIT
VESSEL,VESSEL,1,2024-08-11,2024-08-11,1,1,0,LARGE BOAT
VESTIGE,VESTIGE,1,2026-02-15,2026-02-15,1,1,0,SOMETHING THAT BRINGS BACK MEMORIES
VEX,VEX,1,2024-12-06,2024-12-06,1,1,0,BAFFLE
VHS,VHS,1,2025-09-03,2025-09-03,1,1,0,TV-RELATED ABBREVIATIONS IN THE '80S
VIAL,VIAL,1,2025-07-11,2025-07-11,1,1,0,HOMOPHONES OF SYNONYMS FOR “DESPICABLE”
VIBE,VIBE,1,2025-01-30,2025-01-30,1,1,0,INTANGIBLE QUALITY
VICE,VICE,1,2024-08-10,2024-08-10,1,1,0,BIOPICS
VICTOR,VICTOR,1,2025-07-12,2025-07-12,1,1,0,IN THE NATO ALPHABET
VICTORY,VICTORY,1,2024-10-16,2024-10-16,1,1,0,WHAT THE OUTSTRETCHED INDEX AND MIDDLE FINGERS CAN REPRESENT
VIDEO,VIDEO,1,2024-12-02,2024-12-02,1,1,0,___ CLIP
VIKING,VIKING,1,2024-10-22,2024-10-22,1,1,0,NASA SPACECRAFT
VIKING HELMET,VIKING HELMET,1,2026-06-11,2026-06-11,1,1,0,THINGS WITH HORNS
VILE,VILE,1,2026-03-24,2026-03-24,1,1,0,DESPICABLE
VILLAGE,VILLAGE,1,2026-05-27,2026-05-27,1,1,0,SMALL COMMUNITY
VILLAGER,VILLAGER,1,2025-12-27,2025-12-27,1,1,0,ENDING WITH ALCOHOLIC BEVERAGES
VINAIGRETTE,VINAIGRETTE,1,2025-09-04,2025-09-04,1,1,0,FRENCH FOOD WORDS
VINEGAR,VINEGAR,1,2026-06-04,2026-06-04,1,1,0,ESPRIT
VINTAGE,VINTAGE,1,2024-09-14,2024-09-14,1,1,0,WINE BOTTLE INFO
VINYL RECORD,VINYL RECORD,1,2025-11-25,2025-11-25,1,1,0,THINGS YOU CAN SCRATCH
VIOLIN,VIOLIN,1,2026-04-05,2026-04-05,1,1,0,PARTS OF A SHERLOCK HOLMES COSTUME
VIPER,VIPER,1,2024-10-31,2024-10-31,1,1,0,SPORTS CARS
VIRGO,VIRGO,1,2026-03-23,2026-03-23,1,1,0,"""VIRGIN"" THINGS"
VIRUS,VIRUS,1,2025-09-28,2025-09-28,1,1,0,MALICIOUS SOFTWARE
VISCOUNT,VISCOUNT,1,2026-06-19,2026-06-19,1,1,0,"ENDING IN SYNONYMS FOR ""AGGREGATE"""
VISIBLE,VISIBLE,1,2024-08-07,2024-08-07,1,1,0,ELECTROMAGNETIC SPECTRUM
VOCAL,VOCAL,1,2025-03-20,2025-03-20,1,1,0,OUTSPOKEN
VOICE,VOICE,1,2026-06-07,2026-06-07,1,1,0,SPEAK
VOICED,VOICED,1,2024-08-13,2024-08-13,1,1,0,STATED
VOILA,VOILA,1,2025-07-30,2025-07-30,1,1,0,ANAGRAMS OF MUSICAL INSTRUMENTS
VOLARE,VOLARE,1,2026-05-30,2026-05-30,1,1,0,SONG OF THE YEAR NOMINEES AT THE FIRST GRAMMY AWARDS
VOLLEYBALL,VOLLEYBALL,1,2026-06-08,2026-06-08,1,1,0,THINGS THAT CAN BE SPIKED
VOLUMETRIC,VOLUMETRIC,1,2025-09-07,2025-09-07,1,1,0,GEOMETRY ADJECTIVES
VOW,VOW,1,2026-03-24,2026-03-24,1,1,0,FEATURES OF A WEDDING
VOX,VOX,1,2024-07-02,2024-07-02,1,1,0,LATIN WORDS
VOYAGE,VOYAGE,1,2025-06-02,2025-06-02,1,1,0,EXPEDITION
VOYAGER,VOYAGER,1,2024-10-22,2024-10-22,1,1,0,NASA SPACECRAFT
VROOM,VROOM,1,2024-10-07,2024-10-07,1,1,0,CAR ONOMATOPOEIA
VULCAN,VULCAN,1,2025-08-07,2025-08-07,1,1,0,ONES WITH POINTY EARS
WAFFLE,WAFFLE,1,2025-02-28,2025-02-28,1,1,0,BE INDECISIVE
WAFFLE IRON,WAFFLE IRON,1,2025-05-21,2025-05-21,1,1,0,THINGS THAT OPEN LIKE A CLAM
WAGON,WAGON,1,2024-10-30,2024-10-30,1,1,0,THINGS WITH WHEELS
WAH,WAH,1,2026-03-18,2026-03-18,1,1,0,GUITAR EFFECTS PEDALS
WAILER,WAILER,1,2025-09-15,2025-09-15,1,1,0,MEMBER OF A CLASSIC BACKING BAND
WAIST,WAIST,1,2026-04-19,2026-04-19,1,1,0,DRESS MEASUREMENTS
WALKER,WALKER,1,2025-05-24,2025-05-24,1,1,0,BLACK WOMEN AUTHORS
WALKIE-TALKIE,WALKIE-TALKIE,1,2024-12-16,2024-12-16,1,1,0,TYPES OF RADIO
WALLACE,WALLACE,1,2024-09-30,2024-09-30,1,1,0,CHARACTERS WITH PET DOGS
WALLOP,WALLOP,1,2025-07-09,2025-07-09,1,1,0,"ENDING IN SYNONYMS FOR ""CLIP"""
WALLS,WALLS,1,2025-04-24,2025-04-24,1,1,0,THEY HAVE LITERAL/IDIOMATIC EARS
WALTZ,WALTZ,1,2026-04-21,2026-04-21,1,1,0,AMBLE (IN)
WAND,WAND,1,2025-10-31,2025-10-31,1,1,1,CINDERELLA
WANDA,WANDA,1,2024-12-10,2024-12-10,1,1,0,COUNTRIES MINUS FIRST LETTER
WANDS,WANDS,1,2025-05-07,2025-05-07,1,1,0,TAROT MINOR ARCANA SUITS
WANT,WANT,1,2024-06-26,2024-06-26,1,1,0,___ AD
WANTING,WANTING,1,2025-05-10,2025-05-10,1,1,0,WITHOUT
WANTON,WANTON,1,2026-01-20,2026-01-20,1,1,0,"STARTING WITH SYNONYMS FOR ""HANKER FOR"""
WAR,WAR,1,2026-02-04,2026-02-04,1,1,0,GAMES OF CHANCE
WARDROBE,WARDROBE,1,2024-11-04,2024-11-04,1,1,0,FURNITURE
WARE,WARE,1,2025-07-06,2025-07-06,1,1,0,FIRED OBJECTS
WAREHOUSE,WAREHOUSE,1,2026-03-09,2026-03-09,1,1,0,"STARTING WITH THE SAME SOUND, SPELLED DIFFERENTLY"
WARPED,WARPED,1,2024-11-09,2024-11-09,1,1,0,CONTORTED
WARREN,WARREN,1,2025-11-23,2025-11-23,1,1,0,ANIMAL HOMES
WARRIOR,WARRIOR,1,2024-08-19,2024-08-19,1,1,0,YOGA POSES
WARS,WARS,1,2025-07-26,2025-07-26,1,1,0,STARTS OF EUROPEAN CAPITALS
WAS,WAS,1,2026-05-15,2026-05-15,1,1,0,NON-PALINDROMIC WORDS IN A FAMOUS PALINDROME
WASABI,WASABI,1,2026-02-26,2026-02-26,1,1,0,GREEN THINGS
WASHBOARD,WASHBOARD,1,2024-07-06,2024-07-06,1,1,0,OBJECTS PLAYED AS INSTRUMENTS
WASHCLOTH,WASHCLOTH,1,2025-05-26,2025-05-26,1,1,0,ITEMS IN A LINEN CLOSET
WASHING,WASHING,1,2024-07-17,2024-07-17,1,1,0,STARTS OF U.S. PRESIDENTS
WASP,WASP,1,2024-10-19,2024-10-19,1,1,0,THINGS THAT MIGHT STING
WATER BALLOON,WATER BALLOON,1,2024-12-16,2024-12-16,1,1,0,KINDS OF PLAY FIGHTS
WATER WINGS,WATER WINGS,1,2025-11-03,2025-11-03,1,1,0,THINGS FILLED WITH AIR
WATER WORKS,WATER WORKS,1,2026-06-27,2026-06-27,1,1,0,MONOPOLY SQUARES
WATERFALL,WATERFALL,1,2025-01-01,2025-01-01,1,1,0,ENDING WITH SYNONYMS FOR “PLUNGE”
WATERSHED,WATERSHED,1,2026-02-26,2026-02-26,1,1,0,PIVOTAL POINT
WATTLE,WATTLE,1,2026-05-01,2026-05-01,1,1,0,FEATURES OF A BIRD'S HEAD
WAVER,WAVER,1,2025-02-28,2025-02-28,1,1,0,BE INDECISIVE
WAYNE,WAYNE,1,2026-02-13,2026-02-13,1,1,0,HOMOPHONES OF WAYS TO GET SMALLER
WEAR,WEAR,1,2025-10-11,2025-10-11,1,1,0,DRESS IN
WEARABLE,WEARABLE,1,2026-03-09,2026-03-09,1,1,0,"STARTING WITH THE SAME SOUND, SPELLED DIFFERENTLY"
WEATHER VANE,WEATHER VANE,1,2026-03-12,2026-03-12,1,1,0,FEATURING BIRDS
WEAVER,WEAVER,1,2026-01-26,2026-01-26,1,1,0,ICONIC ACTRESSES
WEBBING,WEBBING,1,2026-01-18,2026-01-18,1,1,0,FEATURES OF A DUCK
WEDDING RECEPTION,WEDDING RECEPTION,1,2026-03-27,2026-03-27,1,1,0,ENDING IN WORDS FOR CELLULAR CONNECTIVITY
WEEKEND,WEEKEND,1,2026-05-12,2026-05-12,1,1,0,"""LONG"" THINGS"
WEIRD,WEIRD,1,2024-09-02,2024-09-02,1,1,0,PECULIAR
WELCOME,WELCOME,1,2025-08-17,2025-08-17,1,1,0,WORDS ON A DOOR
WELL DONE,WELL DONE,1,2024-09-21,2024-09-21,1,1,0,“GREAT JOB!”
WERE,WERE,1,2024-11-04,2024-11-04,1,1,0,WORDS WITH APOSTROPHES REMOVED
WEST,WEST,1,2025-03-02,2025-03-02,1,1,0,WHAT “W” MIGHT STAND FOR
WEST SIDE,WEST SIDE,1,2026-06-13,2026-06-13,1,1,0,"WORDS BEFORE ""STORY"" IN MOVIE TITLES"
WET DOG,WET DOG,1,2026-05-29,2026-05-29,1,1,0,SOURCES OF DISTINCTIVE SMELLS
WHAC-A-MOLE,WHAC-A-MOLE,1,2024-12-02,2024-12-02,1,1,0,THINGS INVOLVING MALLETS
WHARF,WHARF,1,2025-02-19,2025-02-19,1,1,0,STRUCTURES BY THE SHORE
WHAT IF,WHAT IF,1,2024-08-18,2024-08-18,1,1,0,“HERE’S A THOUGHT ...”
WHEELS,WHEELS,1,2026-04-16,2026-04-16,1,1,0,TRAINING ___
WHIM,WHIM,1,2025-04-02,2025-04-02,1,1,0,CAPRICE
WHIRL,WHIRL,1,2024-10-21,2024-10-21,1,1,0,___POOL
WHIRLPOOL,WHIRLPOOL,1,2025-10-01,2025-10-01,1,1,0,FAST-MOVING WATER
WHIRLWIND,WHIRLWIND,1,2025-06-30,2025-06-30,1,1,0,METAPHORS FOR A DRAMATIC AND CHAOTIC EVENT
WHISK,WHISK,1,2025-09-26,2025-09-26,1,1,0,STIR VIGOROUSLY
WHISPER,WHISPER,1,2025-09-11,2025-09-11,1,1,0,RUDE THINGS TO DO
WHISPERING,WHISPERING,1,2025-06-12,2025-06-12,1,1,0,GOSSIPING
WHISPERS,WHISPERS,1,2024-08-24,2024-08-24,1,1,0,HEARSAY
WHISTLEBLEW,WHISTLEBLEW,1,2025-11-30,2025-11-30,1,1,0,ENDING IN COLOR HOMOPHONES
WHISTLER,WHISTLER,1,2025-12-24,2025-12-24,1,1,0,WAYS TO VOCALIZE MUSICALLY PLUS A LETTER
WHITE RUSSIAN,WHITE RUSSIAN,1,2025-03-10,2025-03-10,1,1,0,ASSOCIATED WITH “THE DUDE” LEBOWSKI
WHO,WHO,1,2025-01-21,2025-01-21,1,1,0,DOCTORS IN POP CULTURE
WHOOP,WHOOP,1,2024-10-07,2024-10-07,1,1,0,SOUNDS OF LAUGHTER
WHOOPEE CUSHION,WHOOPEE CUSHION,1,2025-11-03,2025-11-03,1,1,0,THINGS FILLED WITH AIR
WHOOPIE,WHOOPIE,1,2025-07-22,2025-07-22,1,1,0,___ PIE
WHY,WHY,1,2025-12-10,2025-12-10,1,1,0,"WHAT ""Y"" MIGHT MEAN"
WI-FI,WI-FI,1,2025-08-18,2025-08-18,1,1,0,HOTEL AMENITIES
WICKET,WICKET,1,2026-04-06,2026-04-06,1,1,0,MUSICALS WITH LAST LETTER CHANGED
WIDEN,WIDEN,1,2025-01-23,2025-01-23,1,1,0,RHYMES OF U.S. PRESIDENT NAMES
WIDOW,WIDOW,1,2025-12-26,2025-12-26,1,1,0,BLACK ___
WIG,WIG,1,2025-10-19,2025-10-19,1,1,0,"LOSE IT, WITH ""OUT"""
WIIS,WIIS,1,2025-10-21,2025-10-21,1,1,0,THINGS YOU CAN CONTROL WITH REMOTES
WIKI,WIKI,1,2026-05-18,2026-05-18,1,1,0,FRUIT ANAGRAMS
WIKIPEDIA,WIKIPEDIA,1,2024-12-11,2024-12-11,1,1,0,PROPER NOUN PORTMANTEAUX
WILLIAM,WILLIAM,1,2025-02-05,2025-02-05,1,1,0,WHAT “BILL” MIGHT REFER TO
WILT,WILT,1,2025-03-13,2025-03-13,1,1,0,SHAKESPEAREAN WORDS
WINCE,WINCE,1,2026-03-18,2026-03-18,1,1,0,REACT TO A STUBBED TOE
WIND CHILL,WIND CHILL,1,2025-10-17,2025-10-17,1,1,0,WEATHER TERMS
WIND CHIME,WIND CHIME,1,2025-09-17,2025-09-17,1,1,0,THEY'RE BLOWIN' IN THE WIND
WINDBAG,WINDBAG,1,2025-08-19,2025-08-19,1,1,0,QUITE THE TALKER
WINDMILL,WINDMILL,1,2025-01-01,2025-01-01,1,1,0,DUTCH SYMBOLS
WINDSHIELD WIPER,WINDSHIELD WIPER,1,2026-03-12,2026-03-12,1,1,0,THINGS THAT MOVE BACK AND FORTH
WINE GLASS,WINE GLASS,1,2025-12-25,2025-12-25,1,1,0,THINGS WITH STEMS
WINERY,WINERY,1,2024-09-14,2024-09-14,1,1,0,WINE BOTTLE INFO
WINK,WINK,1,2024-10-31,2024-10-31,1,1,0,THINGS YOU CAN DO WITH YOUR EYELIDS
WINTERGREEN,WINTERGREEN,1,2025-04-25,2025-04-25,1,1,0,GUM FLAVORS
WIPEOUT,WIPEOUT,1,2025-10-19,2025-10-19,1,1,0,TOPPLE
WISH,WISH,1,2025-03-15,2025-03-15,1,1,0,"IN “STAR LIGHT, STAR BRIGHT”"
WISHBONE,WISHBONE,1,2026-01-31,2026-01-31,1,1,0,Y-SHAPED THINGS
WISHES,WISHES,1,2025-02-07,2025-02-07,1,1,0,ASSOCIATED WITH THE GENIE IN “ALADDIN”
WISP,WISP,1,2024-12-29,2024-12-29,1,1,0,DIFFERENT AMOUNTS OF HAIR
WIT,WIT,1,2026-03-06,2026-03-06,1,1,0,"WORDS FOR LUCIDITY, IN THE SINGULAR"
WITHDRAW,WITHDRAW,1,2024-10-06,2024-10-06,1,1,0,TURN TAIL
WITHERSPOON,WITHERSPOON,1,2024-10-09,2024-10-09,1,1,0,ENDING WITH TABLEWARE
WITS,WITS,1,2025-02-28,2025-02-28,1,1,0,LUCIDITY
WIZARD,WIZARD,1,2025-01-22,2025-01-22,1,1,0,ONES WEARING ROBES
WOLF,WOLF,1,2025-02-24,2025-02-24,1,1,0,EAT VORACIOUSLY
WOLF EEL,WOLF EEL,1,2025-11-21,2025-11-21,1,1,0,"STARTING WITH SYNONYMS FOR ""EAT"""
WOMBAT,WOMBAT,1,2025-07-23,2025-07-23,1,1,0,ANIMALS ENDING WITH ANIMALS
WONK,WONK,1,2026-05-12,2026-05-12,1,1,0,CURRENCIES PLUS A LETTER
WONKA,WONKA,1,2024-12-01,2024-12-01,1,1,0,CANDY NAMES
WOO,WOO,1,2024-06-19,2024-06-19,1,1,0,GO OUT WITH
WOODCHUCK,WOODCHUCK,1,2025-09-30,2025-09-30,1,1,0,WORDS IN A FAMOUS TONGUE TWISTER
WOODS,WOODS,1,2024-06-16,2024-06-16,1,1,0,REMOTE RURAL AREA
WOODSTOCK,WOODSTOCK,1,2025-09-30,2025-09-30,1,1,0,CARTOON BIRDS
WORCESTERSHIRE,WORCESTERSHIRE,1,2024-11-13,2024-11-13,1,1,0,WORDS THAT SEEM LONGER WRITTEN THAN SPOKEN
WORF,WORF,1,2025-12-19,2025-12-19,1,1,0,HOMOPHONES OF PLACES TO PARK A SHIP
WORK PERIOD,WORK PERIOD,1,2026-01-31,2026-01-31,1,1,0,"WHAT ""SHIFT"" MIGHT REFER TO"
WORKER,WORKER,1,2025-12-18,2025-12-18,1,1,0,SOCIAL ___
WORKSHOP,WORKSHOP,1,2024-07-03,2024-07-03,1,1,0,"DEVELOP, AS IDEAS"
WORRIES,WORRIES,1,2025-07-17,2025-07-17,1,1,0,WORDS AFTER “NO” TO MEAN “IT’S ALL GOOD”
WORST,WORST,1,2025-11-28,2025-11-28,1,1,0,ACHIEVE VICTORY OVER
WOULD,WOULD,1,2025-12-14,2025-12-14,1,1,0,"SILENT ""L"""
WOW,WOW,1,2025-04-18,2025-04-18,1,1,0,INTERJECTIONS
WRATH,WRATH,1,2026-03-16,2026-03-16,1,1,0,"SILENT ""W"""
WRECK,WRECK,1,2026-01-18,2026-01-18,1,1,0,DESTROY
WREN,WREN,1,2026-06-18,2026-06-18,1,1,0,TOOLS MINUS LAST TWO LETTERS
WRESTLE,WRESTLE,1,2026-03-16,2026-03-16,1,1,0,"SILENT ""W"""
WRESTLING,WRESTLING,1,2025-06-12,2025-06-12,1,1,0,ENGAGING IN AN ACTIVITY WITH PINS OR NEEDLES
WRISTBAND,WRISTBAND,1,2026-02-02,2026-02-02,1,1,0,CREDENTIALS FOR ENTRY
WU-TANG,WU-TANG,1,2025-07-17,2025-07-17,1,1,0,ENDING WITH FISH
WURST,WURST,1,2025-03-18,2025-03-18,1,1,0,GERMAN WORDS
XANADU,XANADU,1,2024-12-11,2024-12-11,1,1,0,UTOPIA
XEROX,XEROX,1,2024-10-05,2024-10-05,1,1,0,BRANDS THAT HAVE BECOME GENERIC TERMS
XYLOPHONE,XYLOPHONE,1,2024-12-02,2024-12-02,1,1,0,THINGS INVOLVING MALLETS
YADA YADA,YADA YADA,1,2025-07-21,2025-07-21,1,1,0,CONCEPTS FROM “SEINFELD”
YANG,YANG,1,2024-11-25,2024-11-25,1,1,0,ASSOCIATED PRINCIPLES IN CHINESE PHILOSOPHY
YARDSTICK,YARDSTICK,1,2024-11-06,2024-11-06,1,1,0,THINGS WITH FEET
YARN,YARN,1,2026-02-09,2026-02-09,1,1,0,USED IN WEAVING
YEA,YEA,1,2024-06-19,2024-06-19,1,1,0,POSITIONS IN FAVOR
YEARN,YEARN,1,2026-02-11,2026-02-11,1,1,0,ACT LOVESTRUCK
YELL,YELL,1,2026-03-18,2026-03-18,1,1,0,REACT TO A STUBBED TOE
YEOH,YEOH,1,2026-02-06,2026-02-06,1,1,0,HOMOPHONES OF GREETINGS
YEOMAN,YEOMAN,1,2025-10-06,2025-10-06,1,1,0,STARTING WITH HOMOPHONES OF GREETINGS
YIN-YANG SYMBOL,YIN-YANG SYMBOL,1,2025-08-20,2025-08-20,1,1,0,BLACK-AND-WHITE THINGS
YODEL,YODEL,1,2024-12-16,2024-12-16,1,1,0,SNACK CAKES
YOGA,YOGA,1,2024-11-07,2024-11-07,1,1,0,ANAGRAMS OF FAMOUS PAINTERS
YOGI,YOGI,1,2024-08-14,2024-08-14,1,1,0,FIRST NAMES OF YANKEES LEGENDS
YOKE,YOKE,1,2026-04-09,2026-04-09,1,1,0,"MUSCULAR, MINUS ""ED"" SOUND"
YOLO,YOLO,1,2025-11-12,2025-11-12,1,1,0,ACRONYMS
YORE,YORE,1,2026-04-30,2026-04-30,1,1,0,HOMOPHONES OF POSSESSIVE ADJECTIVES
YORK,YORK,1,2024-12-01,2024-12-01,1,1,0,CANDY NAMES
YOUNG ADULT,YOUNG ADULT,1,2025-06-23,2025-06-23,1,1,0,FICTION CATEGORIES
YOUR HEAD,YOUR HEAD,1,2025-11-25,2025-11-25,1,1,0,THINGS YOU CAN SCRATCH
YOURS,YOURS,1,2024-06-27,2024-06-27,1,1,0,ROMANTIC LETTER SIGN-OFFS
YUAN,YUAN,1,2024-12-14,2024-12-14,1,1,0,GLOBAL CURRENCIES
YUK,YUK,1,2024-10-07,2024-10-07,1,1,0,SOUNDS OF LAUGHTER
YUTZ,YUTZ,1,2026-03-30,2026-03-30,1,1,0,SNACK BRANDS PLUS STARTING LETTER
ZENITH,ZENITH,1,2025-10-24,2025-10-24,1,1,0,BEST YEARS
ZIN,ZIN,1,2025-07-13,2025-07-13,1,1,0,WINE NICKNAMES
ZINE,ZINE,1,2025-07-13,2025-07-13,1,1,0,SLANG FOR PRINTED MATTER
ZIT,ZIT,1,2024-11-21,2024-11-21,1,1,0,STARTS OF PASTA NAMES
ZITI,ZITI,1,2025-08-04,2025-08-04,1,1,0,WORDS THAT SOUNDS LIKE TWO LETTERS
ZOMBIE,ZOMBIE,1,2026-04-03,2026-04-03,1,1,0,COCKTAIL GLASSES
ZOOM CALL,ZOOM CALL,1,2025-10-01,2025-10-01,1,1,0,ECHOEY PLACES
£,£,1,2025-04-01,2025-04-01,1,1,1,CURRENCY SYMBOLS
¥,¥,1,2025-04-01,2025-04-01,1,1,1,CURRENCY SYMBOLS
€,€,1,2025-04-01,2025-04-01,1,1,1,CURRENCY SYMBOLS
→,→,1,2025-04-01,2025-04-01,1,1,1,"""RIGHT"""
⊾,⊾,1,2025-04-01,2025-04-01,1,1,1,"""RIGHT"""
●,●,1,2026-06-22,2026-06-22,1,1,0,MULTIPLICATION INDICATORS
✔,✔,1,2025-04-01,2025-04-01,1,1,1,"""RIGHT"""
